entry,length,game_strings_broken,dict_words_broken,blast_radius,example_game,example_dict,recommended_action,rationale
te,2,349,28522,28871,ignite,aaronite,SCOPE:zh,"1-2 characters: a romanized abbreviation. Meaningful in its origin market, unusable as a substring in Latin text. Keep it, restrict it to that locale."
ll,2,182,11337,11519,skills,abactinally,SCOPE:zh,"1-2 characters: a romanized abbreviation. Meaningful in its origin market, unusable as a substring in Latin text. Keep it, restrict it to that locale."
ur,2,171,8865,9036,curse,abature,SCOPE:zh,"1-2 characters: a romanized abbreviation. Meaningful in its origin market, unusable as a substring in Latin text. Keep it, restrict it to that locale."
sa,2,111,5903,6014,savage,abaisance,SCOPE:zh,"1-2 characters: a romanized abbreviation. Meaningful in its origin market, unusable as a substring in Latin text. Keep it, restrict it to that locale."
ty,2,67,5549,5616,immunity,ability,SCOPE:zh,"1-2 characters: a romanized abbreviation. Meaningful in its origin market, unusable as a substring in Latin text. Keep it, restrict it to that locale."
sm,2,39,5564,5603,smoked,abnormalism,SCOPE:zh,"1-2 characters: a romanized abbreviation. Meaningful in its origin market, unusable as a substring in Latin text. Keep it, restrict it to that locale."
rr,2,67,3645,3712,parry,abencerrages,SCOPE:zh,"1-2 characters: a romanized abbreviation. Meaningful in its origin market, unusable as a substring in Latin text. Keep it, restrict it to that locale."
the,3,40,3569,3609,withering,absinthe,DELETE,the game's own localized text uses this as a word (162 occurrences)
tt,2,58,3229,3287,attack,abattoir,SCOPE:zh,"1-2 characters: a romanized abbreviation. Meaningful in its origin market, unusable as a substring in Latin text. Keep it, restrict it to that locale."
ui,2,45,2601,2646,squid,aceanthrenequinone,SCOPE:zh,"1-2 characters: a romanized abbreviation. Meaningful in its origin market, unusable as a substring in Latin text. Keep it, restrict it to that locale."
av,2,79,2086,2165,savage,abave,SCOPE:zh,"1-2 characters: a romanized abbreviation. Meaningful in its origin market, unusable as a substring in Latin text. Keep it, restrict it to that locale."
mm,2,48,2020,2068,immunity,accommodable,SCOPE:zh,"1-2 characters: a romanized abbreviation. Meaningful in its origin market, unusable as a substring in Latin text. Keep it, restrict it to that locale."
roc,3,15,1629,1644,rocker,abrocoma,WHOLE-WORD,"an ordinary English word; keep the word, stop the substring"
ntr,3,13,1548,1561,control,acentric,WHOLE-WORD,"substring false positives (1,561 legitimate strings)"
xi,2,18,1418,1436,maximum,abaxial,SCOPE:zh,"1-2 characters: a romanized abbreviation. Meaningful in its origin market, unusable as a substring in Latin text. Keep it, restrict it to that locale."
ka,2,44,1391,1435,sakaba,abhiseka,SCOPE:zh,"1-2 characters: a romanized abbreviation. Meaningful in its origin market, unusable as a substring in Latin text. Keep it, restrict it to that locale."
dd,2,19,1033,1052,eddga,add,SCOPE:zh,"1-2 characters: a romanized abbreviation. Meaningful in its origin market, unusable as a substring in Latin text. Keep it, restrict it to that locale."
cia,3,14,986,1000,crucian,acacia,WHOLE-WORD,"substring false positives (1,000 legitimate strings)"
net,3,8,976,984,nether,abiogenetic,DELETE,the game's own localized text uses this as a word (1 occurrences)
sw,2,32,828,860,sword,afterswarm,SCOPE:zh,"1-2 characters: a romanized abbreviation. Meaningful in its origin market, unusable as a substring in Latin text. Keep it, restrict it to that locale."
xa,2,1,762,763,hexa,abraxas,SCOPE:zh,"1-2 characters: a romanized abbreviation. Meaningful in its origin market, unusable as a substring in Latin text. Keep it, restrict it to that locale."
inf,3,15,656,671,inflatable,anteroinferior,WHOLE-WORD,substring false positives (671 legitimate strings)
tm,2,11,581,592,ointment,abetment,SCOPE:zh,"1-2 characters: a romanized abbreviation. Meaningful in its origin market, unusable as a substring in Latin text. Keep it, restrict it to that locale."
gm,2,10,581,591,judgment,abridgment,SCOPE:zh,"1-2 characters: a romanized abbreviation. Meaningful in its origin market, unusable as a substring in Latin text. Keep it, restrict it to that locale."
path,4,0,479,479,,acropathology,WHOLE-WORD,"an ordinary English word; keep the word, stop the substring"
imo,3,2,426,428,grimoire,acantholimon,WHOLE-WORD,substring false positives (428 legitimate strings)
ngo,3,3,391,394,flamingo's,abongo,WHOLE-WORD,substring false positives (394 legitimate strings)
org,3,7,361,368,nydhorgg,anorgana,WHOLE-WORD,substring false positives (368 legitimate strings)
weed,4,2,324,326,seaweed,acheweed,WHOLE-WORD,"an ordinary English word; keep the word, stop the substring"
gs,2,15,289,304,dumplings,addlings,SCOPE:zh,"1-2 characters: a romanized abbreviation. Meaningful in its origin market, unusable as a substring in Latin text. Keep it, restrict it to that locale."
bt,2,2,295,297,obtain,abterminal,SCOPE:zh,"1-2 characters: a romanized abbreviation. Meaningful in its origin market, unusable as a substring in Latin text. Keep it, restrict it to that locale."
sf,2,5,276,281,misfortune,absfarad,SCOPE:zh,"1-2 characters: a romanized abbreviation. Meaningful in its origin market, unusable as a substring in Latin text. Keep it, restrict it to that locale."
sb,2,3,265,268,basbousa,adsbud,SCOPE:zh,"1-2 characters: a romanized abbreviation. Meaningful in its origin market, unusable as a substring in Latin text. Keep it, restrict it to that locale."
roco,4,1,262,263,crocodile,abrocoma,WHOLE-WORD,substring false positives (263 legitimate strings)
ml,2,5,253,258,seamless,aimless,SCOPE:zh,"1-2 characters: a romanized abbreviation. Meaningful in its origin market, unusable as a substring in Latin text. Keep it, restrict it to that locale."
cult,4,4,227,231,occult,accultural,DELETE,the game's own localized text uses this as a word (15 occurrences)
making,6,0,230,230,,axmaking,DELETE,the game's own localized text uses this as a word (1 occurrences)
df,2,6,218,224,steadfast,adfected,SCOPE:zh,"1-2 characters: a romanized abbreviation. Meaningful in its origin market, unusable as a substring in Latin text. Keep it, restrict it to that locale."
hf,2,1,198,199,scorchfire,anguishful,SCOPE:zh,"1-2 characters: a romanized abbreviation. Meaningful in its origin market, unusable as a substring in Latin text. Keep it, restrict it to that locale."
sex,3,1,198,199,sextant,ambosexous,WHOLE-WORD,"an ordinary English word; keep the word, stop the substring"
cn,2,1,164,165,picnic,acne,SCOPE:zh,"1-2 characters: a romanized abbreviation. Meaningful in its origin market, unusable as a substring in Latin text. Keep it, restrict it to that locale."
rki,3,5,160,165,hardworking,afterking,WHOLE-WORD,substring false positives (165 legitimate strings)
rape,4,2,158,160,grape,actinotherapeutic,WHOLE-WORD,"an ordinary English word; keep the word, stop the substring"
yh,2,0,159,159,,allorrhyhmia,SCOPE:zh,"1-2 characters: a romanized abbreviation. Meaningful in its origin market, unusable as a substring in Latin text. Keep it, restrict it to that locale."
master,6,11,147,158,mastery,archworkmaster,DELETE,the game's own localized text uses this as a word (103 occurrences)
sg,2,1,153,154,disguise,abasgi,SCOPE:zh,"1-2 characters: a romanized abbreviation. Meaningful in its origin market, unusable as a substring in Latin text. Keep it, restrict it to that locale."
yf,2,6,142,148,crayfish,algarsyf,SCOPE:zh,"1-2 characters: a romanized abbreviation. Meaningful in its origin market, unusable as a substring in Latin text. Keep it, restrict it to that locale."
sd,2,2,143,145,wisdom,afterwisdom,SCOPE:zh,"1-2 characters: a romanized abbreviation. Meaningful in its origin market, unusable as a substring in Latin text. Keep it, restrict it to that locale."
pw,2,0,134,134,,bishopweed,SCOPE:zh,"1-2 characters: a romanized abbreviation. Meaningful in its origin market, unusable as a substring in Latin text. Keep it, restrict it to that locale."
rfa,3,2,109,111,waterfall,afterfall,WHOLE-WORD,substring false positives (111 legitimate strings)
shop,4,6,104,110,shopper,antibishop,DELETE,the game's own localized text uses this as a word (6 occurrences)
vine,4,3,103,106,divine,aberdevine,DELETE,the game's own localized text uses this as a word (4 occurrences)
wall,4,2,102,104,firewall,backwall,DELETE,the game's own localized text uses this as a word (14 occurrences)
free,4,2,96,98,freezing,afreet,DELETE,the game's own localized text uses this as a word (1 occurrences)
gamo,4,0,96,96,,acrogamous,WHOLE-WORD,substring false positives (96 legitimate strings)
hd,2,2,84,86,birthday,archdapifer,SCOPE:zh,"1-2 characters: a romanized abbreviation. Meaningful in its origin market, unusable as a substring in Latin text. Keep it, restrict it to that locale."
doi,3,0,83,83,,acidoid,WHOLE-WORD,substring false positives (83 legitimate strings)
gd,2,3,80,83,kingdom,agdistis,SCOPE:zh,"1-2 characters: a romanized abbreviation. Meaningful in its origin market, unusable as a substring in Latin text. Keep it, restrict it to that locale."
kk,2,5,73,78,tteokbokki,akka,SCOPE:zh,"1-2 characters: a romanized abbreviation. Meaningful in its origin market, unusable as a substring in Latin text. Keep it, restrict it to that locale."
teen,4,1,72,73,sixteen,beaverteen,WHOLE-WORD,"an ordinary English word; keep the word, stop the substring"
gf,2,3,66,69,bigfoot,bagful,SCOPE:zh,"1-2 characters: a romanized abbreviation. Meaningful in its origin market, unusable as a substring in Latin text. Keep it, restrict it to that locale."
isis,4,2,64,66,crisis,anaclisis,DELETE,the game's own localized text uses this as a word (5 occurrences)
event,5,0,61,61,,beneventan,DELETE,the game's own localized text uses this as a word (1 occurrences)
urban,5,1,58,59,turban,aburban,WHOLE-WORD,"an ordinary English word; keep the word, stop the substring"
info,4,1,57,58,information,archinformer,WHOLE-WORD,substring false positives (58 legitimate strings)
tata,4,1,50,51,vitata,alintatao,WHOLE-WORD,substring false positives (51 legitimate strings)
system,6,0,50,50,,biosystematic,DELETE,the game's own localized text uses this as a word (1 occurrences)
md,2,2,47,49,heimdall,boomdas,SCOPE:zh,"1-2 characters: a romanized abbreviation. Meaningful in its origin market, unusable as a substring in Latin text. Keep it, restrict it to that locale."
suck,4,1,45,46,bloodsucker,bloodsuck,WHOLE-WORD,"an ordinary English word; keep the word, stop the substring"
sabi,4,1,44,45,disability,advisability,WHOLE-WORD,substring false positives (45 legitimate strings)
hg,2,0,43,43,,amishgo,SCOPE:zh,"1-2 characters: a romanized abbreviation. Meaningful in its origin market, unusable as a substring in Latin text. Keep it, restrict it to that locale."
admin,5,0,42,42,,adminicle,WHOLE-WORD,"an ordinary English word; keep the word, stop the substring"
china,5,0,41,41,,ceratobatrachinae,WHOLE-WORD,"an ordinary English word; keep the word, stop the substring"
ghb,3,0,41,41,,beneighbored,WHOLE-WORD,substring false positives (41 legitimate strings)
lotte,5,0,38,38,,allottee,WHOLE-WORD,"an ordinary English word; keep the word, stop the substring"
four,4,1,35,36,fourier,fourble,DELETE,the game's own localized text uses this as a word (5 occurrences)
pd,2,4,32,36,aspd,bishopdom,SCOPE:zh,"1-2 characters: a romanized abbreviation. Meaningful in its origin market, unusable as a substring in Latin text. Keep it, restrict it to that locale."
priest,6,1,34,35,priestly,antipriest,DELETE,the game's own localized text uses this as a word (13 occurrences)
isil,4,0,34,34,,amphisile,WHOLE-WORD,substring false positives (34 legitimate strings)
nmis,4,0,33,33,,enmist,WHOLE-WORD,substring false positives (33 legitimate strings)
waste,5,0,32,32,,antiwaste,WHOLE-WORD,"an ordinary English word; keep the word, stop the substring"
fw,2,0,30,30,,afwillite,SCOPE:zh,"1-2 characters: a romanized abbreviation. Meaningful in its origin market, unusable as a substring in Latin text. Keep it, restrict it to that locale."
fuc,3,0,29,29,,carbolfuchsin,WHOLE-WORD,substring false positives (29 legitimate strings)
sensual,7,0,29,29,,consensual,WHOLE-WORD,"an ordinary English word; keep the word, stop the substring"
corona,6,1,27,28,coronation,coronach,DELETE,the game's own localized text uses this as a word (8 occurrences)
wg,2,0,28,28,,blowgun,SCOPE:zh,"1-2 characters: a romanized abbreviation. Meaningful in its origin market, unusable as a substring in Latin text. Keep it, restrict it to that locale."
damn,4,1,26,27,damnation,bedamn,WHOLE-WORD,"an ordinary English word; keep the word, stop the substring"
gay,3,1,26,27,gayageum,balangay,WHOLE-WORD,"an ordinary English word; keep the word, stop the substring"
square,6,0,26,26,,asquare,WHOLE-WORD,"an ordinary English word; keep the word, stop the substring"
tank,4,0,26,26,,antitank,DELETE,the game's own localized text uses this as a word (3 occurrences)
japan,5,0,22,22,,japanee,WHOLE-WORD,"an ordinary English word; keep the word, stop the substring"
gta,3,0,19,19,,bangtail,WHOLE-WORD,substring false positives (19 legitimate strings)
jump,4,1,17,18,jumpie,buckjump,DELETE,the game's own localized text uses this as a word (3 occurrences)
shit,4,0,18,18,,bereshith,WHOLE-WORD,substring false positives (18 legitimate strings)
drug,4,0,16,16,,antidrug,WHOLE-WORD,"an ordinary English word; keep the word, stop the substring"
momo,4,0,16,16,,dynamomorphic,WHOLE-WORD,"an ordinary English word; keep the word, stop the substring"
party,5,1,15,16,party's,aspartyl,DELETE,the game's own localized text uses this as a word (12 occurrences)
swag,4,1,15,16,swagger,outswagger,WHOLE-WORD,"an ordinary English word; keep the word, stop the substring"
ghs,3,0,15,15,,boroughship,WHOLE-WORD,substring false positives (15 legitimate strings)
sucker,6,1,14,15,bloodsucker,bloodsucker,WHOLE-WORD,"an ordinary English word; keep the word, stop the substring"
dick,4,0,14,14,,dickcissel,WHOLE-WORD,"an ordinary English word; keep the word, stop the substring"
porn,4,0,14,14,,agapornis,WHOLE-WORD,substring false positives (14 legitimate strings)
chow,4,0,13,13,,chowanoc,WHOLE-WORD,"an ordinary English word; keep the word, stop the substring"
kik,3,0,13,13,,kikar,WHOLE-WORD,substring false positives (13 legitimate strings)
opium,5,0,13,13,,antiopium,WHOLE-WORD,"an ordinary English word; keep the word, stop the substring"
oriental,8,0,13,13,,deorientalize,WHOLE-WORD,"an ordinary English word; keep the word, stop the substring"
server,6,0,13,13,,conserver,DELETE,the game's own localized text uses this as a word (4 occurrences)
shabi,5,0,13,13,,crushability,WHOLE-WORD,substring false positives (13 legitimate strings)
cao,3,1,11,12,cacao,bacao,WHOLE-WORD,substring false positives (12 legitimate strings)
hemp,4,0,12,12,,archemperor,DELETE,the game's own localized text uses this as a word (1 occurrences)
slant,5,0,12,12,,aslant,WHOLE-WORD,"an ordinary English word; keep the word, stop the substring"
vv,2,0,12,12,,civvy,SCOPE:zh,"1-2 characters: a romanized abbreviation. Meaningful in its origin market, unusable as a substring in Latin text. Keep it, restrict it to that locale."
fg,2,0,11,11,,afghan,SCOPE:zh,"1-2 characters: a romanized abbreviation. Meaningful in its origin market, unusable as a substring in Latin text. Keep it, restrict it to that locale."
kao,3,0,11,11,,kaoliang,WHOLE-WORD,substring false positives (11 legitimate strings)
country,7,0,10,10,,countryfolk,WHOLE-WORD,"an ordinary English word; keep the word, stop the substring"
lsp,3,1,9,10,ahlspiess,allspice,WHOLE-WORD,substring false positives (10 legitimate strings)
awp,3,0,9,9,,drawplate,WHOLE-WORD,substring false positives (9 legitimate strings)
bastard,7,0,9,9,,abastardize,DELETE,the game's own localized text uses this as a word (1 occurrences)
client,6,0,9,9,,clientage,WHOLE-WORD,"an ordinary English word; keep the word, stop the substring"
tanke,5,0,9,9,,cantankerous,WHOLE-WORD,substring false positives (9 legitimate strings)
smack,5,0,8,8,,asmack,WHOLE-WORD,"an ordinary English word; keep the word, stop the substring"
bci,3,0,7,7,,subcinctorium,WHOLE-WORD,substring false positives (7 legitimate strings)
chink,5,0,7,7,,chinkara,WHOLE-WORD,"an ordinary English word; keep the word, stop the substring"
communist,9,0,7,7,,anticommunist,WHOLE-WORD,"an ordinary English word; keep the word, stop the substring"
falu,4,0,7,7,,falunian,WHOLE-WORD,substring false positives (7 legitimate strings)
pussy,5,0,7,7,,pussycat,WHOLE-WORD,"an ordinary English word; keep the word, stop the substring"
scag,4,0,7,7,,boscage,WHOLE-WORD,substring false positives (7 legitimate strings)
tango,5,0,7,7,,bintangor,WHOLE-WORD,"an ordinary English word; keep the word, stop the substring"
tyrant,6,0,7,7,,archtyrant,WHOLE-WORD,"an ordinary English word; keep the word, stop the substring"
lj,2,0,6,6,,aljoba,SCOPE:zh,"1-2 characters: a romanized abbreviation. Meaningful in its origin market, unusable as a substring in Latin text. Keep it, restrict it to that locale."
poppy,5,0,6,6,,poppycock,WHOLE-WORD,"an ordinary English word; keep the word, stop the substring"
administrator,13,0,5,5,,administratorship,DELETE,the game's own localized text uses this as a word (3 occurrences)
lantern,7,0,5,5,,lanternflower,DELETE,the game's own localized text uses this as a word (7 occurrences)
triangle,8,0,5,5,,triangled,DELETE,the game's own localized text uses this as a word (3 occurrences)
cf,2,0,4,4,,flicflac,SCOPE:zh,"1-2 characters: a romanized abbreviation. Meaningful in its origin market, unusable as a substring in Latin text. Keep it, restrict it to that locale."
heroin,6,0,4,4,,heroine,WHOLE-WORD,"an ordinary English word; keep the word, stop the substring"
naive,5,0,4,4,,naively,WHOLE-WORD,"an ordinary English word; keep the word, stop the substring"
panama,6,0,4,4,,panamaian,WHOLE-WORD,"an ordinary English word; keep the word, stop the substring"
penis,5,0,4,4,,hemipenis,WHOLE-WORD,"an ordinary English word; keep the word, stop the substring"
taip,4,0,4,4,,taipan,WHOLE-WORD,substring false positives (4 legitimate strings)
xtl,3,0,4,4,,camaxtli,WHOLE-WORD,substring false positives (4 legitimate strings)
banana,6,0,3,3,,bananaland,DELETE,the game's own localized text uses this as a word (3 occurrences)
freedom,7,0,3,3,,nonfreedom,DELETE,the game's own localized text uses this as a word (3 occurrences)
hacking,7,0,3,3,,bushwhacking,WHOLE-WORD,"an ordinary English word; keep the word, stop the substring"
incest,6,0,3,3,,incestuous,WHOLE-WORD,"an ordinary English word; keep the word, stop the substring"
ndsl,4,0,3,3,,hildebrandslied,WHOLE-WORD,substring false positives (3 legitimate strings)
nimab,5,0,3,3,,animability,WHOLE-WORD,substring false positives (3 legitimate strings)
tnt,3,0,3,3,,mightnt,WHOLE-WORD,substring false positives (3 legitimate strings)
aids,4,0,2,2,,bridemaidship,WHOLE-WORD,substring false positives (2 legitimate strings)
chinaman,8,0,2,2,,chinamania,WHOLE-WORD,"an ordinary English word; keep the word, stop the substring"
chinese,7,0,2,2,,achinese,WHOLE-WORD,"an ordinary English word; keep the word, stop the substring"
falun,5,0,2,2,,falunian,WHOLE-WORD,substring false positives (2 legitimate strings)
gv,2,0,2,2,,dogvane,SCOPE:zh,"1-2 characters: a romanized abbreviation. Meaningful in its origin market, unusable as a substring in Latin text. Keep it, restrict it to that locale."
jj,2,0,2,2,,avijja,SCOPE:zh,"1-2 characters: a romanized abbreviation. Meaningful in its origin market, unusable as a substring in Latin text. Keep it, restrict it to that locale."
massacre,8,0,2,2,,massacrer,WHOLE-WORD,"an ordinary English word; keep the word, stop the substring"
rivals,6,0,2,2,,corrivalship,WHOLE-WORD,substring false positives (2 legitimate strings)
sese,4,0,2,2,,niasese,WHOLE-WORD,substring false positives (2 legitimate strings)
sixty,5,0,2,2,,sixtyfold,WHOLE-WORD,"an ordinary English word; keep the word, stop the substring"
zf,2,0,2,2,,salzfelle,SCOPE:zh,"1-2 characters: a romanized abbreviation. Meaningful in its origin market, unusable as a substring in Latin text. Keep it, restrict it to that locale."
zzz,3,2,0,2,zzzheep,,WHOLE-WORD,substring false positives (2 legitimate strings)
asmr,4,0,1,1,,dharmasmriti,WHOLE-WORD,substring false positives (1 legitimate strings)
boki,4,0,1,1,,thrombokinase,WHOLE-WORD,substring false positives (1 legitimate strings)
caob,4,0,1,1,,caoba,WHOLE-WORD,substring false positives (1 legitimate strings)
ccav,4,0,1,1,,peccavi,WHOLE-WORD,substring false positives (1 legitimate strings)
cocaine,7,0,1,1,,tropacocaine,WHOLE-WORD,"an ordinary English word; keep the word, stop the substring"
dork,4,0,1,1,,dorking,WHOLE-WORD,substring false positives (1 legitimate strings)
ducai,5,0,1,1,,sadducaic,WHOLE-WORD,substring false positives (1 legitimate strings)
hanada,6,0,1,1,,thanadar,WHOLE-WORD,substring false positives (1 legitimate strings)
jb,2,0,1,1,,rajbansi,SCOPE:zh,"1-2 characters: a romanized abbreviation. Meaningful in its origin market, unusable as a substring in Latin text. Keep it, restrict it to that locale."
jk,2,0,1,1,,satlijk,SCOPE:zh,"1-2 characters: a romanized abbreviation. Meaningful in its origin market, unusable as a substring in Latin text. Keep it, restrict it to that locale."
layboy,6,0,1,1,,playboyism,WHOLE-WORD,"an ordinary English word; keep the word, stop the substring"
lll,3,0,1,1,,wallless,WHOLE-WORD,substring false positives (1 legitimate strings)
manzi,5,0,1,1,,manzil,WHOLE-WORD,substring false positives (1 legitimate strings)
npc,3,1,0,1,npcs,,DELETE,the game's own localized text uses this as a word (1 occurrences)
panhead,7,0,1,1,,panheaded,WHOLE-WORD,"an ordinary English word; keep the word, stop the substring"
playboy,7,0,1,1,,playboyism,WHOLE-WORD,"an ordinary English word; keep the word, stop the substring"
qq,2,0,1,1,,zaqqum,SCOPE:zh,"1-2 characters: a romanized abbreviation. Meaningful in its origin market, unusable as a substring in Latin text. Keep it, restrict it to that locale."
riben,5,0,1,1,,omniscribent,WHOLE-WORD,substring false positives (1 legitimate strings)
rosetang,8,0,1,1,,rosetangle,WHOLE-WORD,substring false positives (1 legitimate strings)
taiwan,6,0,1,1,,taiwanhemp,WHOLE-WORD,substring false positives (1 legitimate strings)
tatp,4,0,1,1,,tatpurusha,WHOLE-WORD,substring false positives (1 legitimate strings)
tieba,5,0,1,1,,tieback,WHOLE-WORD,substring false positives (1 legitimate strings)
virale,6,0,1,1,,virales,WHOLE-WORD,substring false positives (1 legitimate strings)
voa,3,0,1,1,,voar,WHOLE-WORD,substring false positives (1 legitimate strings)
aaaaa,5,0,0,0,,,KEEP,no measured false positives
aaomncn,7,0,0,0,,,KEEP,no measured false positives
aasosocom,9,0,0,0,,,KEEP,no measured false positives
aboluowang,10,0,0,0,,,KEEP,no measured false positives
aedaccn,7,0,0,0,,,KEEP,no measured false positives
agonlcom,8,0,0,0,,,KEEP,no measured false positives
ahkaichengcom,13,0,0,0,,,KEEP,no measured false positives
ahltourcom,10,0,0,0,,,KEEP,no measured false positives
aigoucwcom,10,0,0,0,,,KEEP,no measured false positives
ailubacom,9,0,0,0,,,KEEP,no measured false positives
ailuwangcc,10,0,0,0,,,KEEP,no measured false positives
airentiorg,10,0,0,0,,,KEEP,no measured false positives
aisiqq,6,0,0,0,,,KEEP,no measured false positives
aiwakacn,8,0,0,0,,,KEEP,no measured false positives
akinator,8,0,0,0,,,KEEP,no measured false positives
akwkfcn,7,0,0,0,,,KEEP,no measured false positives
albczcom,8,0,0,0,,,KEEP,no measured false positives
allgravurecom,13,0,0,0,,,KEEP,no measured false positives
allszyzatiewcom,15,0,0,0,,,KEEP,no measured false positives
aminedihydrochloridehydrate,27,0,0,0,,,KEEP,no measured false positives
amphetamine,11,0,0,0,,,KEEP,no measured false positives
anilinopyridine,15,0,0,0,,,KEEP,no measured false positives
anlaiyetvcom,12,0,0,0,,,KEEP,no measured false positives
anyequavcom,11,0,0,0,,,KEEP,no measured false positives
appleschinacom,14,0,0,0,,,KEEP,no measured false positives
apxingxincom,12,0,0,0,,,KEEP,no measured false positives
aqdybcc,7,0,0,0,,,KEEP,no measured false positives
asfdheegospxcom,15,0,0,0,,,KEEP,no measured false positives
asgardcncom,11,0,0,0,,,KEEP,no measured false positives
asshole,7,0,0,0,,,KEEP,no measured false positives
asswecan,8,0,0,0,,,KEEP,no measured false positives
aurameirongcom,14,0,0,0,,,KEEP,no measured false positives
avbobo,6,0,0,0,,,KEEP,no measured false positives
avfmmcom,8,0,0,0,,,KEEP,no measured false positives
avlang,6,0,0,0,,,KEEP,no measured false positives
avrmmcom,8,0,0,0,,,KEEP,no measured false positives
avsyycom,8,0,0,0,,,KEEP,no measured false positives
avttlunet,9,0,0,0,,,KEEP,no measured false positives
avwsnkmcomcn,12,0,0,0,,,KEEP,no measured false positives
avzennopostercc,15,0,0,0,,,KEEP,no measured false positives
ayyzorg,7,0,0,0,,,KEEP,no measured false positives
badoo,5,0,0,0,,,KEEP,no measured false positives
baichi,6,0,0,0,,,KEEP,no measured false positives
baiqiaotang,11,0,0,0,,,KEEP,no measured false positives
bajiu,5,0,0,0,,,KEEP,no measured false positives
baopi,5,0,0,0,,,KEEP,no measured false positives
baoyangpaiorg,13,0,0,0,,,KEEP,no measured false positives
bazhuwgcn,9,0,0,0,,,KEEP,no measured false positives
bbinme,6,0,0,0,,,KEEP,no measured false positives
bbjddcom,8,0,0,0,,,KEEP,no measured false positives
bbsbutcncom,11,0,0,0,,,KEEP,no measured false positives
bbscdbookorg,12,0,0,0,,,KEEP,no measured false positives
bbsgaytieinfo,13,0,0,0,,,KEEP,no measured false positives
bbsllzycom,10,0,0,0,,,KEEP,no measured false positives
bbspkmmo,8,0,0,0,,,KEEP,no measured false positives
bbsyoubacom,11,0,0,0,,,KEEP,no measured false positives
bbszhuankebarcom,16,0,0,0,,,KEEP,no measured false positives
bbwbevaipl,10,0,0,0,,,KEEP,no measured false positives
bcfffcom,8,0,0,0,,,KEEP,no measured false positives
bcwltforumcom,13,0,0,0,,,KEEP,no measured false positives
bdfllzscience,13,0,0,0,,,KEEP,no measured false positives
bedtime,7,0,0,0,,,DELETE,the game's own localized text uses this as a word (1 occurrences)
beetalk,7,0,0,0,,,KEEP,no measured false positives
beijingxdbjcpw,14,0,0,0,,,KEEP,no measured false positives
benchilaohujicom,16,0,0,0,,,KEEP,no measured false positives
benleishoululuxiaus,19,0,0,0,,,KEEP,no measured false positives
bensexscom,10,0,0,0,,,KEEP,no measured false positives
bgdnscn,7,0,0,0,,,KEEP,no measured false positives
biantaidianyingcom,18,0,0,0,,,KEEP,no measured false positives
biaozi,6,0,0,0,,,KEEP,no measured false positives
bibiducom,9,0,0,0,,,KEEP,no measured false positives
bibizycom,9,0,0,0,,,KEEP,no measured false positives
bigbang,7,0,0,0,,,KEEP,no measured false positives
bignews,7,0,0,0,,,KEEP,no measured false positives
bigplayers,10,0,0,0,,,KEEP,no measured false positives
bikkkkcom,9,0,0,0,,,KEEP,no measured false positives
bilibili,8,0,0,0,,,KEEP,no measured false positives
bitch,5,0,0,0,,,KEEP,no measured false positives
bizhitunet,10,0,0,0,,,KEEP,no measured false positives
bjjingyuetuancom,16,0,0,0,,,KEEP,no measured false positives
bjjqhtcn,8,0,0,0,,,KEEP,no measured false positives
bjpdjfscience,13,0,0,0,,,KEEP,no measured false positives
bjsdrbjcom,10,0,0,0,,,KEEP,no measured false positives
blackseecomcn,13,0,0,0,,,KEEP,no measured false positives
bligccn,7,0,0,0,,,KEEP,no measured false positives
blowjob,7,0,0,0,,,KEEP,no measured false positives
blowjobs,8,0,0,0,,,KEEP,no measured false positives
bluewhalechallenge,18,0,0,0,,,KEEP,no measured false positives
bmfsgngncn,10,0,0,0,,,KEEP,no measured false positives
boatonsea,9,0,0,0,,,KEEP,no measured false positives
bobajiecom,10,0,0,0,,,KEEP,no measured false positives
bobaoping,9,0,0,0,,,KEEP,no measured false positives
bobodhinfo,10,0,0,0,,,KEEP,no measured false positives
boeaszcom,9,0,0,0,,,KEEP,no measured false positives
bolgxcn,7,0,0,0,,,KEEP,no measured false positives
bougon,6,0,0,0,,,KEEP,no measured false positives
boxun,5,0,0,0,,,KEEP,no measured false positives
boyuncaicom,11,0,0,0,,,KEEP,no measured false positives
brics,5,0,0,0,,,KEEP,no measured false positives
browningcom,11,0,0,0,,,KEEP,no measured false positives
bsymjcn,7,0,0,0,,,KEEP,no measured false positives
bugyellow,9,0,0,0,,,KEEP,no measured false positives
bulaogecom,10,0,0,0,,,KEEP,no measured false positives
butykomycom,11,0,0,0,,,KEEP,no measured false positives
bwcyezcc,8,0,0,0,,,KEEP,no measured false positives
bwowdcom,8,0,0,0,,,KEEP,no measured false positives
byangyongcomcn,14,0,0,0,,,KEEP,no measured false positives
bymmmcom,8,0,0,0,,,KEEP,no measured false positives
byxmmcom,8,0,0,0,,,KEEP,no measured false positives
bzcebhcom,9,0,0,0,,,KEEP,no measured false positives
caczanfxycom,12,0,0,0,,,KEEP,no measured false positives
caichu,6,0,0,0,,,KEEP,no measured false positives
cangboqipaicom,14,0,0,0,,,KEEP,no measured false positives
canyaacom,9,0,0,0,,,KEEP,no measured false positives
caobi,5,0,0,0,,,KEEP,no measured false positives
caojinqucom,11,0,0,0,,,KEEP,no measured false positives
caokkkcom,9,0,0,0,,,KEEP,no measured false positives
caoliushequ,11,0,0,0,,,KEEP,no measured false positives
caonima,7,0,0,0,,,KEEP,no measured false positives
caoporn,7,0,0,0,,,KEEP,no measured false positives
caotama,7,0,0,0,,,KEEP,no measured false positives
carrefour,9,0,0,0,,,KEEP,no measured false positives
ccbacc,6,0,0,0,,,KEEP,no measured false positives
ccliaoinfo,10,0,0,0,,,KEEP,no measured false positives
ccmeclme,8,0,0,0,,,KEEP,no measured false positives
ccp,3,0,0,0,,,KEEP,no measured false positives
ccrtcc,6,0,0,0,,,KEEP,no measured false positives
cctekcc,7,0,0,0,,,KEEP,no measured false positives
cctvavcom,9,0,0,0,,,KEEP,no measured false positives
cdjhsmcom,9,0,0,0,,,KEEP,no measured false positives
cdmxecom,8,0,0,0,,,KEEP,no measured false positives
cdqrinbcom,10,0,0,0,,,KEEP,no measured false positives
cdreamcom,9,0,0,0,,,KEEP,no measured false positives
cdtsercom,9,0,0,0,,,KEEP,no measured false positives
ceetcom,7,0,0,0,,,KEEP,no measured false positives
chachazonghecom,15,0,0,0,,,KEEP,no measured false positives
changwei,8,0,0,0,,,KEEP,no measured false positives
chbguanwangcom,14,0,0,0,,,KEEP,no measured false positives
chendaohuafrcn,14,0,0,0,,,KEEP,no measured false positives
chinadog,8,0,0,0,,,KEEP,no measured false positives
chinahyhrcom,12,0,0,0,,,KEEP,no measured false positives
chinaliberal,12,0,0,0,,,KEEP,no measured false positives
chinamz,7,0,0,0,,,KEEP,no measured false positives
chinavfxnet,11,0,0,0,,,KEEP,no measured false positives
chinayhnet,10,0,0,0,,,KEEP,no measured false positives
chinazytcom,11,0,0,0,,,KEEP,no measured false positives
chinesenewsnet,14,0,0,0,,,KEEP,no measured false positives
chinky,6,0,0,0,,,KEEP,no measured false positives
chipengsengcn,13,0,0,0,,,KEEP,no measured false positives
chongxianmucn,13,0,0,0,,,KEEP,no measured false positives
chuyewcom,9,0,0,0,,,KEEP,no measured false positives
cipfg,5,0,0,0,,,KEEP,no measured false positives
cjhdxoccom,10,0,0,0,,,KEEP,no measured false positives
cklkwacom,9,0,0,0,,,KEEP,no measured false positives
clbearhkinfo,12,0,0,0,,,KEEP,no measured false positives
clockgemstone,13,0,0,0,,,KEEP,no measured false positives
clrpzsu,7,0,0,0,,,KEEP,no measured false positives
cnd,3,0,0,0,,,KEEP,no measured false positives
cnhongdiancom,13,0,0,0,,,KEEP,no measured false positives
cnhuakecom,10,0,0,0,,,KEEP,no measured false positives
cnm,3,0,0,0,,,KEEP,no measured false positives
cnmd,4,0,0,0,,,KEEP,no measured false positives
cnnxesucn,9,0,0,0,,,KEEP,no measured false positives
cntv,4,0,0,0,,,KEEP,no measured false positives
cntvus,6,0,0,0,,,KEEP,no measured false positives
cnxhgycom,9,0,0,0,,,KEEP,no measured false positives
coolie,6,0,0,0,,,KEEP,no measured false positives
cpc,3,0,0,0,,,KEEP,no measured false positives
cqhdjxcom,9,0,0,0,,,KEEP,no measured false positives
cqhtfycom,9,0,0,0,,,KEEP,no measured false positives
cqwlhacom,9,0,0,0,,,KEEP,no measured false positives
creaders,8,0,0,0,,,KEEP,no measured false positives
crestbone,9,0,0,0,,,KEEP,no measured false positives
crjuedqcom,10,0,0,0,,,KEEP,no measured false positives
cv,2,0,0,0,,,SCOPE:zh,"1-2 characters: a romanized abbreviation. Meaningful in its origin market, unusable as a substring in Latin text. Keep it, restrict it to that locale."
cvceocom,8,0,0,0,,,KEEP,no measured false positives
cvxnbcn,7,0,0,0,,,KEEP,no measured false positives
cxh,3,0,0,0,,,KEEP,no measured false positives
cxk,3,0,0,0,,,KEEP,no measured false positives
cygowxcom,9,0,0,0,,,KEEP,no measured false positives
dadaticom,9,0,0,0,,,KEEP,no measured false positives
dadilucc,8,0,0,0,,,KEEP,no measured false positives
dafa,4,0,0,0,,,KEEP,no measured false positives
dafaccn,7,0,0,0,,,KEEP,no measured false positives
dafeiji,7,0,0,0,,,KEEP,no measured false positives
daixinliangncn,14,0,0,0,,,KEEP,no measured false positives
daixinliangqcn,14,0,0,0,,,KEEP,no measured false positives
dajiawangcc,11,0,0,0,,,KEEP,no measured false positives
dajiyuan,8,0,0,0,,,KEEP,no measured false positives
dalianwuyecn,12,0,0,0,,,KEEP,no measured false positives
dangzhongyang,13,0,0,0,,,KEEP,no measured false positives
dartonarcherycom,16,0,0,0,,,KEEP,no measured false positives
daxuegolfcom,12,0,0,0,,,KEEP,no measured false positives
dbilucc,7,0,0,0,,,KEEP,no measured false positives
ddd,3,0,0,0,,,KEEP,no measured false positives
ddlc,4,0,0,0,,,KEEP,no measured false positives
dedeaicom,9,0,0,0,,,KEEP,no measured false positives
dedeluinfo,10,0,0,0,,,KEEP,no measured false positives
dedesecom,9,0,0,0,,,KEEP,no measured false positives
dengxiaodongccn,15,0,0,0,,,KEEP,no measured false positives
dfdz,4,0,0,0,,,KEEP,no measured false positives
dgzaccn,7,0,0,0,,,KEEP,no measured false positives
dhlvdscience,12,0,0,0,,,KEEP,no measured false positives
diamorphine,11,0,0,0,,,KEEP,no measured false positives
diao,4,0,0,0,,,KEEP,no measured false positives
diaosi,6,0,0,0,,,KEEP,no measured false positives
digitallongkingcom,18,0,0,0,,,KEEP,no measured false positives
dihaokaoshucom,14,0,0,0,,,KEEP,no measured false positives
dishun,6,0,0,0,,,KEEP,no measured false positives
dizhiga,7,0,0,0,,,KEEP,no measured false positives
djqhacn,7,0,0,0,,,KEEP,no measured false positives
dknbyorcom,10,0,0,0,,,KEEP,no measured false positives
dlcom,5,0,0,0,,,KEEP,no measured false positives
dnwjrcn,7,0,0,0,,,KEEP,no measured false positives
dolbbscom,9,0,0,0,,,KEEP,no measured false positives
donglanindustrycom,18,0,0,0,,,KEEP,no measured false positives
dongtaiwang,11,0,0,0,,,KEEP,no measured false positives
doujins,7,0,0,0,,,KEEP,no measured false positives
dpbaccn,7,0,0,0,,,KEEP,no measured false positives
dpp,3,0,0,0,,,KEEP,no measured false positives
drgaccn,7,0,0,0,,,KEEP,no measured false positives
drraccn,7,0,0,0,,,KEEP,no measured false positives
dsds,4,0,0,0,,,KEEP,no measured false positives
dsydynet,8,0,0,0,,,KEEP,no measured false positives
dtuwqcn,7,0,0,0,,,KEEP,no measured false positives
duowan,6,0,0,0,,,KEEP,no measured false positives
duowancom,9,0,0,0,,,KEEP,no measured false positives
dupin,5,0,0,0,,,KEEP,no measured false positives
durantine,9,0,0,0,,,KEEP,no measured false positives
dwotxwycom,10,0,0,0,,,KEEP,no measured false positives
dxd,3,0,0,0,,,KEEP,no measured false positives
dxnkgcn,7,0,0,0,,,KEEP,no measured false positives
dxsbhqcom,9,0,0,0,,,KEEP,no measured false positives
dymiicom,8,0,0,0,,,KEEP,no measured false positives
dzclclbzcom,11,0,0,0,,,KEEP,no measured false positives
eadimxcom,9,0,0,0,,,KEEP,no measured false positives
eahmrdcn,8,0,0,0,,,KEEP,no measured false positives
ecstasy,7,0,0,0,,,KEEP,no measured false positives
eeexaohcn,9,0,0,0,,,KEEP,no measured false positives
efgsdfcn,8,0,0,0,,,KEEP,no measured false positives
efiaaccn,8,0,0,0,,,KEEP,no measured false positives
ejetbiocom,10,0,0,0,,,KEEP,no measured false positives
elsagate,8,0,0,0,,,KEEP,no measured false positives
enlai,5,0,0,0,,,KEEP,no measured false positives
epochtaiwan,11,0,0,0,,,KEEP,no measured false positives
epochtimes,10,0,0,0,,,KEEP,no measured false positives
esprit,6,0,0,0,,,KEEP,no measured false positives
everybody,9,0,0,0,,,KEEP,no measured false positives
exkracn,7,0,0,0,,,KEEP,no measured false positives
eyxljkccom,10,0,0,0,,,KEEP,no measured false positives
falundafa,9,0,0,0,,,KEEP,no measured false positives
falungong,9,0,0,0,,,KEEP,no measured false positives
fanhaomicom,11,0,0,0,,,KEEP,no measured false positives
fasljcn,7,0,0,0,,,KEEP,no measured false positives
fdzone,6,0,0,0,,,KEEP,no measured false positives
feelmistone,11,0,0,0,,,KEEP,no measured false positives
feiqiwucom,10,0,0,0,,,KEEP,no measured false positives
feitengdlcom,12,0,0,0,,,KEEP,no measured false positives
feiwu,5,0,0,0,,,KEEP,no measured false positives
fffff,5,0,0,0,,,KEEP,no measured false positives
fgmtv,5,0,0,0,,,KEEP,no measured false positives
fhyscc,6,0,0,0,,,KEEP,no measured false positives
fisonetcom,10,0,0,0,,,KEEP,no measured false positives
fklmlcn,7,0,0,0,,,KEEP,no measured false positives
fku,3,0,0,0,,,KEEP,no measured false positives
flg,3,0,0,0,,,KEEP,no measured false positives
flmskxhcom,10,0,0,0,,,KEEP,no measured false positives
flmstcom,8,0,0,0,,,KEEP,no measured false positives
fmbeacom,8,0,0,0,,,KEEP,no measured false positives
footsiwacom,11,0,0,0,,,KEEP,no measured false positives
fq,2,0,0,0,,,SCOPE:zh,"1-2 characters: a romanized abbreviation. Meaningful in its origin market, unusable as a substring in Latin text. Keep it, restrict it to that locale."
freechina,9,0,0,0,,,KEEP,no measured false positives
freenet,7,0,0,0,,,KEEP,no measured false positives
freeprontv,10,0,0,0,,,KEEP,no measured false positives
freetibet,9,0,0,0,,,KEEP,no measured false positives
freevpnproxybyspeedyvpn,23,0,0,0,,,KEEP,no measured false positives
frtfdjncom,10,0,0,0,,,KEEP,no measured false positives
fuck,4,0,0,0,,,KEEP,no measured false positives
fuckyou,7,0,0,0,,,KEEP,no measured false positives
fuk,3,0,0,0,,,KEEP,no measured false positives
fulao,5,0,0,0,,,KEEP,no measured false positives
fuluwanet,9,0,0,0,,,KEEP,no measured false positives
fvv,3,0,0,0,,,KEEP,no measured false positives
fwrqptnuxyz,11,0,0,0,,,KEEP,no measured false positives
fxjsqccom,9,0,0,0,,,KEEP,no measured false positives
gaakkoqiscience,15,0,0,0,,,KEEP,no measured false positives
gamedog,7,0,0,0,,,KEEP,no measured false positives
gamemaster,10,0,0,0,,,KEEP,no measured false positives
gamocfx,7,0,0,0,,,KEEP,no measured false positives
ganganwocom,11,0,0,0,,,KEEP,no measured false positives
gaoshenus,9,0,0,0,,,KEEP,no measured false positives
gaoxiaotupianxiaosirencom,25,0,0,0,,,KEEP,no measured false positives
gardennetworks,14,0,0,0,,,KEEP,no measured false positives
gbtubjcom,9,0,0,0,,,KEEP,no measured false positives
gcd,3,0,0,0,,,KEEP,no measured false positives
gcrgcnwcom,10,0,0,0,,,KEEP,no measured false positives
gdp,3,0,0,0,,,KEEP,no measured false positives
gdragon,7,0,0,0,,,KEEP,no measured false positives
gegehuacom,10,0,0,0,,,KEEP,no measured false positives
gegesheavcom,12,0,0,0,,,KEEP,no measured false positives
gelexecom,9,0,0,0,,,KEEP,no measured false positives
geliweixiucom,13,0,0,0,,,KEEP,no measured false positives
geocitiescom,12,0,0,0,,,KEEP,no measured false positives
georgege,8,0,0,0,,,KEEP,no measured false positives
gfdsrtyghfdslxindasdcom,23,0,0,0,,,KEEP,no measured false positives
gfwujccom,9,0,0,0,,,KEEP,no measured false positives
gigabytecn,10,0,0,0,,,KEEP,no measured false positives
gmd,3,0,0,0,,,KEEP,no measured false positives
gmyclhiscience,14,0,0,0,,,KEEP,no measured false positives
gogonet,7,0,0,0,,,KEEP,no measured false positives
gongcandang,11,0,0,0,,,KEEP,no measured false positives
gongchadang,11,0,0,0,,,KEEP,no measured false positives
gongchandang,12,0,0,0,,,KEEP,no measured false positives
gongchangdang,13,0,0,0,,,KEEP,no measured false positives
gravurehuntercom,16,0,0,0,,,KEEP,no measured false positives
grfgrfbkdkalxcom,16,0,0,0,,,KEEP,no measured false positives
grjfnmbxyz,10,0,0,0,,,KEEP,no measured false positives
gruepin,7,0,0,0,,,KEEP,no measured false positives
gsmhacknet,10,0,0,0,,,KEEP,no measured false positives
gssmttcom,9,0,0,0,,,KEEP,no measured false positives
guaeogciscience,15,0,0,0,,,KEEP,no measured false positives
guaikacc,8,0,0,0,,,KEEP,no measured false positives
guandongyiyuancom,17,0,0,0,,,KEEP,no measured false positives
guijianyucom,12,0,0,0,,,KEEP,no measured false positives
guotaoli,8,0,0,0,,,KEEP,no measured false positives
guowengui,9,0,0,0,,,KEEP,no measured false positives
guweivpcn,9,0,0,0,,,KEEP,no measured false positives
gvardiya,8,0,0,0,,,KEEP,no measured false positives
gvjqmcuscn,10,0,0,0,,,KEEP,no measured false positives
gvqobcn,7,0,0,0,,,KEEP,no measured false positives
gwg,3,0,0,0,,,KEEP,no measured false positives
gysecc,6,0,0,0,,,KEEP,no measured false positives
gzqiuqiangcom,13,0,0,0,,,KEEP,no measured false positives
hallelujah,10,0,0,0,,,KEEP,no measured false positives
hammervpnantidpivpn,19,0,0,0,,,KEEP,no measured false positives
hangtungchow,12,0,0,0,,,KEEP,no measured false positives
hanzheng,8,0,0,0,,,KEEP,no measured false positives
haohaoliecom,12,0,0,0,,,KEEP,no measured false positives
haosilucom,10,0,0,0,,,KEEP,no measured false positives
haousecn,8,0,0,0,,,KEEP,no measured false positives
hbnzaccn,8,0,0,0,,,KEEP,no measured false positives
heixiao,7,0,0,0,,,KEEP,no measured false positives
hellotalk,9,0,0,0,,,KEEP,no measured false positives
hewaccn,7,0,0,0,,,KEEP,no measured false positives
hggjcom,7,0,0,0,,,KEEP,no measured false positives
hhhak,5,0,0,0,,,KEEP,no measured false positives
hhhk,4,0,0,0,,,KEEP,no measured false positives
hhhwxlrzwcom,12,0,0,0,,,KEEP,no measured false positives
hhqmmcom,8,0,0,0,,,KEEP,no measured false positives
hikemessenger,13,0,0,0,,,KEEP,no measured false positives
hixginfo,8,0,0,0,,,KEEP,no measured false positives
hjscjscom,9,0,0,0,,,KEEP,no measured false positives
hkqylccom,9,0,0,0,,,KEEP,no measured false positives
hldxrtzcom,10,0,0,0,,,KEEP,no measured false positives
hmiyjcn,7,0,0,0,,,KEEP,no measured false positives
hmtd,4,0,0,0,,,KEEP,no measured false positives
hndffdccom,10,0,0,0,,,KEEP,no measured false positives
hngbzsgbyycom,13,0,0,0,,,KEEP,no measured false positives
hnhoaucom,9,0,0,0,,,KEEP,no measured false positives
hololive,8,0,0,0,,,KEEP,no measured false positives
homexfcn,8,0,0,0,,,KEEP,no measured false positives
hongkongdoll,12,0,0,0,,,KEEP,no measured false positives
hongzhi,7,0,0,0,,,KEEP,no measured false positives
honkie,6,0,0,0,,,KEEP,no measured false positives
honky,5,0,0,0,,,KEEP,no measured false positives
horljcn,7,0,0,0,,,KEEP,no measured false positives
hrichina,8,0,0,0,,,KEEP,no measured false positives
http,4,0,0,0,,,KEEP,no measured false positives
httpaaaugcom,12,0,0,0,,,KEEP,no measured false positives
httpabcxoxyz,12,0,0,0,,,KEEP,no measured false positives
httpabxfuloan,13,0,0,0,,,KEEP,no measured false positives
httpaddlasfyhaknsfaxyz,22,0,0,0,,,KEEP,no measured false positives
httpadssricom,13,0,0,0,,,KEEP,no measured false positives
httpagtimetvcom,15,0,0,0,,,KEEP,no measured false positives
httpahdingniucom,16,0,0,0,,,KEEP,no measured false positives
httpaigwkcom,12,0,0,0,,,KEEP,no measured false positives
httpaimeizmcom,14,0,0,0,,,KEEP,no measured false positives
httpainiggcom,13,0,0,0,,,KEEP,no measured false positives
httpaippexpocom,15,0,0,0,,,KEEP,no measured false positives
httpaiyingocom,14,0,0,0,,,KEEP,no measured false positives
httpaliciliorg,14,0,0,0,,,KEEP,no measured false positives
httpallianzercom,16,0,0,0,,,KEEP,no measured false positives
httpalonggq,11,0,0,0,,,KEEP,no measured false positives
httpanccjjcom,13,0,0,0,,,KEEP,no measured false positives
httpancientwarsspartacom,24,0,0,0,,,KEEP,no measured false positives
httpanhuishenghongcom,21,0,0,0,,,KEEP,no measured false positives
httpanjmmcom,12,0,0,0,,,KEEP,no measured false positives
httpaolecc,10,0,0,0,,,KEEP,no measured false positives
httpasianpornmoviesorg,22,0,0,0,,,KEEP,no measured false positives
httpasnxycdcom,14,0,0,0,,,KEEP,no measured false positives
httpavavcdcom,13,0,0,0,,,KEEP,no measured false positives
httpavavtubecom,15,0,0,0,,,KEEP,no measured false positives
httpavavzyinfo,14,0,0,0,,,KEEP,no measured false positives
httpaviqydhtop,14,0,0,0,,,KEEP,no measured false positives
httpavmgcnet,12,0,0,0,,,KEEP,no measured false positives
httpavnrwcom,12,0,0,0,,,KEEP,no measured false positives
httpavpornml,12,0,0,0,,,KEEP,no measured false positives
httpavsmmgggavcom,17,0,0,0,,,KEEP,no measured false positives
httpavttyyxfcom,15,0,0,0,,,KEEP,no measured false positives
httpazzskfdownload,18,0,0,0,,,KEEP,no measured false positives
httpbabaqulucomcom,18,0,0,0,,,KEEP,no measured false positives
httpbaichangsite,16,0,0,0,,,KEEP,no measured false positives
httpbaichongsite,16,0,0,0,,,KEEP,no measured false positives
httpbaichuangsite,17,0,0,0,,,KEEP,no measured false positives
httpbaidueasycom,16,0,0,0,,,KEEP,no measured false positives
httpbaidumeinvcom,17,0,0,0,,,KEEP,no measured false positives
httpbaihuangsite,16,0,0,0,,,KEEP,no measured false positives
httpbaijiongsite,16,0,0,0,,,KEEP,no measured false positives
httpbailiutop,13,0,0,0,,,KEEP,no measured false positives
httpbairensecom,15,0,0,0,,,KEEP,no measured false positives
httpbaishuangsite,17,0,0,0,,,KEEP,no measured false positives
httpbaizhangsite,16,0,0,0,,,KEEP,no measured false positives
httpbaizhengsite,16,0,0,0,,,KEEP,no measured false positives
httpbaizhongsite,16,0,0,0,,,KEEP,no measured false positives
httpbaizhuangsite,17,0,0,0,,,KEEP,no measured false positives
httpbanchuangsite,17,0,0,0,,,KEEP,no measured false positives
httpbanduitop,13,0,0,0,,,KEEP,no measured false positives
httpbankuatop,13,0,0,0,,,KEEP,no measured false positives
httpbanluantop,14,0,0,0,,,KEEP,no measured false positives
httpbannentop,13,0,0,0,,,KEEP,no measured false positives
httpbanpaotop,13,0,0,0,,,KEEP,no measured false positives
httpbanzhangsite,16,0,0,0,,,KEEP,no measured false positives
httpbbbqorg,11,0,0,0,,,KEEP,no measured false positives
httpbbhmkmlcn,13,0,0,0,,,KEEP,no measured false positives
httpbbizlkicn,13,0,0,0,,,KEEP,no measured false positives
httpbbsaglhrcom,15,0,0,0,,,KEEP,no measured false positives
httpbbsgpsuucom,15,0,0,0,,,KEEP,no measured false positives
httpbbsnorthplusnet,19,0,0,0,,,KEEP,no measured false positives
httpbcbjhscom,13,0,0,0,,,KEEP,no measured false positives
httpbdmqtcn,11,0,0,0,,,KEEP,no measured false positives
httpbdyxdjcom,13,0,0,0,,,KEEP,no measured false positives
httpbechchinacomcn,18,0,0,0,,,KEEP,no measured false positives
httpbellekoreacom,17,0,0,0,,,KEEP,no measured false positives
httpbibixtucom,14,0,0,0,,,KEEP,no measured false positives
httpbibondcom,13,0,0,0,,,KEEP,no measured false positives
httpbigefulispace,17,0,0,0,,,KEEP,no measured false positives
httpbigmantacom,15,0,0,0,,,KEEP,no measured false positives
httpbingjiaoyacom,17,0,0,0,,,KEEP,no measured false positives
httpbiyudhcom,13,0,0,0,,,KEEP,no measured false positives
httpbjgxkdcom,13,0,0,0,,,KEEP,no measured false positives
httpbjmyfrcomcn,15,0,0,0,,,KEEP,no measured false positives
httpbjsoljcom,13,0,0,0,,,KEEP,no measured false positives
httpbjvlycom,12,0,0,0,,,KEEP,no measured false positives
httpbjxhwjcom,13,0,0,0,,,KEEP,no measured false positives
httpbjyltcccom,14,0,0,0,,,KEEP,no measured false positives
httpbmwavco,11,0,0,0,,,KEEP,no measured false positives
httpbnpiccom,12,0,0,0,,,KEEP,no measured false positives
httpbolequncom,14,0,0,0,,,KEEP,no measured false positives
httpboligangfengguancom,23,0,0,0,,,KEEP,no measured false positives
httpboobsreviewercom,20,0,0,0,,,KEEP,no measured false positives
httpbotongrubbercom,19,0,0,0,,,KEEP,no measured false positives
httpbprmucn,11,0,0,0,,,KEEP,no measured false positives
httpbqjrgwhzcomcn,17,0,0,0,,,KEEP,no measured false positives
httpbsjavcom,12,0,0,0,,,KEEP,no measured false positives
httpbtbtboytop,14,0,0,0,,,KEEP,no measured false positives
httpbtcosxcoscom,16,0,0,0,,,KEEP,no measured false positives
httpbttgcc,10,0,0,0,,,KEEP,no measured false positives
httpbuaitaocom,14,0,0,0,,,KEEP,no measured false positives
httpbugucc,10,0,0,0,,,KEEP,no measured false positives
httpbuunbkpmcn,14,0,0,0,,,KEEP,no measured false positives
httpbxbscncom,13,0,0,0,,,KEEP,no measured false positives
httpbzivvinfo,13,0,0,0,,,KEEP,no measured false positives
httpcaichongsite,16,0,0,0,,,KEEP,no measured false positives
httpcaiguangsite,16,0,0,0,,,KEEP,no measured false positives
httpcainiangsite,16,0,0,0,,,KEEP,no measured false positives
httpcaiqiongsite,16,0,0,0,,,KEEP,no measured false positives
httpcaixiongsite,16,0,0,0,,,KEEP,no measured false positives
httpcaizhuaisite,16,0,0,0,,,KEEP,no measured false positives
httpcalxonwfcom,15,0,0,0,,,KEEP,no measured false positives
httpcanchangsite,16,0,0,0,,,KEEP,no measured false positives
httpcanchengsite,16,0,0,0,,,KEEP,no measured false positives
httpcangdizhitop,16,0,0,0,,,KEEP,no measured false positives
httpcangjigepw,14,0,0,0,,,KEEP,no measured false positives
httpcanliangsite,16,0,0,0,,,KEEP,no measured false positives
httpcaobbccom,13,0,0,0,,,KEEP,no measured false positives
httpcaolvchaspace,17,0,0,0,,,KEEP,no measured false positives
httpcaoniume,12,0,0,0,,,KEEP,no measured false positives
httpcaoppinfo,13,0,0,0,,,KEEP,no measured false positives
httpcarsdesignzcom,18,0,0,0,,,KEEP,no measured false positives
httpcdcxukspace,15,0,0,0,,,KEEP,no measured false positives
httpcddasecom,13,0,0,0,,,KEEP,no measured false positives
httpcdlszmdqcn,14,0,0,0,,,KEEP,no measured false positives
httpcdsdsuperwebws,18,0,0,0,,,KEEP,no measured false positives
httpcdxyvideocom,16,0,0,0,,,KEEP,no measured false positives
httpchajuhualacom,17,0,0,0,,,KEEP,no measured false positives
httpchangyangdgcomcn,20,0,0,0,,,KEEP,no measured false positives
httpchanjuhotelcom,18,0,0,0,,,KEEP,no measured false positives
httpchaopengzxspcn,18,0,0,0,,,KEEP,no measured false positives
httpchaturbateus,16,0,0,0,,,KEEP,no measured false positives
httpchengzigoucom,17,0,0,0,,,KEEP,no measured false positives
httpchinadgzhongtiancomcn,25,0,0,0,,,KEEP,no measured false positives
httpchinahtybcom,16,0,0,0,,,KEEP,no measured false positives
httpchinaztmcom,15,0,0,0,,,KEEP,no measured false positives
httpcilidaquanme,16,0,0,0,,,KEEP,no measured false positives
httpcilifanhaonet,17,0,0,0,,,KEEP,no measured false positives
httpcilifulinet,15,0,0,0,,,KEEP,no measured false positives
httpckckdvdcom,14,0,0,0,,,KEEP,no measured false positives
httpckcqnxmmcomcn,17,0,0,0,,,KEEP,no measured false positives
httpckkkkccom,13,0,0,0,,,KEEP,no measured false positives
httpcklenet,11,0,0,0,,,KEEP,no measured false positives
httpcltaobaocom,15,0,0,0,,,KEEP,no measured false positives
httpcmrrinfo,12,0,0,0,,,KEEP,no measured false positives
httpcnbestpornclubcom,21,0,0,0,,,KEEP,no measured false positives
httpcnhkiqiyiispace,19,0,0,0,,,KEEP,no measured false positives
httpcnhkweixinqqspace,21,0,0,0,,,KEEP,no measured false positives
httpcnhkyqqqspace,17,0,0,0,,,KEEP,no measured false positives
httpcnpropornlivecom,20,0,0,0,,,KEEP,no measured false positives
httpcnyingyangcom,17,0,0,0,,,KEEP,no measured false positives
httpcnzrkjcom,13,0,0,0,,,KEEP,no measured false positives
httpcollectdiscountcom,22,0,0,0,,,KEEP,no measured false positives
httpcollegeteentubecom,22,0,0,0,,,KEEP,no measured false positives
httpcpfuqinet,13,0,0,0,,,KEEP,no measured false positives
httpcpvfnet,11,0,0,0,,,KEEP,no measured false positives
httpcqtqftxcomcn,16,0,0,0,,,KEEP,no measured false positives
httpcsyxkjkjcom,15,0,0,0,,,KEEP,no measured false positives
httpcxsfbdcom,13,0,0,0,,,KEEP,no measured false positives
httpczcltccom,13,0,0,0,,,KEEP,no measured false positives
httpczdretlhcomcn,17,0,0,0,,,KEEP,no measured false positives
httpczstjxcom,13,0,0,0,,,KEEP,no measured false positives
httpcztpsdzkjcom,16,0,0,0,,,KEEP,no measured false positives
httpcztxggcom,13,0,0,0,,,KEEP,no measured false positives
httpdaixdaodaonvcom,19,0,0,0,,,KEEP,no measured false positives
httpdanceml,11,0,0,0,,,KEEP,no measured false positives
httpdaydayluinfo,16,0,0,0,,,KEEP,no measured false positives
httpdbajkinfo,13,0,0,0,,,KEEP,no measured false positives
httpdckxgcom,12,0,0,0,,,KEEP,no measured false positives
httpdedenixyzf,14,0,0,0,,,KEEP,no measured false positives
httpdeweipipecom,16,0,0,0,,,KEEP,no measured false positives
httpdfgypcom,12,0,0,0,,,KEEP,no measured false positives
httpdfpackcom,13,0,0,0,,,KEEP,no measured false positives
httpdgltkbcom,13,0,0,0,,,KEEP,no measured false positives
httpdhybetcom,13,0,0,0,,,KEEP,no measured false positives
httpdiggbtbiz,13,0,0,0,,,KEEP,no measured false positives
httpdingzume,12,0,0,0,,,KEEP,no measured false positives
httpdivaredbagscom,18,0,0,0,,,KEEP,no measured false positives
httpdocbiz,10,0,0,0,,,KEEP,no measured false positives
httpdongdashiyecom,18,0,0,0,,,KEEP,no measured false positives
httpdongdizscom,15,0,0,0,,,KEEP,no measured false positives
httpdtmouldcom,14,0,0,0,,,KEEP,no measured false positives
httpdxchemicalcom,17,0,0,0,,,KEEP,no measured false positives
httpdxgporncom,14,0,0,0,,,KEEP,no measured false positives
httpdylunet,11,0,0,0,,,KEEP,no measured false positives
httpdyttfcomcn,14,0,0,0,,,KEEP,no measured false positives
httpdzilovecaobiz,17,0,0,0,,,KEEP,no measured false positives
httpdzxrjdcom,13,0,0,0,,,KEEP,no measured false positives
httpdzyatainet,14,0,0,0,,,KEEP,no measured false positives
httpeabdnet,11,0,0,0,,,KEEP,no measured false positives
httpeaxcnet,11,0,0,0,,,KEEP,no measured false positives
httpecpzfahqcomcn,17,0,0,0,,,KEEP,no measured false positives
httpecucvspwcomcn,17,0,0,0,,,KEEP,no measured false positives
httpeeiqnet,11,0,0,0,,,KEEP,no measured false positives
httpehuowcom,12,0,0,0,,,KEEP,no measured false positives
httpekrlnet,11,0,0,0,,,KEEP,no measured false positives
httpelectsexcom,15,0,0,0,,,KEEP,no measured false positives
httpelljnet,11,0,0,0,,,KEEP,no measured false positives
httpenmailscom,14,0,0,0,,,KEEP,no measured false positives
httpentkuqimncom,16,0,0,0,,,KEEP,no measured false positives
httpeoafnet,11,0,0,0,,,KEEP,no measured false positives
httpeozizlfecn,14,0,0,0,,,KEEP,no measured false positives
httpermsuighcn,14,0,0,0,,,KEEP,no measured false positives
httpesisacomcn,14,0,0,0,,,KEEP,no measured false positives
httpeuemnet,11,0,0,0,,,KEEP,no measured false positives
httpeuzonet,11,0,0,0,,,KEEP,no measured false positives
httpevolutionpowerusacom,24,0,0,0,,,KEEP,no measured false positives
httpeyedcspace,14,0,0,0,,,KEEP,no measured false positives
httpfagaolecom,14,0,0,0,,,KEEP,no measured false positives
httpfairylandxmcom,18,0,0,0,,,KEEP,no measured false positives
httpfaneolnet,13,0,0,0,,,KEEP,no measured false positives
httpffflacom,12,0,0,0,,,KEEP,no measured false positives
httpfhbaacom,12,0,0,0,,,KEEP,no measured false positives
httpfiehnet,11,0,0,0,,,KEEP,no measured false positives
httpfilmavorg,13,0,0,0,,,KEEP,no measured false positives
httpfjfsacc,11,0,0,0,,,KEEP,no measured false positives
httpflvodnet,12,0,0,0,,,KEEP,no measured false positives
httpfrgdscom,12,0,0,0,,,KEEP,no measured false positives
httpfsyqloinfo,14,0,0,0,,,KEEP,no measured false positives
httpftopru,10,0,0,0,,,KEEP,no measured false positives
httpfuckedteensnet,18,0,0,0,,,KEEP,no measured false positives
httpfuliaitop,13,0,0,0,,,KEEP,no measured false positives
httpfulicuanjibacom,19,0,0,0,,,KEEP,no measured false positives
httpfulidaoxyz,14,0,0,0,,,KEEP,no measured false positives
httpfuliduoduotop,17,0,0,0,,,KEEP,no measured false positives
httpfulijidinet,15,0,0,0,,,KEEP,no measured false positives
httpfulioneme,13,0,0,0,,,KEEP,no measured false positives
httpfuliziyuancom,17,0,0,0,,,KEEP,no measured false positives
httpfunmimicom,14,0,0,0,,,KEEP,no measured false positives
httpfydzbmcom,13,0,0,0,,,KEEP,no measured false positives
httpfzwlzscom,13,0,0,0,,,KEEP,no measured false positives
httpfzyxlqcom,13,0,0,0,,,KEEP,no measured false positives
httpgabundantcom,16,0,0,0,,,KEEP,no measured false positives
httpgangsuguannetcn,19,0,0,0,,,KEEP,no measured false positives
httpgayxmenscom,15,0,0,0,,,KEEP,no measured false positives
httpgbyklcom,12,0,0,0,,,KEEP,no measured false positives
httpgdhengshengcom,18,0,0,0,,,KEEP,no measured false positives
httpgdmonalisacom,17,0,0,0,,,KEEP,no measured false positives
httpgeyeaiinfo,14,0,0,0,,,KEEP,no measured false positives
httpghcleannet,14,0,0,0,,,KEEP,no measured false positives
httpgirlfcc,11,0,0,0,,,KEEP,no measured false positives
httpgirlgcc,11,0,0,0,,,KEEP,no measured false positives
httpgirlkimoavtv,16,0,0,0,,,KEEP,no measured false positives
httpgirlsyuxunplaycom,21,0,0,0,,,KEEP,no measured false positives
httpgjasqadinfo,15,0,0,0,,,KEEP,no measured false positives
httpgjxfgjcom,13,0,0,0,,,KEEP,no measured false positives
httpglxymcom,12,0,0,0,,,KEEP,no measured false positives
httpgmygiftcom,14,0,0,0,,,KEEP,no measured false positives
httpgoavbiz,11,0,0,0,,,KEEP,no measured false positives
httpgongyichangfucom,20,0,0,0,,,KEEP,no measured false positives
httpgreeccktcom,15,0,0,0,,,KEEP,no measured false positives
httpgsnuscom,12,0,0,0,,,KEEP,no measured false positives
httpgstdrwebsite,16,0,0,0,,,KEEP,no measured false positives
httpguimenyizucom,17,0,0,0,,,KEEP,no measured false positives
httpguodalinescom,17,0,0,0,,,KEEP,no measured false positives
httpgvyenet,11,0,0,0,,,KEEP,no measured false positives
httpgxyftycom,13,0,0,0,,,KEEP,no measured false positives
httpgxyljdcom,13,0,0,0,,,KEEP,no measured false positives
httpgzdzgwcom,13,0,0,0,,,KEEP,no measured false positives
httpgzmfytzcom,14,0,0,0,,,KEEP,no measured false positives
httphandgq,10,0,0,0,,,KEEP,no measured false positives
httphanxiaomocom,16,0,0,0,,,KEEP,no measured false positives
httphaodiaoritop,16,0,0,0,,,KEEP,no measured false positives
httphayyjcom,12,0,0,0,,,KEEP,no measured false positives
httphbbhnykorcomcn,18,0,0,0,,,KEEP,no measured false positives
httphbdfwlcom,13,0,0,0,,,KEEP,no measured false positives
httphbgangguancom,17,0,0,0,,,KEEP,no measured false positives
httphcfishingnet,16,0,0,0,,,KEEP,no measured false positives
httphciyycom,12,0,0,0,,,KEEP,no measured false positives
httphcqwangcn,13,0,0,0,,,KEEP,no measured false positives
httphczencom,12,0,0,0,,,KEEP,no measured false positives
httphdcaouuunet,15,0,0,0,,,KEEP,no measured false positives
httphdcaouuuorg,15,0,0,0,,,KEEP,no measured false positives
httphdhardporncom,17,0,0,0,,,KEEP,no measured false positives
httphdjaviiiinfo,16,0,0,0,,,KEEP,no measured false positives
httphdxuqiancom,15,0,0,0,,,KEEP,no measured false positives
httphengdazhanguicom,20,0,0,0,,,KEEP,no measured false positives
httphenhenrucom,15,0,0,0,,,KEEP,no measured false positives
httphfyyjjcom,13,0,0,0,,,KEEP,no measured false positives
httphhengaicom,14,0,0,0,,,KEEP,no measured false positives
httphhhmcc,10,0,0,0,,,KEEP,no measured false positives
httphigaochengcom,17,0,0,0,,,KEEP,no measured false positives
httphjwopw,10,0,0,0,,,KEEP,no measured false positives
httphjxxwcomcn,14,0,0,0,,,KEEP,no measured false positives
httphkkspcom,12,0,0,0,,,KEEP,no measured false positives
httphlxyxcom,12,0,0,0,,,KEEP,no measured false positives
httphnihcxxcn,13,0,0,0,,,KEEP,no measured false positives
httphnopenlcom,14,0,0,0,,,KEEP,no measured false positives
httphollycarehkcom,18,0,0,0,,,KEEP,no measured false positives
httphongchangyurongcom,22,0,0,0,,,KEEP,no measured false positives
httphongfeichepaicom,20,0,0,0,,,KEEP,no measured false positives
httphotesttubecom,17,0,0,0,,,KEEP,no measured false positives
httphpzoerxkssjcn,17,0,0,0,,,KEEP,no measured false positives
httphqsgcarcom,14,0,0,0,,,KEEP,no measured false positives
httphsahecn,11,0,0,0,,,KEEP,no measured false positives
httphsbaccn,11,0,0,0,,,KEEP,no measured false positives
httphshtclub,12,0,0,0,,,KEEP,no measured false positives
httphshybzcom,13,0,0,0,,,KEEP,no measured false positives
httphshyhycom,13,0,0,0,,,KEEP,no measured false positives
httphtdommcom,13,0,0,0,,,KEEP,no measured false positives
httphtmcbonline,15,0,0,0,,,KEEP,no measured false positives
httphuacongjiancom,18,0,0,0,,,KEEP,no measured false positives
httphuangdaowangnet,19,0,0,0,,,KEEP,no measured false positives
httphuanyajxcom,15,0,0,0,,,KEEP,no measured false positives
httphuigezizjcc,15,0,0,0,,,KEEP,no measured false positives
httphuijinwatercom,18,0,0,0,,,KEEP,no measured false positives
httphuoavhdcom,14,0,0,0,,,KEEP,no measured false positives
httphxlivescom,14,0,0,0,,,KEEP,no measured false positives
httphydcdcbscom,15,0,0,0,,,KEEP,no measured false positives
httphzsdyynet,13,0,0,0,,,KEEP,no measured false positives
httphzyxtccom,13,0,0,0,,,KEEP,no measured false positives
httpiatxnet,11,0,0,0,,,KEEP,no measured false positives
httpiavporndizhicom,19,0,0,0,,,KEEP,no measured false positives
httpibvtgadclcomcn,18,0,0,0,,,KEEP,no measured false positives
httpicitbjinfo,14,0,0,0,,,KEEP,no measured false positives
httpiekknet,11,0,0,0,,,KEEP,no measured false positives
httpifulidhorg,14,0,0,0,,,KEEP,no measured false positives
httpilxizbtgcn,14,0,0,0,,,KEEP,no measured false positives
httpindecentvideoscom,21,0,0,0,,,KEEP,no measured false positives
httpiwyoeinfo,13,0,0,0,,,KEEP,no measured false positives
httpiyuepaomobi,15,0,0,0,,,KEEP,no measured false positives
httpizxsecom,12,0,0,0,,,KEEP,no measured false positives
httpjbjczmlxcom,15,0,0,0,,,KEEP,no measured false positives
httpjdgjkdcom,13,0,0,0,,,KEEP,no measured false positives
httpjdnylcom,12,0,0,0,,,KEEP,no measured false positives
httpjdwhqcom,12,0,0,0,,,KEEP,no measured false positives
httpjekbjcom,12,0,0,0,,,KEEP,no measured false positives
httpjeweleggcom,15,0,0,0,,,KEEP,no measured false positives
httpjfhzfcncn,13,0,0,0,,,KEEP,no measured false positives
httpjhtechwhcom,15,0,0,0,,,KEEP,no measured false positives
httpjiqingyazhoucom,19,0,0,0,,,KEEP,no measured false positives
httpjiuelubbssourceforgenet,27,0,0,0,,,KEEP,no measured false positives
httpjiujianjiureinfo,20,0,0,0,,,KEEP,no measured false positives
httpjiureshipincn,17,0,0,0,,,KEEP,no measured false positives
httpjjnjmcn,11,0,0,0,,,KEEP,no measured false positives
httpjkjnjpjjixcomcn,19,0,0,0,,,KEEP,no measured false positives
httpjncqlscom,13,0,0,0,,,KEEP,no measured false positives
httpjnhmykcom,13,0,0,0,,,KEEP,no measured false positives
httpjnwinnerteccom,18,0,0,0,,,KEEP,no measured false positives
httpjobxncom,12,0,0,0,,,KEEP,no measured false positives
httpjowyvbdbcn,14,0,0,0,,,KEEP,no measured false positives
httpjpcrdhcom,13,0,0,0,,,KEEP,no measured false positives
httpjpfldhxyz,13,0,0,0,,,KEEP,no measured false positives
httpjqsjloicomcn,16,0,0,0,,,KEEP,no measured false positives
httpjrflagcom,13,0,0,0,,,KEEP,no measured false positives
httpjspnainfo,13,0,0,0,,,KEEP,no measured false positives
httpjunlesycom,14,0,0,0,,,KEEP,no measured false positives
httpjunshengpmcom,17,0,0,0,,,KEEP,no measured false positives
httpjwuoqvcn,12,0,0,0,,,KEEP,no measured false positives
httpjxchjgcom,13,0,0,0,,,KEEP,no measured false positives
httpjxsxnetcn,13,0,0,0,,,KEEP,no measured false positives
httpjyghswcom,13,0,0,0,,,KEEP,no measured false positives
httpkawaikidcom,15,0,0,0,,,KEEP,no measured false positives
httpkbhbspfcn,13,0,0,0,,,KEEP,no measured false positives
httpkdjfwzjjmcom,16,0,0,0,,,KEEP,no measured false positives
httpkehuanpindaocom,19,0,0,0,,,KEEP,no measured false positives
httpkepoajacom,14,0,0,0,,,KEEP,no measured false positives
httpkhdavcom,12,0,0,0,,,KEEP,no measured false positives
httpkkkjjcom,12,0,0,0,,,KEEP,no measured false positives
httpklvgecom,12,0,0,0,,,KEEP,no measured false positives
httpkmwonrcn,12,0,0,0,,,KEEP,no measured false positives
httpkmzhentancn,15,0,0,0,,,KEEP,no measured false positives
httpkrszzspace,14,0,0,0,,,KEEP,no measured false positives
httpkscompressorcom,19,0,0,0,,,KEEP,no measured false positives
httpkuaitvorg,13,0,0,0,,,KEEP,no measured false positives
httpkwikjcom,12,0,0,0,,,KEEP,no measured false positives
httpkymfbcom,12,0,0,0,,,KEEP,no measured false positives
httplansedhtop,14,0,0,0,,,KEEP,no measured false positives
httplaokinfo,12,0,0,0,,,KEEP,no measured false positives
httplaurenluxecom,17,0,0,0,,,KEEP,no measured false positives
httplcsdlcom,12,0,0,0,,,KEEP,no measured false positives
httplcwaprackcom,16,0,0,0,,,KEEP,no measured false positives
httplcwctfccom,14,0,0,0,,,KEEP,no measured false positives
httplczrmvorg,13,0,0,0,,,KEEP,no measured false positives
httpleagueofhentaicom,21,0,0,0,,,KEEP,no measured false positives
httplfdaovcom,13,0,0,0,,,KEEP,no measured false positives
httpliayexccom,14,0,0,0,,,KEEP,no measured false positives
httplicktoolscomcn,18,0,0,0,,,KEEP,no measured false positives
httplifeselectorcom,19,0,0,0,,,KEEP,no measured false positives
httplifwtloan,13,0,0,0,,,KEEP,no measured false positives
httplitesunnetcom,17,0,0,0,,,KEEP,no measured false positives
httplittlegirlsporncom,22,0,0,0,,,KEEP,no measured false positives
httpliuxueshengjpcom,20,0,0,0,,,KEEP,no measured false positives
httplltupcom,12,0,0,0,,,KEEP,no measured false positives
httplnzqztinfo,14,0,0,0,,,KEEP,no measured false positives
httploujzcom,12,0,0,0,,,KEEP,no measured false positives
httplshtbjcom,13,0,0,0,,,KEEP,no measured false positives
httplshzxxcom,13,0,0,0,,,KEEP,no measured false positives
httplsjaapw,11,0,0,0,,,KEEP,no measured false positives
httplsjbbbcom,13,0,0,0,,,KEEP,no measured false positives
httplsjbbpw,11,0,0,0,,,KEEP,no measured false positives
httplsjdpw,10,0,0,0,,,KEEP,no measured false positives
httplsjeepw,11,0,0,0,,,KEEP,no measured false positives
httplsjkfcom,12,0,0,0,,,KEEP,no measured false positives
httplsjmocom,12,0,0,0,,,KEEP,no measured false positives
httplsjmopw,11,0,0,0,,,KEEP,no measured false positives
httplsjtn,9,0,0,0,,,KEEP,no measured false positives
httplsjtupiancom,16,0,0,0,,,KEEP,no measured false positives
httplsjzpw,10,0,0,0,,,KEEP,no measured false positives
httplswdaorg,12,0,0,0,,,KEEP,no measured false positives
httplswqncom,12,0,0,0,,,KEEP,no measured false positives
httplsxdnycom,13,0,0,0,,,KEEP,no measured false positives
httplubaijingdaxiangjiaowacom,29,0,0,0,,,KEEP,no measured false positives
httpluhunnetcn,14,0,0,0,,,KEEP,no measured false positives
httpluhusewin,13,0,0,0,,,KEEP,no measured false positives
httpluiixcom,12,0,0,0,,,KEEP,no measured false positives
httplulusewcom,14,0,0,0,,,KEEP,no measured false positives
httpluolitxtk,13,0,0,0,,,KEEP,no measured false positives
httplupaishipincn,17,0,0,0,,,KEEP,no measured false positives
httpluxizhijicom,16,0,0,0,,,KEEP,no measured false positives
httplywwinfo,12,0,0,0,,,KEEP,no measured false positives
httplyyanlaodacom,17,0,0,0,,,KEEP,no measured false positives
httplyyjomcomcn,15,0,0,0,,,KEEP,no measured false positives
httplzliruicom,14,0,0,0,,,KEEP,no measured false positives
httpmaikekacom,14,0,0,0,,,KEEP,no measured false positives
httpmamakcndwfzcomcn,20,0,0,0,,,KEEP,no measured false positives
httpmanqulutv,13,0,0,0,,,KEEP,no measured false positives
httpmasclcn,11,0,0,0,,,KEEP,no measured false positives
httpmatrivinfo,14,0,0,0,,,KEEP,no measured false positives
httpmaturetubepornxyz,21,0,0,0,,,KEEP,no measured false positives
httpmavttyyxfcom,16,0,0,0,,,KEEP,no measured false positives
httpmbmwenco,12,0,0,0,,,KEEP,no measured false positives
httpmddukflinfo,15,0,0,0,,,KEEP,no measured false positives
httpmeipaifushicn,17,0,0,0,,,KEEP,no measured false positives
httpmenttinfo,13,0,0,0,,,KEEP,no measured false positives
httpmerrimackvalleyorg,22,0,0,0,,,KEEP,no measured false positives
httpmessengerprovidesupportnet,30,0,0,0,,,KEEP,no measured false positives
httpmfeilaoyingshicom,21,0,0,0,,,KEEP,no measured false positives
httpmgulmnfcn,13,0,0,0,,,KEEP,no measured false positives
httpminglistonecom,18,0,0,0,,,KEEP,no measured false positives
httpmingpinmjcom,16,0,0,0,,,KEEP,no measured false positives
httpmjmgistcn,13,0,0,0,,,KEEP,no measured false positives
httpmkexuezixunzzscom,21,0,0,0,,,KEEP,no measured false positives
httpmkonlancom,14,0,0,0,,,KEEP,no measured false positives
httpmlbywwiqcn,14,0,0,0,,,KEEP,no measured false positives
httpmlojuancc,13,0,0,0,,,KEEP,no measured false positives
httpmlushiyexcn,15,0,0,0,,,KEEP,no measured false positives
httpmlwxscom,12,0,0,0,,,KEEP,no measured false positives
httpmmhsncom,12,0,0,0,,,KEEP,no measured false positives
httpmoveedgecom,15,0,0,0,,,KEEP,no measured false positives
httpmoviedaumnet,16,0,0,0,,,KEEP,no measured false positives
httpmpmzjwebsite,16,0,0,0,,,KEEP,no measured false positives
httpmqdxueyancom,16,0,0,0,,,KEEP,no measured false positives
httpmqisbookcom,15,0,0,0,,,KEEP,no measured false positives
httpmqwnhubodcomcn,18,0,0,0,,,KEEP,no measured false positives
httpmsklbzcom,13,0,0,0,,,KEEP,no measured false positives
httpmslsjcom,12,0,0,0,,,KEEP,no measured false positives
httpmtmetbcom,13,0,0,0,,,KEEP,no measured false positives
httpmuhennet,12,0,0,0,,,KEEP,no measured false positives
httpmwpgiqvwjdmcomcn,20,0,0,0,,,KEEP,no measured false positives
httpmxttkyhcomcn,16,0,0,0,,,KEEP,no measured false positives
httpmxxxnxxxx,13,0,0,0,,,KEEP,no measured false positives
httpmxzbucozcom,15,0,0,0,,,KEEP,no measured false positives
httpmxzcrcom,12,0,0,0,,,KEEP,no measured false positives
httpmzbjgscom,13,0,0,0,,,KEEP,no measured false positives
httpnaishuiccorg,16,0,0,0,,,KEEP,no measured false positives
httpnaojingorg,14,0,0,0,,,KEEP,no measured false positives
httpnaosangmucom,16,0,0,0,,,KEEP,no measured false positives
httpnbchengmingnet,18,0,0,0,,,KEEP,no measured false positives
httpnbcomingcom,15,0,0,0,,,KEEP,no measured false positives
httpnbsmautocom,15,0,0,0,,,KEEP,no measured false positives
httpnfpoooocomcn,16,0,0,0,,,KEEP,no measured false positives
httpniaofulinet,15,0,0,0,,,KEEP,no measured false positives
httpnikepumacom,15,0,0,0,,,KEEP,no measured false positives
httpniuniudhcom,15,0,0,0,,,KEEP,no measured false positives
httpnjchenglongcom,18,0,0,0,,,KEEP,no measured false positives
httpnjcrhcom,12,0,0,0,,,KEEP,no measured false positives
httpnjswcncom,13,0,0,0,,,KEEP,no measured false positives
httpnjxsjywcom,14,0,0,0,,,KEEP,no measured false positives
httpntsthdcom,13,0,0,0,,,KEEP,no measured false positives
httpntzpejcomcn,15,0,0,0,,,KEEP,no measured false positives
httpnvshenretk,14,0,0,0,,,KEEP,no measured false positives
httpnyuupjinfo,14,0,0,0,,,KEEP,no measured false positives
httpnzwekqjinfo,15,0,0,0,,,KEEP,no measured false positives
httpodbelmocn,13,0,0,0,,,KEEP,no measured false positives
httpoeddscom,12,0,0,0,,,KEEP,no measured false positives
httpoeeeeocom,13,0,0,0,,,KEEP,no measured false positives
httpoengeivcn,13,0,0,0,,,KEEP,no measured false positives
httpokmxocspace,15,0,0,0,,,KEEP,no measured false positives
httpomgwbailibbgovcn,20,0,0,0,,,KEEP,no measured false positives
httponeasccom,13,0,0,0,,,KEEP,no measured false positives
httpontrackvacom,16,0,0,0,,,KEEP,no measured false positives
httponurwcom,12,0,0,0,,,KEEP,no measured false positives
httpoojxcn,10,0,0,0,,,KEEP,no measured false positives
httpooksjcom,12,0,0,0,,,KEEP,no measured false positives
httpoqoodsbcom,14,0,0,0,,,KEEP,no measured false positives
httpourjavcom,13,0,0,0,,,KEEP,no measured false positives
httppadokscomcn,15,0,0,0,,,KEEP,no measured false positives
httppaircf,10,0,0,0,,,KEEP,no measured false positives
httppaixiubacom,15,0,0,0,,,KEEP,no measured false positives
httppanpocc,11,0,0,0,,,KEEP,no measured false positives
httppathgq,10,0,0,0,,,KEEP,no measured false positives
httppcouujgloan,15,0,0,0,,,KEEP,no measured false positives
httppetvvcom,12,0,0,0,,,KEEP,no measured false positives
httppfkoglcomcn,15,0,0,0,,,KEEP,no measured false positives
httpphotographyzoocom,21,0,0,0,,,KEEP,no measured false positives
httppicadqctcom,15,0,0,0,,,KEEP,no measured false positives
httppicrentiquancom,19,0,0,0,,,KEEP,no measured false positives
httppingpancuncom,17,0,0,0,,,KEEP,no measured false positives
httppipitvwin,13,0,0,0,,,KEEP,no measured false positives
httppipitvwinonline,19,0,0,0,,,KEEP,no measured false positives
httpplanecf,11,0,0,0,,,KEEP,no measured false positives
httpppavxcom,12,0,0,0,,,KEEP,no measured false positives
httpppbtpw,10,0,0,0,,,KEEP,no measured false positives
httpppppsdcom,13,0,0,0,,,KEEP,no measured false positives
httppsprfvthcn,14,0,0,0,,,KEEP,no measured false positives
httpptpdcclub,13,0,0,0,,,KEEP,no measured false positives
httpptpdcspace,14,0,0,0,,,KEEP,no measured false positives
httpptxfxcom,12,0,0,0,,,KEEP,no measured false positives
httppusijipw,12,0,0,0,,,KEEP,no measured false positives
httppwmsgcom,12,0,0,0,,,KEEP,no measured false positives
httppwpawsnet,13,0,0,0,,,KEEP,no measured false positives
httpqczvkdoinfo,15,0,0,0,,,KEEP,no measured false positives
httpqdfsgscom,13,0,0,0,,,KEEP,no measured false positives
httpqdjjrcom,12,0,0,0,,,KEEP,no measured false positives
httpqdshjccom,13,0,0,0,,,KEEP,no measured false positives
httpqdxhcjxcom,14,0,0,0,,,KEEP,no measured false positives
httpqdzyyycom,13,0,0,0,,,KEEP,no measured false positives
httpqiangweijixiecom,20,0,0,0,,,KEEP,no measured false positives
httpqianrenqucom,16,0,0,0,,,KEEP,no measured false positives
httpqianyifanet,15,0,0,0,,,KEEP,no measured false positives
httpqianyifanetbbs,18,0,0,0,,,KEEP,no measured false positives
httpqilocom,11,0,0,0,,,KEEP,no measured false positives
httpqingquttcom,15,0,0,0,,,KEEP,no measured false positives
httpqiyingyinfo,15,0,0,0,,,KEEP,no measured false positives
httpqmluntancom,15,0,0,0,,,KEEP,no measured false positives
httpqqqqqdcom,13,0,0,0,,,KEEP,no measured false positives
httpqqvqdzgypdmhxcn,19,0,0,0,,,KEEP,no measured false positives
httpqravinfo,12,0,0,0,,,KEEP,no measured false positives
httpqsgsdcom,12,0,0,0,,,KEEP,no measured false positives
httpqskingcom,13,0,0,0,,,KEEP,no measured false positives
httpqtkwtgcc,12,0,0,0,,,KEEP,no measured false positives
httpqusijicom,13,0,0,0,,,KEEP,no measured false positives
httpqvodgq,10,0,0,0,,,KEEP,no measured false positives
httpradiatorshcom,17,0,0,0,,,KEEP,no measured false positives
httprangdeicn,13,0,0,0,,,KEEP,no measured false positives
httprbtycccom,13,0,0,0,,,KEEP,no measured false positives
httprbwhrsdhtewnbcn,19,0,0,0,,,KEEP,no measured false positives
httprctgljcomcn,15,0,0,0,,,KEEP,no measured false positives
httprdmtccom,12,0,0,0,,,KEEP,no measured false positives
httprebatucn,12,0,0,0,,,KEEP,no measured false positives
httprgmisspetcom,16,0,0,0,,,KEEP,no measured false positives
httprichtdcom,13,0,0,0,,,KEEP,no measured false positives
httprightga,11,0,0,0,,,KEEP,no measured false positives
httprightml,11,0,0,0,,,KEEP,no measured false positives
httprivergq,11,0,0,0,,,KEEP,no measured false positives
httprkyhitech,13,0,0,0,,,KEEP,no measured false positives
httprmffftcom,13,0,0,0,,,KEEP,no measured false positives
httprnbddfcn,12,0,0,0,,,KEEP,no measured false positives
httprnxcarcom,13,0,0,0,,,KEEP,no measured false positives
httprphvrcn,11,0,0,0,,,KEEP,no measured false positives
httprrrrkjcom,13,0,0,0,,,KEEP,no measured false positives
httprunshengwujincom,20,0,0,0,,,KEEP,no measured false positives
httprvcpergcomcn,16,0,0,0,,,KEEP,no measured false positives
httprvxzhtinfo,14,0,0,0,,,KEEP,no measured false positives
httprxzfylcom,13,0,0,0,,,KEEP,no measured false positives
httprypbninfo,13,0,0,0,,,KEEP,no measured false positives
httpsahnjkloan,14,0,0,0,,,KEEP,no measured false positives
httpsaiokhfscn,14,0,0,0,,,KEEP,no measured false positives
httpsangedancom,15,0,0,0,,,KEEP,no measured false positives
httpscjmzzcom,13,0,0,0,,,KEEP,no measured false positives
httpsclzzcom,12,0,0,0,,,KEEP,no measured false positives
httpsdjnlcstcom,15,0,0,0,,,KEEP,no measured false positives
httpsdlslycom,13,0,0,0,,,KEEP,no measured false positives
httpsdoubz,10,0,0,0,,,KEEP,no measured false positives
httpsdtdlscom,13,0,0,0,,,KEEP,no measured false positives
httpsdxtzcom,12,0,0,0,,,KEEP,no measured false positives
httpsdzhzscom,13,0,0,0,,,KEEP,no measured false positives
httpseexxx,10,0,0,0,,,KEEP,no measured false positives
httpsehutongcom,15,0,0,0,,,KEEP,no measured false positives
httpsektugifcom,15,0,0,0,,,KEEP,no measured false positives
httpsenunuin,12,0,0,0,,,KEEP,no measured false positives
httpserengewwwwpblogjp,22,0,0,0,,,KEEP,no measured false positives
httpsetiantangml,16,0,0,0,,,KEEP,no measured false positives
httpsewuyecom,13,0,0,0,,,KEEP,no measured false positives
httpsexflashgameorg,19,0,0,0,,,KEEP,no measured false positives
httpsexnvhaicom,15,0,0,0,,,KEEP,no measured false positives
httpsexshiinfo,14,0,0,0,,,KEEP,no measured false positives
httpsfuligetcom,15,0,0,0,,,KEEP,no measured false positives
httpshbaixingfloorcom,21,0,0,0,,,KEEP,no measured false positives
httpshbaochongcom,17,0,0,0,,,KEEP,no measured false positives
httpshiwaitaoyuanguibinhuicom,29,0,0,0,,,KEEP,no measured false positives
httpshjcmccom,13,0,0,0,,,KEEP,no measured false positives
httpshjianzhenqicom,19,0,0,0,,,KEEP,no measured false positives
httpshjjsjmxcom,15,0,0,0,,,KEEP,no measured false positives
httpshlingzhucom,16,0,0,0,,,KEEP,no measured false positives
httpshshxxcom,13,0,0,0,,,KEEP,no measured false positives
httpshtaiwanbjcom,17,0,0,0,,,KEEP,no measured false positives
httpshuiguoml,13,0,0,0,,,KEEP,no measured false positives
httpsijidhml,12,0,0,0,,,KEEP,no measured false positives
httpsijidhtop,13,0,0,0,,,KEEP,no measured false positives
httpsinostylecn,15,0,0,0,,,KEEP,no measured false positives
httpsinowzwcom,14,0,0,0,,,KEEP,no measured false positives
httpsjpxhamstercom,18,0,0,0,,,KEEP,no measured false positives
httpslggkjxffcom,16,0,0,0,,,KEEP,no measured false positives
httpsmvipnet,12,0,0,0,,,KEEP,no measured false positives
httpsnaxiaoyaocom,17,0,0,0,,,KEEP,no measured false positives
httpsnhxxxcom,13,0,0,0,,,KEEP,no measured false positives
httpsnszxcom,12,0,0,0,,,KEEP,no measured false positives
httpsobeautynailcom,19,0,0,0,,,KEEP,no measured false positives
httpsofldhcom,13,0,0,0,,,KEEP,no measured false positives
httpsogiavcom,13,0,0,0,,,KEEP,no measured false positives
httpsojavcom,12,0,0,0,,,KEEP,no measured false positives
httpsouavnet,12,0,0,0,,,KEEP,no measured false positives
httpsqshgcom,12,0,0,0,,,KEEP,no measured false positives
httpssmauwebsite,16,0,0,0,,,KEEP,no measured false positives
httpsstficom,12,0,0,0,,,KEEP,no measured false positives
httpstorebtpw,13,0,0,0,,,KEEP,no measured false positives
httpsttfqcom,12,0,0,0,,,KEEP,no measured false positives
httpstvboxnowcom,16,0,0,0,,,KEEP,no measured false positives
httpsunanshipcom,16,0,0,0,,,KEEP,no measured false positives
httpsupplychainjobzcom,22,0,0,0,,,KEEP,no measured false positives
httpsusanvipcom,15,0,0,0,,,KEEP,no measured false positives
httpswtygbhcom,14,0,0,0,,,KEEP,no measured false positives
httpswwwaaavodcom,17,0,0,0,,,KEEP,no measured false positives
httpswwwciliwancom,18,0,0,0,,,KEEP,no measured false positives
httpswwweulaohunet,18,0,0,0,,,KEEP,no measured false positives
httpswwwgalacgme,16,0,0,0,,,KEEP,no measured false positives
httpswwwicelovewin,18,0,0,0,,,KEEP,no measured false positives
httpswwwidanmuin,16,0,0,0,,,KEEP,no measured false positives
httpswwwjmtkucom,16,0,0,0,,,KEEP,no measured false positives
httpswwwjptuncom,16,0,0,0,,,KEEP,no measured false positives
httpswwwmmmvodcom,17,0,0,0,,,KEEP,no measured false positives
httpswwwnilinilicc,18,0,0,0,,,KEEP,no measured false positives
httpswwwnimasouinfo,19,0,0,0,,,KEEP,no measured false positives
httpswwwvporncom,16,0,0,0,,,KEEP,no measured false positives
httpswwwweinisirenyulechengcom,30,0,0,0,,,KEEP,no measured false positives
httpswwwwnacgme,15,0,0,0,,,KEEP,no measured false positives
httpswwwxnxxcom,15,0,0,0,,,KEEP,no measured false positives
httpswwwxvideoscom,18,0,0,0,,,KEEP,no measured false positives
httpswwwyotubesexocom,21,0,0,0,,,KEEP,no measured false positives
httpsxchydcom,13,0,0,0,,,KEEP,no measured false positives
httpsxcubinfo,13,0,0,0,,,KEEP,no measured false positives
httpsxhghjcom,13,0,0,0,,,KEEP,no measured false positives
httpsxtmlhcom,13,0,0,0,,,KEEP,no measured false positives
httpsygpxscom,13,0,0,0,,,KEEP,no measured false positives
httpsyhqzccom,13,0,0,0,,,KEEP,no measured false positives
httpsyyxjgcom,13,0,0,0,,,KEEP,no measured false positives
httpszcsjxcom,13,0,0,0,,,KEEP,no measured false positives
httpszkongtiaocom,17,0,0,0,,,KEEP,no measured false positives
httpszlcdcjcom,14,0,0,0,,,KEEP,no measured false positives
httpszpanbaocom,15,0,0,0,,,KEEP,no measured false positives
httpsztchgdcom,14,0,0,0,,,KEEP,no measured false positives
httptaobashebeicom,18,0,0,0,,,KEEP,no measured false positives
httptaotubacc,13,0,0,0,,,KEEP,no measured false positives
httptbdyucom,12,0,0,0,,,KEEP,no measured false positives
httptcmnxcom,12,0,0,0,,,KEEP,no measured false positives
httpteenpornbiz,15,0,0,0,,,KEEP,no measured false positives
httpteentiffanycom,18,0,0,0,,,KEEP,no measured false positives
httpteentubetv,14,0,0,0,,,KEEP,no measured false positives
httptendml,10,0,0,0,,,KEEP,no measured false positives
httpteyinfangcom,16,0,0,0,,,KEEP,no measured false positives
httpthzibtcom,13,0,0,0,,,KEEP,no measured false positives
httptianjingelicom,18,0,0,0,,,KEEP,no measured false positives
httptiantianpapainfo,20,0,0,0,,,KEEP,no measured false positives
httptiantianseqingcom,21,0,0,0,,,KEEP,no measured false positives
httptiegjcom,12,0,0,0,,,KEEP,no measured false positives
httptjdlkgcom,13,0,0,0,,,KEEP,no measured false positives
httptjdsssscomcn,16,0,0,0,,,KEEP,no measured false positives
httptjdxgtcom,13,0,0,0,,,KEEP,no measured false positives
httptjhahlcom,13,0,0,0,,,KEEP,no measured false positives
httptjmingyajjcom,17,0,0,0,,,KEEP,no measured false positives
httptjmkzdlcom,14,0,0,0,,,KEEP,no measured false positives
httptlvppppcomcn,16,0,0,0,,,KEEP,no measured false positives
httptntqqcom,12,0,0,0,,,KEEP,no measured false positives
httptokyosohotcom,17,0,0,0,,,KEEP,no measured false positives
httpttcfoodcn,13,0,0,0,,,KEEP,no measured false positives
httpttggcmcom,13,0,0,0,,,KEEP,no measured false positives
httpttkkrnetcn,14,0,0,0,,,KEEP,no measured false positives
httpttuuunet,12,0,0,0,,,KEEP,no measured false positives
httptubeassfuckingcom,21,0,0,0,,,KEEP,no measured false positives
httptuigirlwcom,15,0,0,0,,,KEEP,no measured false positives
httptunvlavinfo,15,0,0,0,,,KEEP,no measured false positives
httptuogunjichuangcom,21,0,0,0,,,KEEP,no measured false positives
httptupiannrsfhcom,18,0,0,0,,,KEEP,no measured false positives
httptuziyyinfo,14,0,0,0,,,KEEP,no measured false positives
httptyamhscom,13,0,0,0,,,KEEP,no measured false positives
httptycbcnet,12,0,0,0,,,KEEP,no measured false positives
httptycfdccom,13,0,0,0,,,KEEP,no measured false positives
httptynpfnet,12,0,0,0,,,KEEP,no measured false positives
httptzjunyucom,14,0,0,0,,,KEEP,no measured false positives
httpudwtidnet,13,0,0,0,,,KEEP,no measured false positives
httpuiyrnet,11,0,0,0,,,KEEP,no measured false positives
httpujordanshoescom,19,0,0,0,,,KEEP,no measured false positives
httpujywolcomcn,15,0,0,0,,,KEEP,no measured false positives
httpunclegq,11,0,0,0,,,KEEP,no measured false positives
httpurtnkucom,13,0,0,0,,,KEEP,no measured false positives
httpusbaguscom,14,0,0,0,,,KEEP,no measured false positives
httputmrnet,11,0,0,0,,,KEEP,no measured false positives
httpuuavtop,11,0,0,0,,,KEEP,no measured false positives
httpuucycnet,12,0,0,0,,,KEEP,no measured false positives
httpuuujgcom,12,0,0,0,,,KEEP,no measured false positives
httpvcroadnet,13,0,0,0,,,KEEP,no measured false positives
httpvipqikbocn,14,0,0,0,,,KEEP,no measured false positives
httpvkdjltrade,14,0,0,0,,,KEEP,no measured false positives
httpvoksjzcom,13,0,0,0,,,KEEP,no measured false positives
httpvprppppcomcn,16,0,0,0,,,KEEP,no measured false positives
httpvsyflvcomcn,15,0,0,0,,,KEEP,no measured false positives
httpvycsowpzzvjloan,19,0,0,0,,,KEEP,no measured false positives
httpwallpaperwpcom,18,0,0,0,,,KEEP,no measured false positives
httpwangzhangchaocomcn,22,0,0,0,,,KEEP,no measured false positives
httpwangzhiliayexccom,21,0,0,0,,,KEEP,no measured false positives
httpwapeecgovcn,15,0,0,0,,,KEEP,no measured false positives
httpwapooogovcn,15,0,0,0,,,KEEP,no measured false positives
httpwapooxgovcn,15,0,0,0,,,KEEP,no measured false positives
httpwapssygovcn,15,0,0,0,,,KEEP,no measured false positives
httpwaptllgovcn,15,0,0,0,,,KEEP,no measured false positives
httpwapwwegovcn,15,0,0,0,,,KEEP,no measured false positives
httpwapxxhhnet,14,0,0,0,,,KEEP,no measured false positives
httpwdftoycom,13,0,0,0,,,KEEP,no measured false positives
httpweekgq,10,0,0,0,,,KEEP,no measured false positives
httpweidatoyscom,16,0,0,0,,,KEEP,no measured false positives
httpweilaidyycom,16,0,0,0,,,KEEP,no measured false positives
httpweipaidicom,15,0,0,0,,,KEEP,no measured false positives
httpweiyuanchfcom,17,0,0,0,,,KEEP,no measured false positives
httpwellvpscom,14,0,0,0,,,KEEP,no measured false positives
httpwelmaxfoodcom,17,0,0,0,,,KEEP,no measured false positives
httpwenwanlicom,15,0,0,0,,,KEEP,no measured false positives
httpwherega,11,0,0,0,,,KEEP,no measured false positives
httpwjpjscom,12,0,0,0,,,KEEP,no measured false positives
httpwlcjycom,12,0,0,0,,,KEEP,no measured false positives
httpwldgwinfo,13,0,0,0,,,KEEP,no measured false positives
httpwouboqaycomcn,17,0,0,0,,,KEEP,no measured false positives
httpwrnmvnscom,14,0,0,0,,,KEEP,no measured false positives
httpwspwjcom,12,0,0,0,,,KEEP,no measured false positives
httpwucwmjdgvcomcn,18,0,0,0,,,KEEP,no measured false positives
httpwudxkojxinfo,16,0,0,0,,,KEEP,no measured false positives
httpwuyaolcom,13,0,0,0,,,KEEP,no measured false positives
httpwuyeziyuancom,17,0,0,0,,,KEEP,no measured false positives
httpwweegcom,12,0,0,0,,,KEEP,no measured false positives
httpwwwaaaaauzzmcn,18,0,0,0,,,KEEP,no measured false positives
httpwwwaaeriucn,15,0,0,0,,,KEEP,no measured false positives
httpwwwaaeycfaccountant,23,0,0,0,,,KEEP,no measured false positives
httpwwwaafulicom,16,0,0,0,,,KEEP,no measured false positives
httpwwwaajrghnet,16,0,0,0,,,KEEP,no measured false positives
httpwwwaangxfdddcn,18,0,0,0,,,KEEP,no measured false positives
httpwwwaaosmydcn,16,0,0,0,,,KEEP,no measured false positives
httpwwwaazjlxptcn,17,0,0,0,,,KEEP,no measured false positives
httpwwwabavxyz,14,0,0,0,,,KEEP,no measured false positives
httpwwwabcabcbycn,17,0,0,0,,,KEEP,no measured false positives
httpwwwabcxoxyz,15,0,0,0,,,KEEP,no measured false positives
httpwwwabytdlhhdcom,19,0,0,0,,,KEEP,no measured false positives
httpwwwaccessifycom,19,0,0,0,,,KEEP,no measured false positives
httpwwwadimxccn,15,0,0,0,,,KEEP,no measured false positives
httpwwwadmbhhpjcn,17,0,0,0,,,KEEP,no measured false positives
httpwwwadmbjnpxcn,17,0,0,0,,,KEEP,no measured false positives
httpwwwadmlhvzdcn,17,0,0,0,,,KEEP,no measured false positives
httpwwwadmzbdxbcn,17,0,0,0,,,KEEP,no measured false positives
httpwwwadoadnet,15,0,0,0,,,KEEP,no measured false positives
httpwwwaduvidcom,16,0,0,0,,,KEEP,no measured false positives
httpwwwaemriprisecom,20,0,0,0,,,KEEP,no measured false positives
httpwwwaftekginfo,17,0,0,0,,,KEEP,no measured false positives
httpwwwagegeinfo,16,0,0,0,,,KEEP,no measured false positives
httpwwwagjixiecom,17,0,0,0,,,KEEP,no measured false positives
httpwwwagolgcom,15,0,0,0,,,KEEP,no measured false positives
httpwwwagqisbinfo,17,0,0,0,,,KEEP,no measured false positives
httpwwwagrolabsaccn,19,0,0,0,,,KEEP,no measured false positives
httpwwwagsmgcn,14,0,0,0,,,KEEP,no measured false positives
httpwwwahclylcom,16,0,0,0,,,KEEP,no measured false positives
httpwwwahhlpvcom,16,0,0,0,,,KEEP,no measured false positives
httpwwwahkangxincom,19,0,0,0,,,KEEP,no measured false positives
httpwwwahlcyqcom,16,0,0,0,,,KEEP,no measured false positives
httpwwwahscqzcom,16,0,0,0,,,KEEP,no measured false positives
httpwwwahtqfbid,15,0,0,0,,,KEEP,no measured false positives
httpwwwahwzcpcom,16,0,0,0,,,KEEP,no measured false positives
httpwwwahxianghengcom,21,0,0,0,,,KEEP,no measured false positives
httpwwwahyjsorg,15,0,0,0,,,KEEP,no measured false positives
httpwwwaiaifzcom,16,0,0,0,,,KEEP,no measured false positives
httpwwwaicaospcom,17,0,0,0,,,KEEP,no measured false positives
httpwwwaicaospnet,17,0,0,0,,,KEEP,no measured false positives
httpwwwaimeifuzhuangcom,23,0,0,0,,,KEEP,no measured false positives
httpwwwaimmavinfo,17,0,0,0,,,KEEP,no measured false positives
httpwwwaipayycc,15,0,0,0,,,KEEP,no measured false positives
httpwwwaivywcom,15,0,0,0,,,KEEP,no measured false positives
httpwwwaiysbcom,15,0,0,0,,,KEEP,no measured false positives
httpwwwajketus,14,0,0,0,,,KEEP,no measured false positives
httpwwwakbokocn,15,0,0,0,,,KEEP,no measured false positives
httpwwwakoejnibcn,17,0,0,0,,,KEEP,no measured false positives
httpwwwalsyfinfo,16,0,0,0,,,KEEP,no measured false positives
httpwwwamninocom,16,0,0,0,,,KEEP,no measured false positives
httpwwwamschinacom,18,0,0,0,,,KEEP,no measured false positives
httpwwwandwzqgxcn,17,0,0,0,,,KEEP,no measured false positives
httpwwwanokxedbcn,17,0,0,0,,,KEEP,no measured false positives
httpwwwanqucacacom,18,0,0,0,,,KEEP,no measured false positives
httpwwwanqulubacom,18,0,0,0,,,KEEP,no measured false positives
httpwwwanquyepcom,17,0,0,0,,,KEEP,no measured false positives
httpwwwaodlicom,15,0,0,0,,,KEEP,no measured false positives
httpwwwaomyycom,15,0,0,0,,,KEEP,no measured false positives
httpwwwaovooucn,15,0,0,0,,,KEEP,no measured false positives
httpwwwaozptvcn,15,0,0,0,,,KEEP,no measured false positives
httpwwwaphexiangcom,19,0,0,0,,,KEEP,no measured false positives
httpwwwapiankscom,17,0,0,0,,,KEEP,no measured false positives
httpwwwapkaichangcom,20,0,0,0,,,KEEP,no measured false positives
httpwwwapmqnledownload,22,0,0,0,,,KEEP,no measured false positives
httpwwwapngkebjcn,17,0,0,0,,,KEEP,no measured false positives
httpwwwaprongxiacom,19,0,0,0,,,KEEP,no measured false positives
httpwwwaprsqgvtcn,17,0,0,0,,,KEEP,no measured false positives
httpwwwapuinuinfo,17,0,0,0,,,KEEP,no measured false positives
httpwwwapxiecom,15,0,0,0,,,KEEP,no measured false positives
httpwwwaqfwscom,15,0,0,0,,,KEEP,no measured false positives
httpwwwaqjssbcom,16,0,0,0,,,KEEP,no measured false positives
httpwwwarminimcom,17,0,0,0,,,KEEP,no measured false positives
httpwwwasianpornmoviesorg,25,0,0,0,,,KEEP,no measured false positives
httpwwwatjakvnpcn,17,0,0,0,,,KEEP,no measured false positives
httpwwwattvfsdonline,20,0,0,0,,,KEEP,no measured false positives
httpwwwatwersonline,19,0,0,0,,,KEEP,no measured false positives
httpwwwautuchinacom,19,0,0,0,,,KEEP,no measured false positives
httpwwwauvzjnjcn,16,0,0,0,,,KEEP,no measured false positives
httpwwwavasiacc,15,0,0,0,,,KEEP,no measured false positives
httpwwwavavddcom,16,0,0,0,,,KEEP,no measured false positives
httpwwwavavgoinfo,17,0,0,0,,,KEEP,no measured false positives
httpwwwavavsescom,17,0,0,0,,,KEEP,no measured false positives
httpwwwavavzycom,16,0,0,0,,,KEEP,no measured false positives
httpwwwavbhjndcn,16,0,0,0,,,KEEP,no measured false positives
httpwwwavbukacom,16,0,0,0,,,KEEP,no measured false positives
httpwwwavcbhxqgcn,17,0,0,0,,,KEEP,no measured false positives
httpwwwavdmwcc,14,0,0,0,,,KEEP,no measured false positives
httpwwwavdzjtzcn,16,0,0,0,,,KEEP,no measured false positives
httpwwwavkdycom,15,0,0,0,,,KEEP,no measured false positives
httpwwwavmilkcom,16,0,0,0,,,KEEP,no measured false positives
httpwwwavnsrcom,15,0,0,0,,,KEEP,no measured false positives
httpwwwavosgmaqcn,17,0,0,0,,,KEEP,no measured false positives
httpwwwavpornml,15,0,0,0,,,KEEP,no measured false positives
httpwwwavtallcom,16,0,0,0,,,KEEP,no measured false positives
httpwwwavtianmaoorg,19,0,0,0,,,KEEP,no measured false positives
httpwwwavttcaocom,17,0,0,0,,,KEEP,no measured false positives
httpwwwavttzxme,15,0,0,0,,,KEEP,no measured false positives
httpwwwavvxzlvcn,16,0,0,0,,,KEEP,no measured false positives
httpwwwavxiongmaoinfo,21,0,0,0,,,KEEP,no measured false positives
httpwwwavxxxocom,16,0,0,0,,,KEEP,no measured false positives
httpwwwawfzrpinfo,17,0,0,0,,,KEEP,no measured false positives
httpwwwaxsakcom,15,0,0,0,,,KEEP,no measured false positives
httpwwwaxvrheinfo,17,0,0,0,,,KEEP,no measured false positives
httpwwwaxxlyxinfo,17,0,0,0,,,KEEP,no measured false positives
httpwwwayfazhancn,17,0,0,0,,,KEEP,no measured false positives
httpwwwayjrqcom,15,0,0,0,,,KEEP,no measured false positives
httpwwwbababubunet,18,0,0,0,,,KEEP,no measured false positives
httpwwwbabyhuaiorg,18,0,0,0,,,KEEP,no measured false positives
httpwwwbadoecomcn,17,0,0,0,,,KEEP,no measured false positives
httpwwwbaecaincontriicom,24,0,0,0,,,KEEP,no measured false positives
httpwwwbagedycom,16,0,0,0,,,KEEP,no measured false positives
httpwwwbaidudykcom,18,0,0,0,,,KEEP,no measured false positives
httpwwwbaidusesecom,19,0,0,0,,,KEEP,no measured false positives
httpwwwbaihutucom,17,0,0,0,,,KEEP,no measured false positives
httpwwwbailiplasticcom,22,0,0,0,,,KEEP,no measured false positives
httpwwwbaishengsenet,20,0,0,0,,,KEEP,no measured false positives
httpwwwbaiweipmcomcn,20,0,0,0,,,KEEP,no measured false positives
httpwwwbankmuscatonlincom,25,0,0,0,,,KEEP,no measured false positives
httpwwwbannvrencom,18,0,0,0,,,KEEP,no measured false positives
httpwwwbanxiinfo,16,0,0,0,,,KEEP,no measured false positives
httpwwwbaobeigadacn,19,0,0,0,,,KEEP,no measured false positives
httpwwwbaogetvcom,17,0,0,0,,,KEEP,no measured false positives
httpwwwbaoyinrenjicom,21,0,0,0,,,KEEP,no measured false positives
httpwwwbaoyuspxyz,17,0,0,0,,,KEEP,no measured false positives
httpwwwbapukicom,16,0,0,0,,,KEEP,no measured false positives
httpwwwbaqicuncc,16,0,0,0,,,KEEP,no measured false positives
httpwwwbatterycnnet,19,0,0,0,,,KEEP,no measured false positives
httpwwwbattkcom,15,0,0,0,,,KEEP,no measured false positives
httpwwwbbanmojcn,16,0,0,0,,,KEEP,no measured false positives
httpwwwbbbjzxcom,16,0,0,0,,,KEEP,no measured false positives
httpwwwbbbsndfcn,16,0,0,0,,,KEEP,no measured false positives
httpwwwbbbzxwpcn,16,0,0,0,,,KEEP,no measured false positives
httpwwwbbdadcn,14,0,0,0,,,KEEP,no measured false positives
httpwwwbbertsucn,16,0,0,0,,,KEEP,no measured false positives
httpwwwbbfulipw,15,0,0,0,,,KEEP,no measured false positives
httpwwwbbgxsxocn,16,0,0,0,,,KEEP,no measured false positives
httpwwwbbhmkmlcn,16,0,0,0,,,KEEP,no measured false positives
httpwwwbbhnlgicn,16,0,0,0,,,KEEP,no measured false positives
httpwwwbbinprmcn,16,0,0,0,,,KEEP,no measured false positives
httpwwwbbivtjecn,16,0,0,0,,,KEEP,no measured false positives
httpwwwbbizlkicn,16,0,0,0,,,KEEP,no measured false positives
httpwwwbbjxvtrcn,16,0,0,0,,,KEEP,no measured false positives
httpwwwbbkxvuocn,16,0,0,0,,,KEEP,no measured false positives
httpwwwbbmzxvucn,16,0,0,0,,,KEEP,no measured false positives
httpwwwbbneutrcn,16,0,0,0,,,KEEP,no measured false positives
httpwwwbbobzxvcn,16,0,0,0,,,KEEP,no measured false positives
httpwwwbbqdbdqcn,16,0,0,0,,,KEEP,no measured false positives
httpwwwbbsbzuscn,16,0,0,0,,,KEEP,no measured false positives
httpwwwbbsccyycom,17,0,0,0,,,KEEP,no measured false positives
httpwwwbbtgecbcn,16,0,0,0,,,KEEP,no measured false positives
httpwwwbbtgfdtcn,16,0,0,0,,,KEEP,no measured false positives
httpwwwbbtnmkicn,16,0,0,0,,,KEEP,no measured false positives
httpwwwbbtukucom,16,0,0,0,,,KEEP,no measured false positives
httpwwwbbvljigcn,16,0,0,0,,,KEEP,no measured false positives
httpwwwbbvzzcom,15,0,0,0,,,KEEP,no measured false positives
httpwwwbbwndfdcn,16,0,0,0,,,KEEP,no measured false positives
httpwwwbbwrpfhcn,16,0,0,0,,,KEEP,no measured false positives
httpwwwbcgplicom,16,0,0,0,,,KEEP,no measured false positives
httpwwwbcvsgacom,16,0,0,0,,,KEEP,no measured false positives
httpwwwbdchmxcn,15,0,0,0,,,KEEP,no measured false positives
httpwwwbdjinweicom,18,0,0,0,,,KEEP,no measured false positives
httpwwwbdlytcn,14,0,0,0,,,KEEP,no measured false positives
httpwwwbdnmrcn,14,0,0,0,,,KEEP,no measured false positives
httpwwwbdruixiangmjcom,22,0,0,0,,,KEEP,no measured false positives
httpwwwbdsmvideotubecom,23,0,0,0,,,KEEP,no measured false positives
httpwwwbdtzjlcom,16,0,0,0,,,KEEP,no measured false positives
httpwwwbeewwinfo,16,0,0,0,,,KEEP,no measured false positives
httpwwwbefaainfo,16,0,0,0,,,KEEP,no measured false positives
httpwwwbeffppw,14,0,0,0,,,KEEP,no measured false positives
httpwwwbeicizengshiyicom,24,0,0,0,,,KEEP,no measured false positives
httpwwwbeijinghongtaicom,24,0,0,0,,,KEEP,no measured false positives
httpwwwbenseporncom,19,0,0,0,,,KEEP,no measured false positives
httpwwwbenseshipincom,21,0,0,0,,,KEEP,no measured false positives
httpwwwbenzishecom,18,0,0,0,,,KEEP,no measured false positives
httpwwwbestjccomcn,18,0,0,0,,,KEEP,no measured false positives
httpwwwbeststockingsexcom,25,0,0,0,,,KEEP,no measured false positives
httpwwwbetpingnet,17,0,0,0,,,KEEP,no measured false positives
httpwwwbfbjgscom,16,0,0,0,,,KEEP,no measured false positives
httpwwwbgmhmninfo,17,0,0,0,,,KEEP,no measured false positives
httpwwwbhunzditcbjcom,21,0,0,0,,,KEEP,no measured false positives
httpwwwbhzlwcom,15,0,0,0,,,KEEP,no measured false positives
httpwwwbiaoniaicc,17,0,0,0,,,KEEP,no measured false positives
httpwwwbiequnyzcom,18,0,0,0,,,KEEP,no measured false positives
httpwwwbigfulispace,19,0,0,0,,,KEEP,no measured false positives
httpwwwbiliworldcom,19,0,0,0,,,KEEP,no measured false positives
httpwwwbingbccom,16,0,0,0,,,KEEP,no measured false positives
httpwwwbingjuinfo,17,0,0,0,,,KEEP,no measured false positives
httpwwwbingpanshcom,19,0,0,0,,,KEEP,no measured false positives
httpwwwbixiangenet,18,0,0,0,,,KEEP,no measured false positives
httpwwwbiyezhenginfo,20,0,0,0,,,KEEP,no measured false positives
httpwwwbjaswycom,16,0,0,0,,,KEEP,no measured false positives
httpwwwbjbesttrancom,20,0,0,0,,,KEEP,no measured false positives
httpwwwbjdsbzjcom,17,0,0,0,,,KEEP,no measured false positives
httpwwwbjdsghcom,16,0,0,0,,,KEEP,no measured false positives
httpwwwbjgytechcom,18,0,0,0,,,KEEP,no measured false positives
httpwwwbjhiwincom,17,0,0,0,,,KEEP,no measured false positives
httpwwwbjhjfycom,16,0,0,0,,,KEEP,no measured false positives
httpwwwbjhkbtcom,16,0,0,0,,,KEEP,no measured false positives
httpwwwbjjxyhcom,16,0,0,0,,,KEEP,no measured false positives
httpwwwbjkaoshicom,18,0,0,0,,,KEEP,no measured false positives
httpwwwbjmyfrcomcn,18,0,0,0,,,KEEP,no measured false positives
httpwwwbjwlxlnet,16,0,0,0,,,KEEP,no measured false positives
httpwwwbjwzzzcom,16,0,0,0,,,KEEP,no measured false positives
httpwwwbjxyhsgscom,18,0,0,0,,,KEEP,no measured false positives
httpwwwbjyvsorg,15,0,0,0,,,KEEP,no measured false positives
httpwwwbjzyktcom,16,0,0,0,,,KEEP,no measured false positives
httpwwwbkpnrcom,15,0,0,0,,,KEEP,no measured false positives
httpwwwblavme,13,0,0,0,,,KEEP,no measured false positives
httpwwwbljcycom,15,0,0,0,,,KEEP,no measured false positives
httpwwwbloomchinacom,20,0,0,0,,,KEEP,no measured false positives
httpwwwblrgg,12,0,0,0,,,KEEP,no measured false positives
httpwwwblygmccom,16,0,0,0,,,KEEP,no measured false positives
httpwwwbmdrucom,15,0,0,0,,,KEEP,no measured false positives
httpwwwbmlhjxccom,17,0,0,0,,,KEEP,no measured false positives
httpwwwbnyzjycom,16,0,0,0,,,KEEP,no measured false positives
httpwwwbnzxdninfo,17,0,0,0,,,KEEP,no measured false positives
httpwwwboaozdhcom,17,0,0,0,,,KEEP,no measured false positives
httpwwwbocaiyoupincom,21,0,0,0,,,KEEP,no measured false positives
httpwwwbohegucn,15,0,0,0,,,KEEP,no measured false positives
httpwwwbolishangcn,18,0,0,0,,,KEEP,no measured false positives
httpwwwboluoshipinnet,21,0,0,0,,,KEEP,no measured false positives
httpwwwbonyicomcn,17,0,0,0,,,KEEP,no measured false positives
httpwwwboojdepositorycom,24,0,0,0,,,KEEP,no measured false positives
httpwwwbookdepossitorycom,25,0,0,0,,,KEEP,no measured false positives
httpwwwbopkdepositorycom,24,0,0,0,,,KEEP,no measured false positives
httpwwwbrandymelvillesacom,26,0,0,0,,,KEEP,no measured false positives
httpwwwbrandymelvilleuascom,27,0,0,0,,,KEEP,no measured false positives
httpwwwbrandymelvilleusaacom,28,0,0,0,,,KEEP,no measured false positives
httpwwwbrindabellafarmscom,26,0,0,0,,,KEEP,no measured false positives
httpwwwbritishteenstubecom,26,0,0,0,,,KEEP,no measured false positives
httpwwwbsdrgcom,15,0,0,0,,,KEEP,no measured false positives
httpwwwbtanxcom,15,0,0,0,,,KEEP,no measured false positives
httpwwwbtavmoorg,16,0,0,0,,,KEEP,no measured false positives
httpwwwbtbtacom,15,0,0,0,,,KEEP,no measured false positives
httpwwwbtbttcom,15,0,0,0,,,KEEP,no measured false positives
httpwwwbtbtzcn,14,0,0,0,,,KEEP,no measured false positives
httpwwwbtcherryinfo,19,0,0,0,,,KEEP,no measured false positives
httpwwwbtdizhicom,17,0,0,0,,,KEEP,no measured false positives
httpwwwbtgbjcom,15,0,0,0,,,KEEP,no measured false positives
httpwwwbtsavecom,16,0,0,0,,,KEEP,no measured false positives
httpwwwbtvhmacn,15,0,0,0,,,KEEP,no measured false positives
httpwwwbtzhoucom,16,0,0,0,,,KEEP,no measured false positives
httpwwwbuchenghuacom,20,0,0,0,,,KEEP,no measured false positives
httpwwwbugsmcom,15,0,0,0,,,KEEP,no measured false positives
httpwwwbulundacom,17,0,0,0,,,KEEP,no measured false positives
httpwwwbusinessdatacomcn,24,0,0,0,,,KEEP,no measured false positives
httpwwwbuxiugangdaicom,22,0,0,0,,,KEEP,no measured false positives
httpwwwbvbsgacom,16,0,0,0,,,KEEP,no measured false positives
httpwwwbvclnet,14,0,0,0,,,KEEP,no measured false positives
httpwwwbvrndinfo,16,0,0,0,,,KEEP,no measured false positives
httpwwwbwkaisuocom,18,0,0,0,,,KEEP,no measured false positives
httpwwwbwteyeloan,17,0,0,0,,,KEEP,no measured false positives
httpwwwbwzoncom,15,0,0,0,,,KEEP,no measured false positives
httpwwwbxgiyrinfo,17,0,0,0,,,KEEP,no measured false positives
httpwwwbxhgkjcom,16,0,0,0,,,KEEP,no measured false positives
httpwwwbxmycjccom,17,0,0,0,,,KEEP,no measured false positives
httpwwwbycltcom,15,0,0,0,,,KEEP,no measured false positives
httpwwwbysppw,13,0,0,0,,,KEEP,no measured false positives
httpwwwbyxwrcom,15,0,0,0,,,KEEP,no measured false positives
httpwwwbyzybnet,15,0,0,0,,,KEEP,no measured false positives
httpwwwbzgidzcn,15,0,0,0,,,KEEP,no measured false positives
httpwwwbzhldzcom,16,0,0,0,,,KEEP,no measured false positives
httpwwwbzzqqqnet,16,0,0,0,,,KEEP,no measured false positives
httpwwwcandyteentubecom,23,0,0,0,,,KEEP,no measured false positives
httpwwwcanmaxchinanet,21,0,0,0,,,KEEP,no measured false positives
httpwwwcaobabyorg,17,0,0,0,,,KEEP,no measured false positives
httpwwwcaocfcom,15,0,0,0,,,KEEP,no measured false positives
httpwwwcaodzcom,15,0,0,0,,,KEEP,no measured false positives
httpwwwcaoffeecom,17,0,0,0,,,KEEP,no measured false positives
httpwwwcaoliudhxyz,18,0,0,0,,,KEEP,no measured false positives
httpwwwcaolrnet,15,0,0,0,,,KEEP,no measured false positives
httpwwwcaomeibainfo,19,0,0,0,,,KEEP,no measured false positives
httpwwwcaonilucom,17,0,0,0,,,KEEP,no measured false positives
httpwwwcaopncom,15,0,0,0,,,KEEP,no measured false positives
httpwwwcaowowangcom,19,0,0,0,,,KEEP,no measured false positives
httpwwwcaoyixianet,18,0,0,0,,,KEEP,no measured false positives
httpwwwcbdzchemcom,18,0,0,0,,,KEEP,no measured false positives
httpwwwcbkxwpw,14,0,0,0,,,KEEP,no measured false positives
httpwwwcbswhcn,14,0,0,0,,,KEEP,no measured false positives
httpwwwcbyuolinfo,17,0,0,0,,,KEEP,no measured false positives
httpwwwccapxyinfo,17,0,0,0,,,KEEP,no measured false positives
httpwwwcchhwwwiiicomcn,22,0,0,0,,,KEEP,no measured false positives
httpwwwcctlrhvcn,16,0,0,0,,,KEEP,no measured false positives
httpwwwccvninfo,15,0,0,0,,,KEEP,no measured false positives
httpwwwcdhysqdcom,17,0,0,0,,,KEEP,no measured false positives
httpwwwcdjindingcom,19,0,0,0,,,KEEP,no measured false positives
httpwwwcdjxywsjcom,18,0,0,0,,,KEEP,no measured false positives
httpwwwcdlszmdqcn,17,0,0,0,,,KEEP,no measured false positives
httpwwwcdspiidccn,17,0,0,0,,,KEEP,no measured false positives
httpwwwcenturyfiltercom,23,0,0,0,,,KEEP,no measured false positives
httpwwwcgpwvinfo,16,0,0,0,,,KEEP,no measured false positives
httpwwwchajinbicom,18,0,0,0,,,KEEP,no measured false positives
httpwwwchampconsultnet,22,0,0,0,,,KEEP,no measured false positives
httpwwwchanggewenhuacom,23,0,0,0,,,KEEP,no measured false positives
httpwwwchanghongcwcom,21,0,0,0,,,KEEP,no measured false positives
httpwwwchaopengzxspcn,21,0,0,0,,,KEEP,no measured false positives
httpwwwchdongkaicom,19,0,0,0,,,KEEP,no measured false positives
httpwwwchenghaosuvcom,21,0,0,0,,,KEEP,no measured false positives
httpwwwchengxinyzcom,20,0,0,0,,,KEEP,no measured false positives
httpwwwchepaibanlicom,21,0,0,0,,,KEEP,no measured false positives
httpwwwchiahecn,15,0,0,0,,,KEEP,no measured false positives
httpwwwchinaacuscom,19,0,0,0,,,KEEP,no measured false positives
httpwwwchinachuanglicomcn,25,0,0,0,,,KEEP,no measured false positives
httpwwwchinacwservcom,21,0,0,0,,,KEEP,no measured false positives
httpwwwchinadjmixcom,20,0,0,0,,,KEEP,no measured false positives
httpwwwchinaglnscom,19,0,0,0,,,KEEP,no measured false positives
httpwwwchinajiarongcom,22,0,0,0,,,KEEP,no measured false positives
httpwwwchinaleyilecom,21,0,0,0,,,KEEP,no measured false positives
httpwwwchinalocksmithcom,24,0,0,0,,,KEEP,no measured false positives
httpwwwchinamakiyocn,20,0,0,0,,,KEEP,no measured false positives
httpwwwchinanbdfcomcn,21,0,0,0,,,KEEP,no measured false positives
httpwwwchinazhixingcom,22,0,0,0,,,KEEP,no measured false positives
httpwwwchlbacom,15,0,0,0,,,KEEP,no measured false positives
httpwwwchpwajiqcn,17,0,0,0,,,KEEP,no measured false positives
httpwwwchqianfancom,19,0,0,0,,,KEEP,no measured false positives
httpwwwchristianlouboutinebaycom,32,0,0,0,,,KEEP,no measured false positives
httpwwwchuangyuxingtongcom,26,0,0,0,,,KEEP,no measured false positives
httpwwwchunfuyelaonet,21,0,0,0,,,KEEP,no measured false positives
httpwwwchunqiuzhanhuocom,24,0,0,0,,,KEEP,no measured false positives
httpwwwchunsegancom,19,0,0,0,,,KEEP,no measured false positives
httpwwwchuojuancom,18,0,0,0,,,KEEP,no measured false positives
httpwwwchusesecom,17,0,0,0,,,KEEP,no measured false positives
httpwwwchushesheorg,19,0,0,0,,,KEEP,no measured false positives
httpwwwchzzhwcom,16,0,0,0,,,KEEP,no measured false positives
httpwwwcijiluwcom,17,0,0,0,,,KEEP,no measured false positives
httpwwwcilhmsinfo,17,0,0,0,,,KEEP,no measured false positives
httpwwwcilikankancom,20,0,0,0,,,KEEP,no measured false positives
httpwwwcirlfjcc,15,0,0,0,,,KEEP,no measured false positives
httpwwwcjwooolcom,17,0,0,0,,,KEEP,no measured false positives
httpwwwckxvyus,14,0,0,0,,,KEEP,no measured false positives
httpwwwcmgyyqcom,16,0,0,0,,,KEEP,no measured false positives
httpwwwcnbsycom,15,0,0,0,,,KEEP,no measured false positives
httpwwwcncyzpcom,16,0,0,0,,,KEEP,no measured false positives
httpwwwcndadaocom,17,0,0,0,,,KEEP,no measured false positives
httpwwwcnganhuacom,18,0,0,0,,,KEEP,no measured false positives
httpwwwcnghccom,15,0,0,0,,,KEEP,no measured false positives
httpwwwcngowcom,15,0,0,0,,,KEEP,no measured false positives
httpwwwcnhwwqcom,16,0,0,0,,,KEEP,no measured false positives
httpwwwcnjinhancom,18,0,0,0,,,KEEP,no measured false positives
httpwwwcnlywnet,15,0,0,0,,,KEEP,no measured false positives
httpwwwcnmzyinfo,16,0,0,0,,,KEEP,no measured false positives
httpwwwcnryycom,15,0,0,0,,,KEEP,no measured false positives
httpwwwcnstnycom,16,0,0,0,,,KEEP,no measured false positives
httpwwwcnyesenet,16,0,0,0,,,KEEP,no measured false positives
httpwwwcnzitengcom,18,0,0,0,,,KEEP,no measured false positives
httpwwwcnzoiicom,16,0,0,0,,,KEEP,no measured false positives
httpwwwcnzxiangcn,17,0,0,0,,,KEEP,no measured false positives
httpwwwcollegeteenstubecom,26,0,0,0,,,KEEP,no measured false positives
httpwwwconvetnet,16,0,0,0,,,KEEP,no measured false positives
httpwwwcoogolfcom,17,0,0,0,,,KEEP,no measured false positives
httpwwwcoymhdinfo,17,0,0,0,,,KEEP,no measured false positives
httpwwwcozwwinfo,16,0,0,0,,,KEEP,no measured false positives
httpwwwcpmwccom,15,0,0,0,,,KEEP,no measured false positives
httpwwwcqajxcom,15,0,0,0,,,KEEP,no measured false positives
httpwwwcqgxyqcom,16,0,0,0,,,KEEP,no measured false positives
httpwwwcqjishancom,18,0,0,0,,,KEEP,no measured false positives
httpwwwcqjtjscom,16,0,0,0,,,KEEP,no measured false positives
httpwwwcqluhencom,17,0,0,0,,,KEEP,no measured false positives
httpwwwcqrnhinfo,16,0,0,0,,,KEEP,no measured false positives
httpwwwcqshuoruicom,19,0,0,0,,,KEEP,no measured false positives
httpwwwcqtzwnet,15,0,0,0,,,KEEP,no measured false positives
httpwwwcqyongaocom,18,0,0,0,,,KEEP,no measured false positives
httpwwwcreavetestcom,20,0,0,0,,,KEEP,no measured false positives
httpwwwcrpwzinfo,16,0,0,0,,,KEEP,no measured false positives
httpwwwcrxiaoshuocom,20,0,0,0,,,KEEP,no measured false positives
httpwwwcsdingshengcom,21,0,0,0,,,KEEP,no measured false positives
httpwwwcsmbqccom,16,0,0,0,,,KEEP,no measured false positives
httpwwwcssyxjcom,16,0,0,0,,,KEEP,no measured false positives
httpwwwcswuzhoucom,18,0,0,0,,,KEEP,no measured false positives
httpwwwcswyhcom,15,0,0,0,,,KEEP,no measured false positives
httpwwwcsxrlxjcom,17,0,0,0,,,KEEP,no measured false positives
httpwwwcsylwnet,15,0,0,0,,,KEEP,no measured false positives
httpwwwctgjswcom,16,0,0,0,,,KEEP,no measured false positives
httpwwwctwlhaocom,17,0,0,0,,,KEEP,no measured false positives
httpwwwcutepuppiesonlinecom,27,0,0,0,,,KEEP,no measured false positives
httpwwwcuwuuinfo,16,0,0,0,,,KEEP,no measured false positives
httpwwwcxaevydownload,21,0,0,0,,,KEEP,no measured false positives
httpwwwcxcymrcom,16,0,0,0,,,KEEP,no measured false positives
httpwwwcxkhjxcom,16,0,0,0,,,KEEP,no measured false positives
httpwwwcxsfbdcom,16,0,0,0,,,KEEP,no measured false positives
httpwwwcyfloorcom,17,0,0,0,,,KEEP,no measured false positives
httpwwwcyupsqudownload,22,0,0,0,,,KEEP,no measured false positives
httpwwwczqydfcom,16,0,0,0,,,KEEP,no measured false positives
httpwwwczskgjcom,16,0,0,0,,,KEEP,no measured false positives
httpwwwcztvme,13,0,0,0,,,KEEP,no measured false positives
httpwwwcztxggcom,16,0,0,0,,,KEEP,no measured false positives
httpwwwczwjpxcom,16,0,0,0,,,KEEP,no measured false positives
httpwwwczyujucom,16,0,0,0,,,KEEP,no measured false positives
httpwwwczyzxcn,14,0,0,0,,,KEEP,no measured false positives
httpwwwdabaoyuinfo,18,0,0,0,,,KEEP,no measured false positives
httpwwwdachenglifocom,21,0,0,0,,,KEEP,no measured false positives
httpwwwdafabame,15,0,0,0,,,KEEP,no measured false positives
httpwwwdahuitucc,16,0,0,0,,,KEEP,no measured false positives
httpwwwdaikinnmcom,18,0,0,0,,,KEEP,no measured false positives
httpwwwdamimifulicc,19,0,0,0,,,KEEP,no measured false positives
httpwwwdamingxxcom,18,0,0,0,,,KEEP,no measured false positives
httpwwwdamodhcom,16,0,0,0,,,KEEP,no measured false positives
httpwwwdamosecom,16,0,0,0,,,KEEP,no measured false positives
httpwwwdandanavcom,18,0,0,0,,,KEEP,no measured false positives
httpwwwdandanyscc,17,0,0,0,,,KEEP,no measured false positives
httpwwwdanganga,15,0,0,0,,,KEEP,no measured false positives
httpwwwdaoguovrwang,19,0,0,0,,,KEEP,no measured false positives
httpwwwdarenvdoinfo,19,0,0,0,,,KEEP,no measured false positives
httpwwwdasdigcom,16,0,0,0,,,KEEP,no measured false positives
httpwwwdauhnet,14,0,0,0,,,KEEP,no measured false positives
httpwwwdaxiaotaocom,19,0,0,0,,,KEEP,no measured false positives
httpwwwdaydayokcom,18,0,0,0,,,KEEP,no measured false positives
httpwwwdbdyqcom,15,0,0,0,,,KEEP,no measured false positives
httpwwwdcctoyscom,17,0,0,0,,,KEEP,no measured false positives
httpwwwdcugucn,14,0,0,0,,,KEEP,no measured false positives
httpwwwddavvqocn,16,0,0,0,,,KEEP,no measured false positives
httpwwwddccffjpdcn,18,0,0,0,,,KEEP,no measured false positives
httpwwwddrentiyishucom,22,0,0,0,,,KEEP,no measured false positives
httpwwwddyunet,14,0,0,0,,,KEEP,no measured false positives
httpwwwddzgovcn,15,0,0,0,,,KEEP,no measured false positives
httpwwwdeehellcom,17,0,0,0,,,KEEP,no measured false positives
httpwwwdeekmcom,15,0,0,0,,,KEEP,no measured false positives
httpwwwdefeaorg,15,0,0,0,,,KEEP,no measured false positives
httpwwwdeleyazhoucom,20,0,0,0,,,KEEP,no measured false positives
httpwwwdfclwccom,16,0,0,0,,,KEEP,no measured false positives
httpwwwdfhaicom,15,0,0,0,,,KEEP,no measured false positives
httpwwwdfstklinfo,17,0,0,0,,,KEEP,no measured false positives
httpwwwdgdygcom,15,0,0,0,,,KEEP,no measured false positives
httpwwwdghuidecom,17,0,0,0,,,KEEP,no measured false positives
httpwwwdghuojiawcom,19,0,0,0,,,KEEP,no measured false positives
httpwwwdglhhcom,15,0,0,0,,,KEEP,no measured false positives
httpwwwdgpeihongcom,19,0,0,0,,,KEEP,no measured false positives
httpwwwdgpsgycom,16,0,0,0,,,KEEP,no measured false positives
httpwwwdgtnpsjcom,17,0,0,0,,,KEEP,no measured false positives
httpwwwdgtopxyz,15,0,0,0,,,KEEP,no measured false positives
httpwwwdgzbxjcom,16,0,0,0,,,KEEP,no measured false positives
httpwwwdgzhuoyingcom,20,0,0,0,,,KEEP,no measured false positives
httpwwwdhrdthcn,15,0,0,0,,,KEEP,no measured false positives
httpwwwdhsttccom,16,0,0,0,,,KEEP,no measured false positives
httpwwwdianchidlcom,19,0,0,0,,,KEEP,no measured false positives
httpwwwdijiudalucom,19,0,0,0,,,KEEP,no measured false positives
httpwwwdingzume,15,0,0,0,,,KEEP,no measured false positives
httpwwwdinorwallpapercom,24,0,0,0,,,KEEP,no measured false positives
httpwwwdisneyxiangbaocom,24,0,0,0,,,KEEP,no measured false positives
httpwwwdiyiseinfo,17,0,0,0,,,KEEP,no measured false positives
httpwwwdiyiyklcom,17,0,0,0,,,KEEP,no measured false positives
httpwwwdjfrkdinfo,17,0,0,0,,,KEEP,no measured false positives
httpwwwdjhuafenchicom,21,0,0,0,,,KEEP,no measured false positives
httpwwwdjznlncn,15,0,0,0,,,KEEP,no measured false positives
httpwwwdkmuyecom,16,0,0,0,,,KEEP,no measured false positives
httpwwwdlsunshowcom,19,0,0,0,,,KEEP,no measured false positives
httpwwwdlttvrrdzfcc,19,0,0,0,,,KEEP,no measured false positives
httpwwwdmausus,14,0,0,0,,,KEEP,no measured false positives
httpwwwdmcqlscom,16,0,0,0,,,KEEP,no measured false positives
httpwwwdmjxxpyginfo,19,0,0,0,,,KEEP,no measured false positives
httpwwwdmmdyinfo,16,0,0,0,,,KEEP,no measured false positives
httpwwwdndoaccom,16,0,0,0,,,KEEP,no measured false positives
httpwwwdododhinfo,17,0,0,0,,,KEEP,no measured false positives
httpwwwdodozycom,16,0,0,0,,,KEEP,no measured false positives
httpwwwdomesrikaorg,19,0,0,0,,,KEEP,no measured false positives
httpwwwdongfangbznet,20,0,0,0,,,KEEP,no measured false positives
httpwwwdongfanghanjiecn,23,0,0,0,,,KEEP,no measured false positives
httpwwwdoubleriverscomcn,24,0,0,0,,,KEEP,no measured false positives
httpwwwdouzhenginfo,19,0,0,0,,,KEEP,no measured false positives
httpwwwdpgkzpinfo,17,0,0,0,,,KEEP,no measured false positives
httpwwwdqcotnet,15,0,0,0,,,KEEP,no measured false positives
httpwwwdqehmvkcn,16,0,0,0,,,KEEP,no measured false positives
httpwwwdqnvshcn,15,0,0,0,,,KEEP,no measured false positives
httpwwwdqwfggcom,16,0,0,0,,,KEEP,no measured false positives
httpwwwdrfyhcom,15,0,0,0,,,KEEP,no measured false positives
httpwwwdrjosephcomtw,20,0,0,0,,,KEEP,no measured false positives
httpwwwdrtecuccfreecom,22,0,0,0,,,KEEP,no measured false positives
httpwwwdsddsevaipl,18,0,0,0,,,KEEP,no measured false positives
httpwwwdsnspcom,15,0,0,0,,,KEEP,no measured false positives
httpwwwdstfanet,15,0,0,0,,,KEEP,no measured false positives
httpwwwdtcoginfo,16,0,0,0,,,KEEP,no measured false positives
httpwwwdtdhbxinfo,17,0,0,0,,,KEEP,no measured false positives
httpwwwdthyxcom,15,0,0,0,,,KEEP,no measured false positives
httpwwwdtongxincom,18,0,0,0,,,KEEP,no measured false positives
httpwwwduduhuaicom,18,0,0,0,,,KEEP,no measured false positives
httpwwwdugunaccountant,22,0,0,0,,,KEEP,no measured false positives
httpwwwdunpaiinfo,17,0,0,0,,,KEEP,no measured false positives
httpwwwduobaoyulecn,19,0,0,0,,,KEEP,no measured false positives
httpwwwduomeipw,15,0,0,0,,,KEEP,no measured false positives
httpwwwduotvcc,14,0,0,0,,,KEEP,no measured false positives
httpwwwdupcitcom,16,0,0,0,,,KEEP,no measured false positives
httpwwwduusucom,15,0,0,0,,,KEEP,no measured false positives
httpwwwdvxwnet,14,0,0,0,,,KEEP,no measured false positives
httpwwwdwjqhntcom,17,0,0,0,,,KEEP,no measured false positives
httpwwwdworldcomtw,18,0,0,0,,,KEEP,no measured false positives
httpwwwdxgbbscom,16,0,0,0,,,KEEP,no measured false positives
httpwwwdxgproncom,17,0,0,0,,,KEEP,no measured false positives
httpwwwdxjsxcom,15,0,0,0,,,KEEP,no measured false positives
httpwwwdxslscom,15,0,0,0,,,KEEP,no measured false positives
httpwwwdxulnet,14,0,0,0,,,KEEP,no measured false positives
httpwwwdxwijminfo,17,0,0,0,,,KEEP,no measured false positives
httpwwwdybirdcom,16,0,0,0,,,KEEP,no measured false positives
httpwwwdygangnet,16,0,0,0,,,KEEP,no measured false positives
httpwwwdyhxhbcom,16,0,0,0,,,KEEP,no measured false positives
httpwwwdyilongcom,17,0,0,0,,,KEEP,no measured false positives
httpwwwdyplaynet,16,0,0,0,,,KEEP,no measured false positives
httpwwwdyrrnet,14,0,0,0,,,KEEP,no measured false positives
httpwwwdyyqxcom,15,0,0,0,,,KEEP,no measured false positives
httpwwwdzsfjxhcom,17,0,0,0,,,KEEP,no measured false positives
httpwwwdzugnet,14,0,0,0,,,KEEP,no measured false positives
httpwwwdzwnlncom,16,0,0,0,,,KEEP,no measured false positives
httpwwwdzwxslcom,16,0,0,0,,,KEEP,no measured false positives
httpwwweastrepairorg,20,0,0,0,,,KEEP,no measured false positives
httpwwweasycountercom,21,0,0,0,,,KEEP,no measured false positives
httpwwweaxzdninfo,17,0,0,0,,,KEEP,no measured false positives
httpwwweboiyeblcn,17,0,0,0,,,KEEP,no measured false positives
httpwwweckeiwin,15,0,0,0,,,KEEP,no measured false positives
httpwwwecofemecn,16,0,0,0,,,KEEP,no measured false positives
httpwwwecqkkddzzcn,18,0,0,0,,,KEEP,no measured false positives
httpwwweducyjjcom,17,0,0,0,,,KEEP,no measured false positives
httpwwweeddfpcn,15,0,0,0,,,KEEP,no measured false positives
httpwwweenscbcn,15,0,0,0,,,KEEP,no measured false positives
httpwwweeuwnet,14,0,0,0,,,KEEP,no measured false positives
httpwwwefdoncom,15,0,0,0,,,KEEP,no measured false positives
httpwwwejaculationprocom,24,0,0,0,,,KEEP,no measured false positives
httpwwwejuwnet,14,0,0,0,,,KEEP,no measured false positives
httpwwwekrukcrcomcn,19,0,0,0,,,KEEP,no measured false positives
httpwwwelippgcn,15,0,0,0,,,KEEP,no measured false positives
httpwwwelwtkginfo,17,0,0,0,,,KEEP,no measured false positives
httpwwwemcxqcom,15,0,0,0,,,KEEP,no measured false positives
httpwwwemellowcom,17,0,0,0,,,KEEP,no measured false positives
httpwwweninaorg,15,0,0,0,,,KEEP,no measured false positives
httpwwwenshunkrcom,18,0,0,0,,,KEEP,no measured false positives
httpwwwepcookcom,16,0,0,0,,,KEEP,no measured false positives
httpwwwepsanitarycom,20,0,0,0,,,KEEP,no measured false positives
httpwwwepsjrinfo,16,0,0,0,,,KEEP,no measured false positives
httpwwwerghxxcn,15,0,0,0,,,KEEP,no measured false positives
httpwwwerlrrzoocn,17,0,0,0,,,KEEP,no measured false positives
httpwwweroticncom,17,0,0,0,,,KEEP,no measured false positives
httpwwwerphowcom,16,0,0,0,,,KEEP,no measured false positives
httpwwwesoccvmen,16,0,0,0,,,KEEP,no measured false positives
httpwwwespsjsbcom,17,0,0,0,,,KEEP,no measured false positives
httpwwwesrnuinfo,16,0,0,0,,,KEEP,no measured false positives
httpwwweukjwpinfo,17,0,0,0,,,KEEP,no measured false positives
httpwwwevijecom,15,0,0,0,,,KEEP,no measured false positives
httpwwwevnsrcom,15,0,0,0,,,KEEP,no measured false positives
httpwwwewmbtcom,15,0,0,0,,,KEEP,no measured false positives
httpwwwexcellentjtcom,21,0,0,0,,,KEEP,no measured false positives
httpwwweybemnet,15,0,0,0,,,KEEP,no measured false positives
httpwwweyuonlinecom,19,0,0,0,,,KEEP,no measured false positives
httpwwwezlrllinfo,17,0,0,0,,,KEEP,no measured false positives
httpwwwezsyycom,15,0,0,0,,,KEEP,no measured false positives
httpwwwfachebacc,16,0,0,0,,,KEEP,no measured false positives
httpwwwfahaiyscom,17,0,0,0,,,KEEP,no measured false positives
httpwwwfaneolnet,16,0,0,0,,,KEEP,no measured false positives
httpwwwfangmoviecom,19,0,0,0,,,KEEP,no measured false positives
httpwwwfangxcc,14,0,0,0,,,KEEP,no measured false positives
httpwwwfangxinmotorcom,22,0,0,0,,,KEEP,no measured false positives
httpwwwfangzhkjcom,18,0,0,0,,,KEEP,no measured false positives
httpwwwfanmuleicn,17,0,0,0,,,KEEP,no measured false positives
httpwwwfarircn,14,0,0,0,,,KEEP,no measured false positives
httpwwwfarneklcom,17,0,0,0,,,KEEP,no measured false positives
httpwwwfarrfetchcom,19,0,0,0,,,KEEP,no measured false positives
httpwwwfaseedhelmetcom,22,0,0,0,,,KEEP,no measured false positives
httpwwwfatbraintooyscom,23,0,0,0,,,KEEP,no measured false positives
httpwwwfclsjxcom,16,0,0,0,,,KEEP,no measured false positives
httpwwwfdyinet,14,0,0,0,,,KEEP,no measured false positives
httpwwwfengliuxiangyouyuancom,29,0,0,0,,,KEEP,no measured false positives
httpwwwffbooknet,16,0,0,0,,,KEEP,no measured false positives
httpwwwffremcom,15,0,0,0,,,KEEP,no measured false positives
httpwwwfgmxlcom,15,0,0,0,,,KEEP,no measured false positives
httpwwwfgrsiscoolpl,19,0,0,0,,,KEEP,no measured false positives
httpwwwfhrwizerecomcn,21,0,0,0,,,KEEP,no measured false positives
httpwwwfizzyporncom,19,0,0,0,,,KEEP,no measured false positives
httpwwwfjbaifucom,17,0,0,0,,,KEEP,no measured false positives
httpwwwfjfdhmcom,16,0,0,0,,,KEEP,no measured false positives
httpwwwfksltcom,15,0,0,0,,,KEEP,no measured false positives
httpwwwfkzgfbzcom,17,0,0,0,,,KEEP,no measured false positives
httpwwwflavdhcom,16,0,0,0,,,KEEP,no measured false positives
httpwwwfllddianticom,20,0,0,0,,,KEEP,no measured false positives
httpwwwflzbptcom,16,0,0,0,,,KEEP,no measured false positives
httpwwwfninaircom,17,0,0,0,,,KEEP,no measured false positives
httpwwwfoomoviecom,18,0,0,0,,,KEEP,no measured false positives
httpwwwforcepowercomcn,22,0,0,0,,,KEEP,no measured false positives
httpwwwfqckhhpinfo,18,0,0,0,,,KEEP,no measured false positives
httpwwwfranchinacom,19,0,0,0,,,KEEP,no measured false positives
httpwwwfraoodinfo,17,0,0,0,,,KEEP,no measured false positives
httpwwwfrbbxncn,15,0,0,0,,,KEEP,no measured false positives
httpwwwfreemoviebe,18,0,0,0,,,KEEP,no measured false positives
httpwwwfsjytechcom,18,0,0,0,,,KEEP,no measured false positives
httpwwwfsmucaomocom,19,0,0,0,,,KEEP,no measured false positives
httpwwwfswklmccom,17,0,0,0,,,KEEP,no measured false positives
httpwwwfsxlzcom,15,0,0,0,,,KEEP,no measured false positives
httpwwwfsyingyecom,18,0,0,0,,,KEEP,no measured false positives
httpwwwfujiyusokishcom,22,0,0,0,,,KEEP,no measured false positives
httpwwwfujssgkinfo,18,0,0,0,,,KEEP,no measured false positives
httpwwwfulichuandico,20,0,0,0,,,KEEP,no measured false positives
httpwwwfulidogcom,17,0,0,0,,,KEEP,no measured false positives
httpwwwfulixcc,14,0,0,0,,,KEEP,no measured false positives
httpwwwfulixiaozhunet,21,0,0,0,,,KEEP,no measured false positives
httpwwwfvnsrcom,15,0,0,0,,,KEEP,no measured false positives
httpwwwfvrwknet,15,0,0,0,,,KEEP,no measured false positives
httpwwwfvwdiucn,15,0,0,0,,,KEEP,no measured false positives
httpwwwfwetefcom,16,0,0,0,,,KEEP,no measured false positives
httpwwwfxfuoccn,15,0,0,0,,,KEEP,no measured false positives
httpwwwfxjdwxcn,15,0,0,0,,,KEEP,no measured false positives
httpwwwfxjyphotocom,19,0,0,0,,,KEEP,no measured false positives
httpwwwfyjincecom,17,0,0,0,,,KEEP,no measured false positives
httpwwwfynrbcom,15,0,0,0,,,KEEP,no measured false positives
httpwwwfytextilescom,20,0,0,0,,,KEEP,no measured false positives
httpwwwfzhcbjcom,16,0,0,0,,,KEEP,no measured false positives
httpwwwfzjiaxuecom,18,0,0,0,,,KEEP,no measured false positives
httpwwwgameonercom,18,0,0,0,,,KEEP,no measured false positives
httpwwwgamingcloudcom,21,0,0,0,,,KEEP,no measured false positives
httpwwwganbwangcom,18,0,0,0,,,KEEP,no measured false positives
httpwwwganpapacom,17,0,0,0,,,KEEP,no measured false positives
httpwwwganssbcom,16,0,0,0,,,KEEP,no measured false positives
httpwwwgantgcom,15,0,0,0,,,KEEP,no measured false positives
httpwwwganwawacom,17,0,0,0,,,KEEP,no measured false positives
httpwwwganyuemunet,18,0,0,0,,,KEEP,no measured false positives
httpwwwgaoanrcom,16,0,0,0,,,KEEP,no measured false positives
httpwwwgaobiwangcom,19,0,0,0,,,KEEP,no measured false positives
httpwwwgaochaozongcom,21,0,0,0,,,KEEP,no measured false positives
httpwwwgaodzcom,15,0,0,0,,,KEEP,no measured false positives
httpwwwgaogaorecom,18,0,0,0,,,KEEP,no measured false positives
httpwwwgaolkcom,15,0,0,0,,,KEEP,no measured false positives
httpwwwgarnscn,14,0,0,0,,,KEEP,no measured false positives
httpwwwgaultierxcom,19,0,0,0,,,KEEP,no measured false positives
httpwwwgavavdynet,17,0,0,0,,,KEEP,no measured false positives
httpwwwgavnewcom,16,0,0,0,,,KEEP,no measured false positives
httpwwwgavsexcom,16,0,0,0,,,KEEP,no measured false positives
httpwwwgcsdupcom,16,0,0,0,,,KEEP,no measured false positives
httpwwwgcyewucom,16,0,0,0,,,KEEP,no measured false positives
httpwwwgdjxynetcom,18,0,0,0,,,KEEP,no measured false positives
httpwwwgdlsjmmcom,17,0,0,0,,,KEEP,no measured false positives
httpwwwgdotme,13,0,0,0,,,KEEP,no measured false positives
httpwwwgdqgeducom,17,0,0,0,,,KEEP,no measured false positives
httpwwwgdqiaotiancom,20,0,0,0,,,KEEP,no measured false positives
httpwwwgdyhbxgzpcom,19,0,0,0,,,KEEP,no measured false positives
httpwwwgdzcbnet,15,0,0,0,,,KEEP,no measured false positives
httpwwwgegedhinfo,17,0,0,0,,,KEEP,no measured false positives
httpwwwgegeegancom,18,0,0,0,,,KEEP,no measured false positives
httpwwwgegeganmmcom,19,0,0,0,,,KEEP,no measured false positives
httpwwwgertradecom,18,0,0,0,,,KEEP,no measured false positives
httpwwwgfipqinfo,16,0,0,0,,,KEEP,no measured false positives
httpwwwgfnkczcn,15,0,0,0,,,KEEP,no measured false positives
httpwwwggavavcom,16,0,0,0,,,KEEP,no measured false positives
httpwwwggdavcom,15,0,0,0,,,KEEP,no measured false positives
httpwwwggggbbcom,16,0,0,0,,,KEEP,no measured false positives
httpwwwggixxoocom,17,0,0,0,,,KEEP,no measured false positives
httpwwwggsssinfo,16,0,0,0,,,KEEP,no measured false positives
httpwwwghjdewucn,16,0,0,0,,,KEEP,no measured false positives
httpwwwghtjwcn,14,0,0,0,,,KEEP,no measured false positives
httpwwwgigbawzmen,17,0,0,0,,,KEEP,no measured false positives
httpwwwgiohoncom,16,0,0,0,,,KEEP,no measured false positives
httpwwwgjyxfyicn,16,0,0,0,,,KEEP,no measured false positives
httpwwwgklvjjdownload,21,0,0,0,,,KEEP,no measured false positives
httpwwwgldsgscom,16,0,0,0,,,KEEP,no measured false positives
httpwwwgniuclub,15,0,0,0,,,KEEP,no measured false positives
httpwwwgnwxwcc,14,0,0,0,,,KEEP,no measured false positives
httpwwwgohotop,14,0,0,0,,,KEEP,no measured false positives
httpwwwgokpexacn,16,0,0,0,,,KEEP,no measured false positives
httpwwwgoldengreatwallcom,25,0,0,0,,,KEEP,no measured false positives
httpwwwgolfbfxcn,16,0,0,0,,,KEEP,no measured false positives
httpwwwgooddywcom,17,0,0,0,,,KEEP,no measured false positives
httpwwwgorvrxxrcn,17,0,0,0,,,KEEP,no measured false positives
httpwwwgougoululuinfo,21,0,0,0,,,KEEP,no measured false positives
httpwwwgqitklinfo,17,0,0,0,,,KEEP,no measured false positives
httpwwwgsgardeninncom,21,0,0,0,,,KEEP,no measured false positives
httpwwwgslvmvcom,16,0,0,0,,,KEEP,no measured false positives
httpwwwgszzscom,15,0,0,0,,,KEEP,no measured false positives
httpwwwguangzhoutournet,23,0,0,0,,,KEEP,no measured false positives
httpwwwguanhuakycom,19,0,0,0,,,KEEP,no measured false positives
httpwwwguantaocom,17,0,0,0,,,KEEP,no measured false positives
httpwwwguoganylcom,18,0,0,0,,,KEEP,no measured false positives
httpwwwguolushebeicom,21,0,0,0,,,KEEP,no measured false positives
httpwwwguomored,15,0,0,0,,,KEEP,no measured false positives
httpwwwguoyuleathercom,22,0,0,0,,,KEEP,no measured false positives
httpwwwguqipackcom,18,0,0,0,,,KEEP,no measured false positives
httpwwwguzfjqcn,15,0,0,0,,,KEEP,no measured false positives
httpwwwgvfulicom,16,0,0,0,,,KEEP,no measured false positives
httpwwwgwwgwrbmen,17,0,0,0,,,KEEP,no measured false positives
httpwwwgxhyteracom,18,0,0,0,,,KEEP,no measured false positives
httpwwwgxlzpjzscom,18,0,0,0,,,KEEP,no measured false positives
httpwwwgxpolycom,16,0,0,0,,,KEEP,no measured false positives
httpwwwgxtpdzdtcom,18,0,0,0,,,KEEP,no measured false positives
httpwwwgxttlpcn,15,0,0,0,,,KEEP,no measured false positives
httpwwwgxyslzcom,16,0,0,0,,,KEEP,no measured false positives
httpwwwgyhengyuncom,19,0,0,0,,,KEEP,no measured false positives
httpwwwgyjvwin,14,0,0,0,,,KEEP,no measured false positives
httpwwwgzcmpaorg,16,0,0,0,,,KEEP,no measured false positives
httpwwwgzgaopaicom,18,0,0,0,,,KEEP,no measured false positives
httpwwwgzgmjdcom,16,0,0,0,,,KEEP,no measured false positives
httpwwwgzkeyasicom,18,0,0,0,,,KEEP,no measured false positives
httpwwwgzqtccom,15,0,0,0,,,KEEP,no measured false positives
httpwwwgzvendingcn,18,0,0,0,,,KEEP,no measured false positives
httpwwwgzxfdzylcom,18,0,0,0,,,KEEP,no measured false positives
httpwwwgzzhaohangcom,20,0,0,0,,,KEEP,no measured false positives
httpwwwgzzoyecom,16,0,0,0,,,KEEP,no measured false positives
httpwwwhacgbz,13,0,0,0,,,KEEP,no measured false positives
httpwwwhackacenet,17,0,0,0,,,KEEP,no measured false positives
httpwwwhahaqqnet,16,0,0,0,,,KEEP,no measured false positives
httpwwwhahasenet,16,0,0,0,,,KEEP,no measured false positives
httpwwwhaichuangzjcom,21,0,0,0,,,KEEP,no measured false positives
httpwwwhailipumpcom,19,0,0,0,,,KEEP,no measured false positives
httpwwwhaimaocc,15,0,0,0,,,KEEP,no measured false positives
httpwwwhainancwcom,18,0,0,0,,,KEEP,no measured false positives
httpwwwhainanjiabicom,21,0,0,0,,,KEEP,no measured false positives
httpwwwhanfanginfo,18,0,0,0,,,KEEP,no measured false positives
httpwwwhanyuxiaommocom,22,0,0,0,,,KEEP,no measured false positives
httpwwwhaodhcf,14,0,0,0,,,KEEP,no measured false positives
httpwwwhaodujinshucom,21,0,0,0,,,KEEP,no measured false positives
httpwwwhaoflorg,15,0,0,0,,,KEEP,no measured false positives
httpwwwhaofukuacom,18,0,0,0,,,KEEP,no measured false positives
httpwwwhaofulicc,16,0,0,0,,,KEEP,no measured false positives
httpwwwhaoruiqichecom,21,0,0,0,,,KEEP,no measured false positives
httpwwwhaosaowcom,17,0,0,0,,,KEEP,no measured false positives
httpwwwhaoyuhengqicom,21,0,0,0,,,KEEP,no measured false positives
httpwwwhapayinfo,16,0,0,0,,,KEEP,no measured false positives
httpwwwhatrmracing,18,0,0,0,,,KEEP,no measured false positives
httpwwwhbcxmfcom,16,0,0,0,,,KEEP,no measured false positives
httpwwwhbdlgycomcn,18,0,0,0,,,KEEP,no measured false positives
httpwwwhbespsjcom,17,0,0,0,,,KEEP,no measured false positives
httpwwwhbhtdlcom,16,0,0,0,,,KEEP,no measured false positives
httpwwwhbhytechcom,18,0,0,0,,,KEEP,no measured false positives
httpwwwhbjbznet,15,0,0,0,,,KEEP,no measured false positives
httpwwwhbjsjixiecom,19,0,0,0,,,KEEP,no measured false positives
httpwwwhbjuntengfacom,21,0,0,0,,,KEEP,no measured false positives
httpwwwhbqzjxcom,16,0,0,0,,,KEEP,no measured false positives
httpwwwhbshuodacom,18,0,0,0,,,KEEP,no measured false positives
httpwwwhbshwycom,16,0,0,0,,,KEEP,no measured false positives
httpwwwhbwdzlcom,16,0,0,0,,,KEEP,no measured false positives
httpwwwhbyahecom,16,0,0,0,,,KEEP,no measured false positives
httpwwwhbyfgdzzcom,18,0,0,0,,,KEEP,no measured false positives
httpwwwhbytzscom,16,0,0,0,,,KEEP,no measured false positives
httpwwwhbzhtyjxcom,18,0,0,0,,,KEEP,no measured false positives
httpwwwhcbccinfo,16,0,0,0,,,KEEP,no measured false positives
httpwwwhcmhxxcom,16,0,0,0,,,KEEP,no measured false positives
httpwwwhcpxekpogmcomcn,22,0,0,0,,,KEEP,no measured false positives
httpwwwhcqpkrinfo,17,0,0,0,,,KEEP,no measured false positives
httpwwwhdchachecom,18,0,0,0,,,KEEP,no measured false positives
httpwwwhdckjcom,15,0,0,0,,,KEEP,no measured false positives
httpwwwhdmeecom,15,0,0,0,,,KEEP,no measured false positives
httpwwwhdmeetingcn,18,0,0,0,,,KEEP,no measured false positives
httpwwwhdslgscom,16,0,0,0,,,KEEP,no measured false positives
httpwwwhdsxyscom,16,0,0,0,,,KEEP,no measured false positives
httpwwwhdvnteinfo,17,0,0,0,,,KEEP,no measured false positives
httpwwwhdwhgscom,16,0,0,0,,,KEEP,no measured false positives
httpwwwhebaowangorg,19,0,0,0,,,KEEP,no measured false positives
httpwwwhebenfycom,17,0,0,0,,,KEEP,no measured false positives
httpwwwhebhtsmcom,17,0,0,0,,,KEEP,no measured false positives
httpwwwheheavcom,16,0,0,0,,,KEEP,no measured false positives
httpwwwheijinbccom,18,0,0,0,,,KEEP,no measured false positives
httpwwwheishiwangyecom,22,0,0,0,,,KEEP,no measured false positives
httpwwwhemasujiaocom,20,0,0,0,,,KEEP,no measured false positives
httpwwwhengshengtechcomcn,25,0,0,0,,,KEEP,no measured false positives
httpwwwhengyandacom,19,0,0,0,,,KEEP,no measured false positives
httpwwwhenhenganccom,20,0,0,0,,,KEEP,no measured false positives
httpwwwhenhenslucom,19,0,0,0,,,KEEP,no measured false positives
httpwwwhenhlcom,15,0,0,0,,,KEEP,no measured false positives
httpwwwhenlubanet,17,0,0,0,,,KEEP,no measured false positives
httpwwwhenshelacom,18,0,0,0,,,KEEP,no measured false positives
httpwwwhentaiboobsnet,21,0,0,0,,,KEEP,no measured false positives
httpwwwhesccypmen,17,0,0,0,,,KEEP,no measured false positives
httpwwwheshizfucom,18,0,0,0,,,KEEP,no measured false positives
httpwwwheubbscom,16,0,0,0,,,KEEP,no measured false positives
httpwwwhflywmwcom,17,0,0,0,,,KEEP,no measured false positives
httpwwwhfmwdccn,15,0,0,0,,,KEEP,no measured false positives
httpwwwhfnonwovenscom,21,0,0,0,,,KEEP,no measured false positives
httpwwwhfxinshijiecom,21,0,0,0,,,KEEP,no measured false positives
httpwwwhhavacom,15,0,0,0,,,KEEP,no measured false positives
httpwwwhhfvuscn,15,0,0,0,,,KEEP,no measured false positives
httpwwwhhggbbinfo,17,0,0,0,,,KEEP,no measured false positives
httpwwwhhgkgscom,16,0,0,0,,,KEEP,no measured false positives
httpwwwhhiiqqinfo,17,0,0,0,,,KEEP,no measured false positives
httpwwwhhikvacn,15,0,0,0,,,KEEP,no measured false positives
httpwwwhhjjmmcn,15,0,0,0,,,KEEP,no measured false positives
httpwwwhhjxmpcn,15,0,0,0,,,KEEP,no measured false positives
httpwwwhhrxrtrcn,16,0,0,0,,,KEEP,no measured false positives
httpwwwhhszhcom,15,0,0,0,,,KEEP,no measured false positives
httpwwwhhucfcn,14,0,0,0,,,KEEP,no measured false positives
httpwwwhioajfcn,15,0,0,0,,,KEEP,no measured false positives
httpwwwhitecorcom,17,0,0,0,,,KEEP,no measured false positives
httpwwwhjxxwcomcn,17,0,0,0,,,KEEP,no measured false positives
httpwwwhkfulicom,16,0,0,0,,,KEEP,no measured false positives
httpwwwhkjhklwaccountant,24,0,0,0,,,KEEP,no measured false positives
httpwwwhkopalmobilecom,22,0,0,0,,,KEEP,no measured false positives
httpwwwhkvcjjaccountant,23,0,0,0,,,KEEP,no measured false positives
httpwwwhljgqnccom,17,0,0,0,,,KEEP,no measured false positives
httpwwwhljthjycom,17,0,0,0,,,KEEP,no measured false positives
httpwwwhlnjycom,15,0,0,0,,,KEEP,no measured false positives
httpwwwhmjaupw,14,0,0,0,,,KEEP,no measured false positives
httpwwwhmqjdcom,15,0,0,0,,,KEEP,no measured false positives
httpwwwhncyhbcom,16,0,0,0,,,KEEP,no measured false positives
httpwwwhndmetmen,16,0,0,0,,,KEEP,no measured false positives
httpwwwhndygjccom,17,0,0,0,,,KEEP,no measured false positives
httpwwwhnembacn,15,0,0,0,,,KEEP,no measured false positives
httpwwwhnglxqcom,16,0,0,0,,,KEEP,no measured false positives
httpwwwhnhsdhcom,16,0,0,0,,,KEEP,no measured false positives
httpwwwhnlxzgcom,16,0,0,0,,,KEEP,no measured false positives
httpwwwhnnyqscom,16,0,0,0,,,KEEP,no measured false positives
httpwwwhnqrzscom,16,0,0,0,,,KEEP,no measured false positives
httpwwwhnqydzcom,16,0,0,0,,,KEEP,no measured false positives
httpwwwhnrywhcom,16,0,0,0,,,KEEP,no measured false positives
httpwwwhnsclwcom,16,0,0,0,,,KEEP,no measured false positives
httpwwwhntwzycom,16,0,0,0,,,KEEP,no measured false positives
httpwwwhnxfdjcom,16,0,0,0,,,KEEP,no measured false positives
httpwwwhnxiangducom,19,0,0,0,,,KEEP,no measured false positives
httpwwwhnyhdcn,14,0,0,0,,,KEEP,no measured false positives
httpwwwhnyutaijxcom,19,0,0,0,,,KEEP,no measured false positives
httpwwwhnyxbcn,14,0,0,0,,,KEEP,no measured false positives
httpwwwhnzhiqicom,17,0,0,0,,,KEEP,no measured false positives
httpwwwhnzlywwcom,17,0,0,0,,,KEEP,no measured false positives
httpwwwhojijacn,15,0,0,0,,,KEEP,no measured false positives
httpwwwhomeshezcom,18,0,0,0,,,KEEP,no measured false positives
httpwwwhongchaoinfo,19,0,0,0,,,KEEP,no measured false positives
httpwwwhongjshuncom,19,0,0,0,,,KEEP,no measured false positives
httpwwwhongnuocngcom,20,0,0,0,,,KEEP,no measured false positives
httpwwwhongtengzhiyicomcn,25,0,0,0,,,KEEP,no measured false positives
httpwwwhongxingdycom,20,0,0,0,,,KEEP,no measured false positives
httpwwwhongxinlvcaicom,22,0,0,0,,,KEEP,no measured false positives
httpwwwhongyiyccom,18,0,0,0,,,KEEP,no measured false positives
httpwwwhontiycom,16,0,0,0,,,KEEP,no measured false positives
httpwwwhorunhaycn,17,0,0,0,,,KEEP,no measured false positives
httpwwwhoteammecomcn,20,0,0,0,,,KEEP,no measured false positives
httpwwwhoupunet,15,0,0,0,,,KEEP,no measured false positives
httpwwwhpbdtjyqcn,17,0,0,0,,,KEEP,no measured false positives
httpwwwhpbgudeocn,17,0,0,0,,,KEEP,no measured false positives
httpwwwhpbkeymtcn,17,0,0,0,,,KEEP,no measured false positives
httpwwwhpiwzcom,15,0,0,0,,,KEEP,no measured false positives
httpwwwhplincom,15,0,0,0,,,KEEP,no measured false positives
httpwwwhpzdanet,15,0,0,0,,,KEEP,no measured false positives
httpwwwhqkzyzcom,16,0,0,0,,,KEEP,no measured false positives
httpwwwhrbfstdqcom,18,0,0,0,,,KEEP,no measured false positives
httpwwwhrbyyyycomcn,19,0,0,0,,,KEEP,no measured false positives
httpwwwhrfbxdvvcn,17,0,0,0,,,KEEP,no measured false positives
httpwwwhrmywdownload,20,0,0,0,,,KEEP,no measured false positives
httpwwwhsajlcn,14,0,0,0,,,KEEP,no measured false positives
httpwwwhsasxcn,14,0,0,0,,,KEEP,no measured false positives
httpwwwhshcxscom,16,0,0,0,,,KEEP,no measured false positives
httpwwwhsljxjcom,16,0,0,0,,,KEEP,no measured false positives
httpwwwhsnigucom,16,0,0,0,,,KEEP,no measured false positives
httpwwwhssjwjcom,16,0,0,0,,,KEEP,no measured false positives
httpwwwhsxmenyecom,18,0,0,0,,,KEEP,no measured false positives
httpwwwhsypycom,15,0,0,0,,,KEEP,no measured false positives
httpwwwhthtggcom,16,0,0,0,,,KEEP,no measured false positives
httpwwwhtjzxzzcom,17,0,0,0,,,KEEP,no measured false positives
httpwwwhtrhrthtrhtcn,20,0,0,0,,,KEEP,no measured false positives
httpwwwhtslhwcom,16,0,0,0,,,KEEP,no measured false positives
httpwwwhuailaojiecom,20,0,0,0,,,KEEP,no measured false positives
httpwwwhuaipapainfo,19,0,0,0,,,KEEP,no measured false positives
httpwwwhuamaoguanyecom,22,0,0,0,,,KEEP,no measured false positives
httpwwwhuanglexiucom,20,0,0,0,,,KEEP,no measured false positives
httpwwwhuangmeitvcom,20,0,0,0,,,KEEP,no measured false positives
httpwwwhuangsedianyingnet,25,0,0,0,,,KEEP,no measured false positives
httpwwwhuaxingkejinet,21,0,0,0,,,KEEP,no measured false positives
httpwwwhuichaobaowencom,23,0,0,0,,,KEEP,no measured false positives
httpwwwhuilangcc,16,0,0,0,,,KEEP,no measured false positives
httpwwwhuinoecom,16,0,0,0,,,KEEP,no measured false positives
httpwwwhuisekuinfo,18,0,0,0,,,KEEP,no measured false positives
httpwwwhuizhonggdcom,20,0,0,0,,,KEEP,no measured false positives
httpwwwhuizhouonthegocom,24,0,0,0,,,KEEP,no measured false positives
httpwwwhukrnnet,15,0,0,0,,,KEEP,no measured false positives
httpwwwhuliavcom,16,0,0,0,,,KEEP,no measured false positives
httpwwwhunnsuinfo,17,0,0,0,,,KEEP,no measured false positives
httpwwwhuoshantvxyz,19,0,0,0,,,KEEP,no measured false positives
httpwwwhuoyungzcom,18,0,0,0,,,KEEP,no measured false positives
httpwwwhuveeinfo,16,0,0,0,,,KEEP,no measured false positives
httpwwwhuxigdcom,16,0,0,0,,,KEEP,no measured false positives
httpwwwhvhjinfo,15,0,0,0,,,KEEP,no measured false positives
httpwwwhvrnxtinfo,17,0,0,0,,,KEEP,no measured false positives
httpwwwhvugncom,15,0,0,0,,,KEEP,no measured false positives
httpwwwhxfldhcom,16,0,0,0,,,KEEP,no measured false positives
httpwwwhynhcc,13,0,0,0,,,KEEP,no measured false positives
httpwwwhynvyoucom,17,0,0,0,,,KEEP,no measured false positives
httpwwwhytjbjcom,16,0,0,0,,,KEEP,no measured false positives
httpwwwhywfyminfo,17,0,0,0,,,KEEP,no measured false positives
httpwwwhzbenbucom,17,0,0,0,,,KEEP,no measured false positives
httpwwwhzbqgscom,16,0,0,0,,,KEEP,no measured false positives
httpwwwhzhhbycom,16,0,0,0,,,KEEP,no measured false positives
httpwwwhzhuanbaocom,19,0,0,0,,,KEEP,no measured false positives
httpwwwhzlfnycom,16,0,0,0,,,KEEP,no measured false positives
httpwwwhzmjzycomcn,18,0,0,0,,,KEEP,no measured false positives
httpwwwhztlqycom,16,0,0,0,,,KEEP,no measured false positives
httpwwwhzzhswkjcn,17,0,0,0,,,KEEP,no measured false positives
httpwwwiapjtvcn,15,0,0,0,,,KEEP,no measured false positives
httpwwwiavpornnet,17,0,0,0,,,KEEP,no measured false positives
httpwwwiavppcom,15,0,0,0,,,KEEP,no measured false positives
httpwwwibobbabycom,18,0,0,0,,,KEEP,no measured false positives
httpwwwibtechdevcom,19,0,0,0,,,KEEP,no measured false positives
httpwwwibtibtcom,16,0,0,0,,,KEEP,no measured false positives
httpwwwicaoniuinfo,18,0,0,0,,,KEEP,no measured false positives
httpwwwiewmqminfo,17,0,0,0,,,KEEP,no measured false positives
httpwwwifamecoltdcom,20,0,0,0,,,KEEP,no measured false positives
httpwwwifulisaocom,18,0,0,0,,,KEEP,no measured false positives
httpwwwihqfdbescn,17,0,0,0,,,KEEP,no measured false positives
httpwwwiieeehhzzzcomcn,22,0,0,0,,,KEEP,no measured false positives
httpwwwiiicacom,15,0,0,0,,,KEEP,no measured false positives
httpwwwiikandycom,17,0,0,0,,,KEEP,no measured false positives
httpwwwiilinkinfo,17,0,0,0,,,KEEP,no measured false positives
httpwwwiixddzlcn,16,0,0,0,,,KEEP,no measured false positives
httpwwwiknekpmen,16,0,0,0,,,KEEP,no measured false positives
httpwwwiletzscn,15,0,0,0,,,KEEP,no measured false positives
httpwwwimaoonet,15,0,0,0,,,KEEP,no measured false positives
httpwwwindustrialtus,20,0,0,0,,,KEEP,no measured false positives
httpwwwinduyaocom,17,0,0,0,,,KEEP,no measured false positives
httpwwwinpkucom,15,0,0,0,,,KEEP,no measured false positives
httpwwwiohhnjbcn,16,0,0,0,,,KEEP,no measured false positives
httpwwwiovrxtbcn,16,0,0,0,,,KEEP,no measured false positives
httpwwwioxqeginfo,17,0,0,0,,,KEEP,no measured false positives
httpwwwipnbevvmen,17,0,0,0,,,KEEP,no measured false positives
httpwwwipodrockcom,18,0,0,0,,,KEEP,no measured false positives
httpwwwipornworld,17,0,0,0,,,KEEP,no measured false positives
httpwwwiqiyiycom,16,0,0,0,,,KEEP,no measured false positives
httpwwwiqydhtop,15,0,0,0,,,KEEP,no measured false positives
httpwwwirgcumemen,17,0,0,0,,,KEEP,no measured false positives
httpwwwisdmhzinfo,17,0,0,0,,,KEEP,no measured false positives
httpwwwisztzcom,15,0,0,0,,,KEEP,no measured false positives
httpwwwitaobaoocom,18,0,0,0,,,KEEP,no measured false positives
httpwwwitaobarcn,16,0,0,0,,,KEEP,no measured false positives
httpwwwitpcadcomcn,18,0,0,0,,,KEEP,no measured false positives
httpwwwituantuanrecom,21,0,0,0,,,KEEP,no measured false positives
httpwwwituzqloan,16,0,0,0,,,KEEP,no measured false positives
httpwwwiurqfwcn,15,0,0,0,,,KEEP,no measured false positives
httpwwwiuurgcom,15,0,0,0,,,KEEP,no measured false positives
httpwwwiuxetvcn,15,0,0,0,,,KEEP,no measured false positives
httpwwwivnextonline,19,0,0,0,,,KEEP,no measured false positives
httpwwwiyaojiecom,17,0,0,0,,,KEEP,no measured false positives
httpwwwiytxgecn,15,0,0,0,,,KEEP,no measured false positives
httpwwwjabsjfinfo,17,0,0,0,,,KEEP,no measured false positives
httpwwwjavhihivideo,19,0,0,0,,,KEEP,no measured false positives
httpwwwjaymengcom,17,0,0,0,,,KEEP,no measured false positives
httpwwwjbbhfacn,15,0,0,0,,,KEEP,no measured false positives
httpwwwjbbninfo,15,0,0,0,,,KEEP,no measured false positives
httpwwwjbnchus,14,0,0,0,,,KEEP,no measured false positives
httpwwwjbqxwvip,15,0,0,0,,,KEEP,no measured false positives
httpwwwjcgyzpccom,17,0,0,0,,,KEEP,no measured false positives
httpwwwjcjdjdcom,16,0,0,0,,,KEEP,no measured false positives
httpwwwjcwlszcom,16,0,0,0,,,KEEP,no measured false positives
httpwwwjcycoatingscom,21,0,0,0,,,KEEP,no measured false positives
httpwwwjdbloccom,16,0,0,0,,,KEEP,no measured false positives
httpwwwjdlxzccom,16,0,0,0,,,KEEP,no measured false positives
httpwwwjdnetcomcn,17,0,0,0,,,KEEP,no measured false positives
httpwwwjdpssbcom,16,0,0,0,,,KEEP,no measured false positives
httpwwwjdvhhjcn,15,0,0,0,,,KEEP,no measured false positives
httpwwwjgihhminfo,17,0,0,0,,,KEEP,no measured false positives
httpwwwjgjxpfinfo,17,0,0,0,,,KEEP,no measured false positives
httpwwwjhrtbocc,15,0,0,0,,,KEEP,no measured false positives
httpwwwjhujmcinfo,17,0,0,0,,,KEEP,no measured false positives
httpwwwjiaduimiancom,20,0,0,0,,,KEEP,no measured false positives
httpwwwjianchenginfo,20,0,0,0,,,KEEP,no measured false positives
httpwwwjianourencomcn,21,0,0,0,,,KEEP,no measured false positives
httpwwwjiansesenet,18,0,0,0,,,KEEP,no measured false positives
httpwwwjiaodongcarcom,21,0,0,0,,,KEEP,no measured false positives
httpwwwjidanhuangcc,19,0,0,0,,,KEEP,no measured false positives
httpwwwjieyaojmcom,18,0,0,0,,,KEEP,no measured false positives
httpwwwjieyaosecom,18,0,0,0,,,KEEP,no measured false positives
httpwwwjingpinlipincomcn,24,0,0,0,,,KEEP,no measured false positives
httpwwwjiqingsesecom,20,0,0,0,,,KEEP,no measured false positives
httpwwwjisewangcom,18,0,0,0,,,KEEP,no measured false positives
httpwwwjistitchcom,18,0,0,0,,,KEEP,no measured false positives
httpwwwjiuheyinet,17,0,0,0,,,KEEP,no measured false positives
httpwwwjiuidngrefcom,20,0,0,0,,,KEEP,no measured false positives
httpwwwjiujiuchemcom,20,0,0,0,,,KEEP,no measured false positives
httpwwwjiujiurecc,17,0,0,0,,,KEEP,no measured false positives
httpwwwjiulubacom,17,0,0,0,,,KEEP,no measured false positives
httpwwwjiuxiantucn,18,0,0,0,,,KEEP,no measured false positives
httpwwwjizzrontuinfo,20,0,0,0,,,KEEP,no measured false positives
httpwwwjjfamencom,17,0,0,0,,,KEEP,no measured false positives
httpwwwjjltmouldcomcn,21,0,0,0,,,KEEP,no measured false positives
httpwwwjjsavcom,15,0,0,0,,,KEEP,no measured false positives
httpwwwjjskxxcom,16,0,0,0,,,KEEP,no measured false positives
httpwwwjjsqwcom,15,0,0,0,,,KEEP,no measured false positives
httpwwwjjthffinfo,17,0,0,0,,,KEEP,no measured false positives
httpwwwjkbpfhwcom,17,0,0,0,,,KEEP,no measured false positives
httpwwwjkmacanet,16,0,0,0,,,KEEP,no measured false positives
httpwwwjkphxloan,16,0,0,0,,,KEEP,no measured false positives
httpwwwjkzlzzcom,16,0,0,0,,,KEEP,no measured false positives
httpwwwjlhuadingcom,19,0,0,0,,,KEEP,no measured false positives
httpwwwjljhzzcom,16,0,0,0,,,KEEP,no measured false positives
httpwwwjlxjyzxcom,17,0,0,0,,,KEEP,no measured false positives
httpwwwjlzzclcom,16,0,0,0,,,KEEP,no measured false positives
httpwwwjmyvccom,15,0,0,0,,,KEEP,no measured false positives
httpwwwjncmnet,14,0,0,0,,,KEEP,no measured false positives
httpwwwjndxzcom,15,0,0,0,,,KEEP,no measured false positives
httpwwwjngzjlbcom,17,0,0,0,,,KEEP,no measured false positives
httpwwwjnnjxcn,14,0,0,0,,,KEEP,no measured false positives
httpwwwjnoghqlycn,17,0,0,0,,,KEEP,no measured false positives
httpwwwjnpaowanjicom,20,0,0,0,,,KEEP,no measured false positives
httpwwwjnyushuncom,18,0,0,0,,,KEEP,no measured false positives
httpwwwjoijjfaith,17,0,0,0,,,KEEP,no measured false positives
httpwwwjplgwugracing,20,0,0,0,,,KEEP,no measured false positives
httpwwwjptravelingjapancom,26,0,0,0,,,KEEP,no measured false positives
httpwwwjqjdypshcom,18,0,0,0,,,KEEP,no measured false positives
httpwwwjqyxsccom,16,0,0,0,,,KEEP,no measured false positives
httpwwwjsavdhpw,15,0,0,0,,,KEEP,no measured false positives
httpwwwjshaodongcom,19,0,0,0,,,KEEP,no measured false positives
httpwwwjshyrlhscom,18,0,0,0,,,KEEP,no measured false positives
httpwwwjsjwhbcom,16,0,0,0,,,KEEP,no measured false positives
httpwwwjslhtvpcn,16,0,0,0,,,KEEP,no measured false positives
httpwwwjslzntcn,15,0,0,0,,,KEEP,no measured false positives
httpwwwjspbhjtcn,16,0,0,0,,,KEEP,no measured false positives
httpwwwjsrjlvvcn,16,0,0,0,,,KEEP,no measured false positives
httpwwwjssntgcom,16,0,0,0,,,KEEP,no measured false positives
httpwwwjssypncom,16,0,0,0,,,KEEP,no measured false positives
httpwwwjsvjjbbcn,16,0,0,0,,,KEEP,no measured false positives
httpwwwjswfzjcom,16,0,0,0,,,KEEP,no measured false positives
httpwwwjszxxtlcn,16,0,0,0,,,KEEP,no measured false positives
httpwwwjszysysbcom,18,0,0,0,,,KEEP,no measured false positives
httpwwwjszzpjdcn,16,0,0,0,,,KEEP,no measured false positives
httpwwwjtbjwcn,14,0,0,0,,,KEEP,no measured false positives
httpwwwjthongguangcom,21,0,0,0,,,KEEP,no measured false positives
httpwwwjtjfzlcn,15,0,0,0,,,KEEP,no measured false positives
httpwwwjtlsascom,16,0,0,0,,,KEEP,no measured false positives
httpwwwjtpprjvvcn,17,0,0,0,,,KEEP,no measured false positives
httpwwwjudenengyuancn,21,0,0,0,,,KEEP,no measured false positives
httpwwwjujishangmaocom,22,0,0,0,,,KEEP,no measured false positives
httpwwwjukudocom,16,0,0,0,,,KEEP,no measured false positives
httpwwwjulixucom,16,0,0,0,,,KEEP,no measured false positives
httpwwwjunyuanpincom,20,0,0,0,,,KEEP,no measured false positives
httpwwwjushishiyecom,20,0,0,0,,,KEEP,no measured false positives
httpwwwjvztpdinfo,17,0,0,0,,,KEEP,no measured false positives
httpwwwjwxwwdvkcn,17,0,0,0,,,KEEP,no measured false positives
httpwwwjxdsrcom,15,0,0,0,,,KEEP,no measured false positives
httpwwwjxevdcom,15,0,0,0,,,KEEP,no measured false positives
httpwwwjxjhbycom,16,0,0,0,,,KEEP,no measured false positives
httpwwwjxjjwycom,16,0,0,0,,,KEEP,no measured false positives
httpwwwjxjsjzlcom,17,0,0,0,,,KEEP,no measured false positives
httpwwwjxlyycomcn,17,0,0,0,,,KEEP,no measured false positives
httpwwwjxrlxscom,16,0,0,0,,,KEEP,no measured false positives
httpwwwjxsejszcomcn,19,0,0,0,,,KEEP,no measured false positives
httpwwwjxshidiaocom,19,0,0,0,,,KEEP,no measured false positives
httpwwwjxvkudinfo,17,0,0,0,,,KEEP,no measured false positives
httpwwwjxyfqdcom,16,0,0,0,,,KEEP,no measured false positives
httpwwwjxyscgcom,16,0,0,0,,,KEEP,no measured false positives
httpwwwjyikwtinfo,17,0,0,0,,,KEEP,no measured false positives
httpwwwjyjcadscom,17,0,0,0,,,KEEP,no measured false positives
httpwwwjytattoocom,18,0,0,0,,,KEEP,no measured false positives
httpwwwjzciscom,15,0,0,0,,,KEEP,no measured false positives
httpwwwjzcyfrpcom,17,0,0,0,,,KEEP,no measured false positives
httpwwwjzvkngeuinfo,19,0,0,0,,,KEEP,no measured false positives
httpwwwjzvoicenet,17,0,0,0,,,KEEP,no measured false positives
httpwwwkacajpcom,16,0,0,0,,,KEEP,no measured false positives
httpwwwkaisuoyongjucom,22,0,0,0,,,KEEP,no measured false positives
httpwwwkanbenzinet,18,0,0,0,,,KEEP,no measured false positives
httpwwwkanchengrennet,21,0,0,0,,,KEEP,no measured false positives
httpwwwkankansheacom,20,0,0,0,,,KEEP,no measured false positives
httpwwwkankantv,15,0,0,0,,,KEEP,no measured false positives
httpwwwkanrijucom,17,0,0,0,,,KEEP,no measured false positives
httpwwwkanshennet,17,0,0,0,,,KEEP,no measured false positives
httpwwwkantiantangcom,21,0,0,0,,,KEEP,no measured false positives
httpwwwkayqicom,15,0,0,0,,,KEEP,no measured false positives
httpwwwkbacpcom,15,0,0,0,,,KEEP,no measured false positives
httpwwwkbcrwzcom,16,0,0,0,,,KEEP,no measured false positives
httpwwwkconlolqinfo,19,0,0,0,,,KEEP,no measured false positives
httpwwwkdaavcn,14,0,0,0,,,KEEP,no measured false positives
httpwwwkedouwangcc,18,0,0,0,,,KEEP,no measured false positives
httpwwwkekejiajiaocom,21,0,0,0,,,KEEP,no measured false positives
httpwwwkeliecom,15,0,0,0,,,KEEP,no measured false positives
httpwwwkelindecom,17,0,0,0,,,KEEP,no measured false positives
httpwwwkemeizscom,17,0,0,0,,,KEEP,no measured false positives
httpwwwkeruifuhuacom,20,0,0,0,,,KEEP,no measured false positives
httpwwwkesejwebsite,19,0,0,0,,,KEEP,no measured false positives
httpwwwkeunitechcom,19,0,0,0,,,KEEP,no measured false positives
httpwwwkgqivyhinfo,18,0,0,0,,,KEEP,no measured false positives
httpwwwkhffdcom,15,0,0,0,,,KEEP,no measured false positives
httpwwwkhupzinfo,16,0,0,0,,,KEEP,no measured false positives
httpwwwkibtnofcn,16,0,0,0,,,KEEP,no measured false positives
httpwwwkimosongnet,18,0,0,0,,,KEEP,no measured false positives
httpwwwkingsotoncom,19,0,0,0,,,KEEP,no measured false positives
httpwwwkjffmhinfo,17,0,0,0,,,KEEP,no measured false positives
httpwwwkkavccom,15,0,0,0,,,KEEP,no measured false positives
httpwwwkkeawmqcn,16,0,0,0,,,KEEP,no measured false positives
httpwwwkkfuinfo,15,0,0,0,,,KEEP,no measured false positives
httpwwwkkjjhvjnbcn,18,0,0,0,,,KEEP,no measured false positives
httpwwwkkkqsgugcn,17,0,0,0,,,KEEP,no measured false positives
httpwwwkklfqtinfo,17,0,0,0,,,KEEP,no measured false positives
httpwwwkkloocom,15,0,0,0,,,KEEP,no measured false positives
httpwwwkkncccn,14,0,0,0,,,KEEP,no measured false positives
httpwwwkkoseeacn,16,0,0,0,,,KEEP,no measured false positives
httpwwwkkspclub,15,0,0,0,,,KEEP,no measured false positives
httpwwwkkuuucomcn,17,0,0,0,,,KEEP,no measured false positives
httpwwwkkwieokucn,17,0,0,0,,,KEEP,no measured false positives
httpwwwkljazcom,15,0,0,0,,,KEEP,no measured false positives
httpwwwkmjzjxcom,16,0,0,0,,,KEEP,no measured false positives
httpwwwkntimenet,16,0,0,0,,,KEEP,no measured false positives
httpwwwkoeezuhcn,16,0,0,0,,,KEEP,no measured false positives
httpwwwkozbelinfo,17,0,0,0,,,KEEP,no measured false positives
httpwwwkpcgorg,14,0,0,0,,,KEEP,no measured false positives
httpwwwkqzvxmcn,15,0,0,0,,,KEEP,no measured false positives
httpwwwksbaolilaicom,20,0,0,0,,,KEEP,no measured false positives
httpwwwkscompressorcom,22,0,0,0,,,KEEP,no measured false positives
httpwwwkshenjucom,17,0,0,0,,,KEEP,no measured false positives
httpwwwkssmkcn,14,0,0,0,,,KEEP,no measured false positives
httpwwwkssuityoucom,19,0,0,0,,,KEEP,no measured false positives
httpwwwkstmniinfo,17,0,0,0,,,KEEP,no measured false positives
httpwwwktzptkinfo,17,0,0,0,,,KEEP,no measured false positives
httpwwwkuaffcom,15,0,0,0,,,KEEP,no measured false positives
httpwwwkuangquanshuitongcom,27,0,0,0,,,KEEP,no measured false positives
httpwwwkubvinfo,15,0,0,0,,,KEEP,no measured false positives
httpwwwkumianbaocom,19,0,0,0,,,KEEP,no measured false positives
httpwwwkuuewin,14,0,0,0,,,KEEP,no measured false positives
httpwwwkvrnyinfo,16,0,0,0,,,KEEP,no measured false positives
httpwwwkwtdqcomcn,17,0,0,0,,,KEEP,no measured false positives
httpwwwkxmfrcfmen,17,0,0,0,,,KEEP,no measured false positives
httpwwwkxmoftinfo,17,0,0,0,,,KEEP,no measured false positives
httpwwwladygcjkcom,18,0,0,0,,,KEEP,no measured false positives
httpwwwlaikanmeiinfo,20,0,0,0,,,KEEP,no measured false positives
httpwwwlaldhcom,15,0,0,0,,,KEEP,no measured false positives
httpwwwlangyoucom,17,0,0,0,,,KEEP,no measured false positives
httpwwwlaojiexxcom,18,0,0,0,,,KEEP,no measured false positives
httpwwwlaokinfo,15,0,0,0,,,KEEP,no measured false positives
httpwwwlaosijizipaicom,22,0,0,0,,,KEEP,no measured false positives
httpwwwlaoyadhcom,17,0,0,0,,,KEEP,no measured false positives
httpwwwlashucc,14,0,0,0,,,KEEP,no measured false positives
httpwwwlayyamcn,15,0,0,0,,,KEEP,no measured false positives
httpwwwlbldycom,15,0,0,0,,,KEEP,no measured false positives
httpwwwlccgrcom,15,0,0,0,,,KEEP,no measured false positives
httpwwwlcgldofmen,17,0,0,0,,,KEEP,no measured false positives
httpwwwlcrfdsmcom,17,0,0,0,,,KEEP,no measured false positives
httpwwwleadingcastingcom,24,0,0,0,,,KEEP,no measured false positives
httpwwwlebsmhbqmen,18,0,0,0,,,KEEP,no measured false positives
httpwwwlechoncn,15,0,0,0,,,KEEP,no measured false positives
httpwwwledechinacom,19,0,0,0,,,KEEP,no measured false positives
httpwwwlegcn,12,0,0,0,,,KEEP,no measured false positives
httpwwwlegouaicom,17,0,0,0,,,KEEP,no measured false positives
httpwwwlehaojccom,17,0,0,0,,,KEEP,no measured false positives
httpwwwlengdunjiagongcom,24,0,0,0,,,KEEP,no measured false positives
httpwwwlesavinfo,16,0,0,0,,,KEEP,no measured false positives
httpwwwlevelmotorcom,20,0,0,0,,,KEEP,no measured false positives
httpwwwlexbfyinfo,17,0,0,0,,,KEEP,no measured false positives
httpwwwlfbmgcom,15,0,0,0,,,KEEP,no measured false positives
httpwwwlfjuanzhibaowenguancom,29,0,0,0,,,KEEP,no measured false positives
httpwwwlfjxlxcom,16,0,0,0,,,KEEP,no measured false positives
httpwwwlfnzjhcom,16,0,0,0,,,KEEP,no measured false positives
httpwwwlfotnet,14,0,0,0,,,KEEP,no measured false positives
httpwwwlfsyjcom,15,0,0,0,,,KEEP,no measured false positives
httpwwwlgcrrmen,15,0,0,0,,,KEEP,no measured false positives
httpwwwlhappycom,16,0,0,0,,,KEEP,no measured false positives
httpwwwlhjnet,13,0,0,0,,,KEEP,no measured false positives
httpwwwlhmouldcom,17,0,0,0,,,KEEP,no measured false positives
httpwwwlhqugaaaccountant,24,0,0,0,,,KEEP,no measured false positives
httpwwwlhtsjcom,15,0,0,0,,,KEEP,no measured false positives
httpwwwliangyijincn,19,0,0,0,,,KEEP,no measured false positives
httpwwwlifrzzggloan,19,0,0,0,,,KEEP,no measured false positives
httpwwwligoumallcom,19,0,0,0,,,KEEP,no measured false positives
httpwwwlinpous,14,0,0,0,,,KEEP,no measured false positives
httpwwwlitesunnetcom,20,0,0,0,,,KEEP,no measured false positives
httpwwwliveteenstubecom,23,0,0,0,,,KEEP,no measured false positives
httpwwwljbcjcom,15,0,0,0,,,KEEP,no measured false positives
httpwwwljbxxuwloan,18,0,0,0,,,KEEP,no measured false positives
httpwwwljdxhinfo,16,0,0,0,,,KEEP,no measured false positives
httpwwwljmyrxcn,15,0,0,0,,,KEEP,no measured false positives
httpwwwllfvtcncn,16,0,0,0,,,KEEP,no measured false positives
httpwwwllianfacom,17,0,0,0,,,KEEP,no measured false positives
httpwwwllqrwcom,15,0,0,0,,,KEEP,no measured false positives
httpwwwllsesecom,16,0,0,0,,,KEEP,no measured false positives
httpwwwlnxylxscom,17,0,0,0,,,KEEP,no measured false positives
httpwwwlocvuyccn,16,0,0,0,,,KEEP,no measured false positives
httpwwwlodielecom,17,0,0,0,,,KEEP,no measured false positives
httpwwwloldyttcom,17,0,0,0,,,KEEP,no measured false positives
httpwwwlolixicom,16,0,0,0,,,KEEP,no measured false positives
httpwwwlonghdnet,16,0,0,0,,,KEEP,no measured false positives
httpwwwlotuocc,14,0,0,0,,,KEEP,no measured false positives
httpwwwloyeqgucn,16,0,0,0,,,KEEP,no measured false positives
httpwwwlqnzhenshiqicom,22,0,0,0,,,KEEP,no measured false positives
httpwwwlrcyavinfo,17,0,0,0,,,KEEP,no measured false positives
httpwwwlrfxjfvvcn,17,0,0,0,,,KEEP,no measured false positives
httpwwwlrkgcpw,14,0,0,0,,,KEEP,no measured false positives
httpwwwlrshbycn,15,0,0,0,,,KEEP,no measured false positives
httpwwwlswjsacom,16,0,0,0,,,KEEP,no measured false positives
httpwwwlswjsbcom,16,0,0,0,,,KEEP,no measured false positives
httpwwwlswjsccom,16,0,0,0,,,KEEP,no measured false positives
httpwwwlswjsdcom,16,0,0,0,,,KEEP,no measured false positives
httpwwwlswjsycom,16,0,0,0,,,KEEP,no measured false positives
httpwwwlswqncom,15,0,0,0,,,KEEP,no measured false positives
httpwwwltohhsinfo,17,0,0,0,,,KEEP,no measured false positives
httpwwwluanqcom,15,0,0,0,,,KEEP,no measured false positives
httpwwwlubobonet,16,0,0,0,,,KEEP,no measured false positives
httpwwwludashicf,16,0,0,0,,,KEEP,no measured false positives
httpwwwlujiingjincom,20,0,0,0,,,KEEP,no measured false positives
httpwwwlulersonline,19,0,0,0,,,KEEP,no measured false positives
httpwwwlulolucom,16,0,0,0,,,KEEP,no measured false positives
httpwwwlulupronnet,18,0,0,0,,,KEEP,no measured false positives
httpwwwlulusxxxcom,18,0,0,0,,,KEEP,no measured false positives
httpwwwluluxiacomcn,19,0,0,0,,,KEEP,no measured false positives
httpwwwlunwenbbscom,19,0,0,0,,,KEEP,no measured false positives
httpwwwluolawcom,16,0,0,0,,,KEEP,no measured false positives
httpwwwluolivcom,16,0,0,0,,,KEEP,no measured false positives
httpwwwlusheluinfo,18,0,0,0,,,KEEP,no measured false positives
httpwwwlutvtvcom,16,0,0,0,,,KEEP,no measured false positives
httpwwwluusrainfo,17,0,0,0,,,KEEP,no measured false positives
httpwwwlvafcsfonline,20,0,0,0,,,KEEP,no measured false positives
httpwwwlvbotouzicom,19,0,0,0,,,KEEP,no measured false positives
httpwwwlvbuyingnet,18,0,0,0,,,KEEP,no measured false positives
httpwwwlvnhtbtcn,16,0,0,0,,,KEEP,no measured false positives
httpwwwlvrvfzrcn,16,0,0,0,,,KEEP,no measured false positives
httpwwwlvtaiysonline,20,0,0,0,,,KEEP,no measured false positives
httpwwwlvzhjpdcn,16,0,0,0,,,KEEP,no measured false positives
httpwwwlwecjbinfo,17,0,0,0,,,KEEP,no measured false positives
httpwwwlwngsloan,16,0,0,0,,,KEEP,no measured false positives
httpwwwlwxscom,14,0,0,0,,,KEEP,no measured false positives
httpwwwlxxqccom,15,0,0,0,,,KEEP,no measured false positives
httpwwwlxycpjcom,16,0,0,0,,,KEEP,no measured false positives
httpwwwlyaikoucom,17,0,0,0,,,KEEP,no measured false positives
httpwwwlychayecomcn,19,0,0,0,,,KEEP,no measured false positives
httpwwwlygsayycom,17,0,0,0,,,KEEP,no measured false positives
httpwwwlyjssycom,16,0,0,0,,,KEEP,no measured false positives
httpwwwlykddwcn,15,0,0,0,,,KEEP,no measured false positives
httpwwwlylmjqcom,16,0,0,0,,,KEEP,no measured false positives
httpwwwlyreadcom,16,0,0,0,,,KEEP,no measured false positives
httpwwwlywabroadinfo,20,0,0,0,,,KEEP,no measured false positives
httpwwwlywcccom,15,0,0,0,,,KEEP,no measured false positives
httpwwwlywwinfo,15,0,0,0,,,KEEP,no measured false positives
httpwwwlyyuandongcom,20,0,0,0,,,KEEP,no measured false positives
httpwwwlzdcccom,15,0,0,0,,,KEEP,no measured false positives
httpwwwlzhhgcom,15,0,0,0,,,KEEP,no measured false positives
httpwwwlzjanet,14,0,0,0,,,KEEP,no measured false positives
httpwwwlzjzwcn,14,0,0,0,,,KEEP,no measured false positives
httpwwwlzrlpcncn,16,0,0,0,,,KEEP,no measured false positives
httpwwwlzzvtvinfo,17,0,0,0,,,KEEP,no measured false positives
httpwwwlzzyqycom,16,0,0,0,,,KEEP,no measured false positives
httpwwwmadallecom,17,0,0,0,,,KEEP,no measured false positives
httpwwwmaduyacom,16,0,0,0,,,KEEP,no measured false positives
httpwwwmaijiachaocn,19,0,0,0,,,KEEP,no measured false positives
httpwwwmakesensestudiocom,25,0,0,0,,,KEEP,no measured false positives
httpwwwmamigcom,15,0,0,0,,,KEEP,no measured false positives
httpwwwmantianlicn,18,0,0,0,,,KEEP,no measured false positives
httpwwwmaomiporncom,19,0,0,0,,,KEEP,no measured false positives
httpwwwmaotutv,14,0,0,0,,,KEEP,no measured false positives
httpwwwmaoyutvcom,17,0,0,0,,,KEEP,no measured false positives
httpwwwmasbstcom,16,0,0,0,,,KEEP,no measured false positives
httpwwwmascytxcom,17,0,0,0,,,KEEP,no measured false positives
httpwwwmayauucom,16,0,0,0,,,KEEP,no measured false positives
httpwwwmayflowerscomcn,22,0,0,0,,,KEEP,no measured false positives
httpwwwmbbrocn,14,0,0,0,,,KEEP,no measured false positives
httpwwwmcbbsorg,15,0,0,0,,,KEEP,no measured false positives
httpwwwmcdzwlcom,16,0,0,0,,,KEEP,no measured false positives
httpwwwmdflhscom,16,0,0,0,,,KEEP,no measured false positives
httpwwwmdszcomcn,16,0,0,0,,,KEEP,no measured false positives
httpwwwmegarjhcom,17,0,0,0,,,KEEP,no measured false positives
httpwwwmeiguoshicicom,21,0,0,0,,,KEEP,no measured false positives
httpwwwmeijubcom,16,0,0,0,,,KEEP,no measured false positives
httpwwwmeijula,14,0,0,0,,,KEEP,no measured false positives
httpwwwmeikangsoftcom,21,0,0,0,,,KEEP,no measured false positives
httpwwwmeinvyingshicom,22,0,0,0,,,KEEP,no measured false positives
httpwwwmeisefulicc,18,0,0,0,,,KEEP,no measured false positives
httpwwwmeriorcom,16,0,0,0,,,KEEP,no measured false positives
httpwwwmetogq,13,0,0,0,,,KEEP,no measured false positives
httpwwwmetroodealcom,20,0,0,0,,,KEEP,no measured false positives
httpwwwmfavzyorg,16,0,0,0,,,KEEP,no measured false positives
httpwwwmfhuwcom,15,0,0,0,,,KEEP,no measured false positives
httpwwwmgavdhpw,15,0,0,0,,,KEEP,no measured false positives
httpwwwmhhhuwinfo,17,0,0,0,,,KEEP,no measured false positives
httpwwwmhtadcom,15,0,0,0,,,KEEP,no measured false positives
httpwwwmhzgledcom,17,0,0,0,,,KEEP,no measured false positives
httpwwwmikifancom,17,0,0,0,,,KEEP,no measured false positives
httpwwwmimeidhnet,17,0,0,0,,,KEEP,no measured false positives
httpwwwmimninfo,15,0,0,0,,,KEEP,no measured false positives
httpwwwmingdiaoinfo,19,0,0,0,,,KEEP,no measured false positives
httpwwwmingpinmjcom,19,0,0,0,,,KEEP,no measured false positives
httpwwwmitaopacom,17,0,0,0,,,KEEP,no measured false positives
httpwwwmitaosexcom,18,0,0,0,,,KEEP,no measured false positives
httpwwwmitatinfo,16,0,0,0,,,KEEP,no measured false positives
httpwwwmjrdtxinfo,17,0,0,0,,,KEEP,no measured false positives
httpwwwmkaztjlcn,16,0,0,0,,,KEEP,no measured false positives
httpwwwmkulbqowwcomcn,21,0,0,0,,,KEEP,no measured false positives
httpwwwmlbmsegmcn,17,0,0,0,,,KEEP,no measured false positives
httpwwwmlbuyccebzcn,19,0,0,0,,,KEEP,no measured false positives
httpwwwmleayjinfo,17,0,0,0,,,KEEP,no measured false positives
httpwwwmmaiavcom,16,0,0,0,,,KEEP,no measured false positives
httpwwwmmiiwwcom,16,0,0,0,,,KEEP,no measured false positives
httpwwwmmluolicom,17,0,0,0,,,KEEP,no measured false positives
httpwwwmmmaeyeicn,17,0,0,0,,,KEEP,no measured false positives
httpwwwmmmeizicom,17,0,0,0,,,KEEP,no measured false positives
httpwwwmmsfzcn,14,0,0,0,,,KEEP,no measured false positives
httpwwwmmtvtvcom,16,0,0,0,,,KEEP,no measured false positives
httpwwwmmwisdomcom,18,0,0,0,,,KEEP,no measured false positives
httpwwwmmxxgq,13,0,0,0,,,KEEP,no measured false positives
httpwwwmmzwinfo,15,0,0,0,,,KEEP,no measured false positives
httpwwwmnjzycn,14,0,0,0,,,KEEP,no measured false positives
httpwwwmnltwcom,15,0,0,0,,,KEEP,no measured false positives
httpwwwmnsrbycn,15,0,0,0,,,KEEP,no measured false positives
httpwwwmoauinfo,15,0,0,0,,,KEEP,no measured false positives
httpwwwmobifulivip,18,0,0,0,,,KEEP,no measured false positives
httpwwwmoeconnet,16,0,0,0,,,KEEP,no measured false positives
httpwwwmofaninfo,16,0,0,0,,,KEEP,no measured false positives
httpwwwmombbscom,16,0,0,0,,,KEEP,no measured false positives
httpwwwmomingtangyishucom,25,0,0,0,,,KEEP,no measured false positives
httpwwwmomojibacom,18,0,0,0,,,KEEP,no measured false positives
httpwwwmonaibbsme,17,0,0,0,,,KEEP,no measured false positives
httpwwwmotoqwikicom,19,0,0,0,,,KEEP,no measured false positives
httpwwwmoubetcom,16,0,0,0,,,KEEP,no measured false positives
httpwwwmowekcinfo,17,0,0,0,,,KEEP,no measured false positives
httpwwwmpcuyimqlcn,18,0,0,0,,,KEEP,no measured false positives
httpwwwmqqnrgocn,16,0,0,0,,,KEEP,no measured false positives
httpwwwmrsdelicom,17,0,0,0,,,KEEP,no measured false positives
httpwwwmsjfjoinfo,17,0,0,0,,,KEEP,no measured false positives
httpwwwmslsjcom,15,0,0,0,,,KEEP,no measured false positives
httpwwwmuerfulixyz,18,0,0,0,,,KEEP,no measured false positives
httpwwwmuziyltop,16,0,0,0,,,KEEP,no measured false positives
httpwwwmvtmokinfo,17,0,0,0,,,KEEP,no measured false positives
httpwwwmwkmoinfo,16,0,0,0,,,KEEP,no measured false positives
httpwwwmwujxloan,16,0,0,0,,,KEEP,no measured false positives
httpwwwmxteachcom,17,0,0,0,,,KEEP,no measured false positives
httpwwwmxuuinfo,15,0,0,0,,,KEEP,no measured false positives
httpwwwmydeskcitycom,20,0,0,0,,,KEEP,no measured false positives
httpwwwmyghk,12,0,0,0,,,KEEP,no measured false positives
httpwwwmyimyicom,16,0,0,0,,,KEEP,no measured false positives
httpwwwmyjglginfo,17,0,0,0,,,KEEP,no measured false positives
httpwwwmylamsoncom,18,0,0,0,,,KEEP,no measured false positives
httpwwwmzldcinfo,16,0,0,0,,,KEEP,no measured false positives
httpwwwmzmpmginfo,17,0,0,0,,,KEEP,no measured false positives
httpwwwmzqyfcom,15,0,0,0,,,KEEP,no measured false positives
httpwwwnaimabavipcom,20,0,0,0,,,KEEP,no measured false positives
httpwwwnameikemycom,19,0,0,0,,,KEEP,no measured false positives
httpwwwnanadycom,16,0,0,0,,,KEEP,no measured false positives
httpwwwnanjingyecom,19,0,0,0,,,KEEP,no measured false positives
httpwwwnastyteentubecom,23,0,0,0,,,KEEP,no measured false positives
httpwwwnbguanghuicom,20,0,0,0,,,KEEP,no measured false positives
httpwwwnbxxjxwsycom,19,0,0,0,,,KEEP,no measured false positives
httpwwwnbygpehacn,17,0,0,0,,,KEEP,no measured false positives
httpwwwnbzxjscom,16,0,0,0,,,KEEP,no measured false positives
httpwwwndshtcn,14,0,0,0,,,KEEP,no measured false positives
httpwwwneicgwhinfo,18,0,0,0,,,KEEP,no measured false positives
httpwwwnekoxxxcom,17,0,0,0,,,KEEP,no measured false positives
httpwwwnexopacom,16,0,0,0,,,KEEP,no measured false positives
httpwwwnezkhtinfo,17,0,0,0,,,KEEP,no measured false positives
httpwwwnfavdhpw,15,0,0,0,,,KEEP,no measured false positives
httpwwwnflkkcom,15,0,0,0,,,KEEP,no measured false positives
httpwwwngxrjfinfo,17,0,0,0,,,KEEP,no measured false positives
httpwwwnhffcloan,16,0,0,0,,,KEEP,no measured false positives
httpwwwnhsovloan,16,0,0,0,,,KEEP,no measured false positives
httpwwwnhxcwcom,15,0,0,0,,,KEEP,no measured false positives
httpwwwniaofulixyz,18,0,0,0,,,KEEP,no measured false positives
httpwwwniggcknet,16,0,0,0,,,KEEP,no measured false positives
httpwwwnimeilecom,17,0,0,0,,,KEEP,no measured false positives
httpwwwninuinfo,15,0,0,0,,,KEEP,no measured false positives
httpwwwniulangga,16,0,0,0,,,KEEP,no measured false positives
httpwwwniuniupengcn,19,0,0,0,,,KEEP,no measured false positives
httpwwwniupiccom,16,0,0,0,,,KEEP,no measured false positives
httpwwwniwosinfo,16,0,0,0,,,KEEP,no measured false positives
httpwwwnjdyxjcom,16,0,0,0,,,KEEP,no measured false positives
httpwwwnjhengshuncom,20,0,0,0,,,KEEP,no measured false positives
httpwwwnjobmbiz,15,0,0,0,,,KEEP,no measured false positives
httpwwwnjspwlcom,16,0,0,0,,,KEEP,no measured false positives
httpwwwnjtbqccom,16,0,0,0,,,KEEP,no measured false positives
httpwwwnjtofxcpcn,17,0,0,0,,,KEEP,no measured false positives
httpwwwnjythrcom,16,0,0,0,,,KEEP,no measured false positives
httpwwwnkhtsjcom,16,0,0,0,,,KEEP,no measured false positives
httpwwwnkpnxloan,16,0,0,0,,,KEEP,no measured false positives
httpwwwnlgekpw,14,0,0,0,,,KEEP,no measured false positives
httpwwwnmcfezcom,16,0,0,0,,,KEEP,no measured false positives
httpwwwnmdaohangcom,19,0,0,0,,,KEEP,no measured false positives
httpwwwnmsskjcom,16,0,0,0,,,KEEP,no measured false positives
httpwwwnndeinfo,15,0,0,0,,,KEEP,no measured false positives
httpwwwnnfhzndcn,16,0,0,0,,,KEEP,no measured false positives
httpwwwnnxdtlpcn,16,0,0,0,,,KEEP,no measured false positives
httpwwwnobesoncom,17,0,0,0,,,KEEP,no measured false positives
httpwwwnongcunxscom,19,0,0,0,,,KEEP,no measured false positives
httpwwwnongfutv,15,0,0,0,,,KEEP,no measured false positives
httpwwwnpjtnlcn,15,0,0,0,,,KEEP,no measured false positives
httpwwwnqfyecinfo,17,0,0,0,,,KEEP,no measured false positives
httpwwwnqjsjcom,15,0,0,0,,,KEEP,no measured false positives
httpwwwnrbgiftcom,17,0,0,0,,,KEEP,no measured false positives
httpwwwnrishowcasecom,21,0,0,0,,,KEEP,no measured false positives
httpwwwnsjdme,13,0,0,0,,,KEEP,no measured false positives
httpwwwnsyfccom,15,0,0,0,,,KEEP,no measured false positives
httpwwwntbjmcom,15,0,0,0,,,KEEP,no measured false positives
httpwwwntnlxvcn,15,0,0,0,,,KEEP,no measured false positives
httpwwwntsttxcom,16,0,0,0,,,KEEP,no measured false positives
httpwwwntvgzrbdownload,22,0,0,0,,,KEEP,no measured false positives
httpwwwnuyechacom,17,0,0,0,,,KEEP,no measured false positives
httpwwwnvshengshexyz,20,0,0,0,,,KEEP,no measured false positives
httpwwwnvshenretk,17,0,0,0,,,KEEP,no measured false positives
httpwwwnvshoecom,16,0,0,0,,,KEEP,no measured false positives
httpwwwnvyoudhspace,19,0,0,0,,,KEEP,no measured false positives
httpwwwnwfjritcn,16,0,0,0,,,KEEP,no measured false positives
httpwwwnwjjlabcn,16,0,0,0,,,KEEP,no measured false positives
httpwwwnwlxdxinfo,17,0,0,0,,,KEEP,no measured false positives
httpwwwnyadoracom,17,0,0,0,,,KEEP,no measured false positives
httpwwwnyjlzccom,16,0,0,0,,,KEEP,no measured false positives
httpwwwnyyzxyzscn,17,0,0,0,,,KEEP,no measured false positives
httpwwwoaiiscn,14,0,0,0,,,KEEP,no measured false positives
httpwwwoaqnrtiloan,18,0,0,0,,,KEEP,no measured false positives
httpwwwocywkzinfo,17,0,0,0,,,KEEP,no measured false positives
httpwwwoengunaicn,17,0,0,0,,,KEEP,no measured false positives
httpwwwogbzieinfo,17,0,0,0,,,KEEP,no measured false positives
httpwwwogdbjcom,15,0,0,0,,,KEEP,no measured false positives
httpwwwognjaxinfo,17,0,0,0,,,KEEP,no measured false positives
httpwwwogwqagcn,15,0,0,0,,,KEEP,no measured false positives
httpwwwoirojikcn,16,0,0,0,,,KEEP,no measured false positives
httpwwwokcyminfo,16,0,0,0,,,KEEP,no measured false positives
httpwwwokdtxhpcn,16,0,0,0,,,KEEP,no measured false positives
httpwwwokmillcom,16,0,0,0,,,KEEP,no measured false positives
httpwwwokttrvbcn,16,0,0,0,,,KEEP,no measured false positives
httpwwwokxzbjncn,16,0,0,0,,,KEEP,no measured false positives
httpwwwokykcwscn,16,0,0,0,,,KEEP,no measured false positives
httpwwwomakkinocom,18,0,0,0,,,KEEP,no measured false positives
httpwwwomiwacn,14,0,0,0,,,KEEP,no measured false positives
httpwwwomshekinfo,17,0,0,0,,,KEEP,no measured false positives
httpwwwooksjcom,15,0,0,0,,,KEEP,no measured false positives
httpwwwoongaoencn,17,0,0,0,,,KEEP,no measured false positives
httpwwwoooogrcom,16,0,0,0,,,KEEP,no measured false positives
httpwwwopnrguinfo,17,0,0,0,,,KEEP,no measured false positives
httpwwwoqbtvoinfo,17,0,0,0,,,KEEP,no measured false positives
httpwwwoqlshoinfo,17,0,0,0,,,KEEP,no measured false positives
httpwwwoqootvcn,15,0,0,0,,,KEEP,no measured false positives
httpwwwoqtmgcinfo,17,0,0,0,,,KEEP,no measured false positives
httpwwwoticrhcn,15,0,0,0,,,KEEP,no measured false positives
httpwwwotzdotinfo,17,0,0,0,,,KEEP,no measured false positives
httpwwwoumeisesecom,19,0,0,0,,,KEEP,no measured false positives
httpwwwoxzntuloan,17,0,0,0,,,KEEP,no measured false positives
httpwwwoyqgtsdmen,17,0,0,0,,,KEEP,no measured false positives
httpwwwpailezucom,17,0,0,0,,,KEEP,no measured false positives
httpwwwpainninfo,16,0,0,0,,,KEEP,no measured false positives
httpwwwpairgq,13,0,0,0,,,KEEP,no measured false positives
httpwwwpajxpmzcn,16,0,0,0,,,KEEP,no measured false positives
httpwwwpanjitdiodecn,20,0,0,0,,,KEEP,no measured false positives
httpwwwpantonesekacom,21,0,0,0,,,KEEP,no measured false positives
httpwwwpanzzcom,15,0,0,0,,,KEEP,no measured false positives
httpwwwpapagongshecom,21,0,0,0,,,KEEP,no measured false positives
httpwwwpapapatunet,18,0,0,0,,,KEEP,no measured false positives
httpwwwpatiayucom,17,0,0,0,,,KEEP,no measured false positives
httpwwwpaxiacc,14,0,0,0,,,KEEP,no measured false positives
httpwwwpbhivyinfo,17,0,0,0,,,KEEP,no measured false positives
httpwwwpcbshopnet,17,0,0,0,,,KEEP,no measured false positives
httpwwwpdfhnetcn,16,0,0,0,,,KEEP,no measured false positives
httpwwwpemiumbeatcom,20,0,0,0,,,KEEP,no measured false positives
httpwwwpengdasujicom,20,0,0,0,,,KEEP,no measured false positives
httpwwwpfvipcom,15,0,0,0,,,KEEP,no measured false positives
httpwwwphosramcn,16,0,0,0,,,KEEP,no measured false positives
httpwwwpigdvdcom,16,0,0,0,,,KEEP,no measured false positives
httpwwwpinganmamicom,20,0,0,0,,,KEEP,no measured false positives
httpwwwpinxingus,16,0,0,0,,,KEEP,no measured false positives
httpwwwpipsdecalscom,20,0,0,0,,,KEEP,no measured false positives
httpwwwpjdhinfo,15,0,0,0,,,KEEP,no measured false positives
httpwwwpjfeidacom,17,0,0,0,,,KEEP,no measured false positives
httpwwwpjlbbsnet,16,0,0,0,,,KEEP,no measured false positives
httpwwwpjsdyninfo,17,0,0,0,,,KEEP,no measured false positives
httpwwwpkcibehuinfo,19,0,0,0,,,KEEP,no measured false positives
httpwwwplaymmtop,16,0,0,0,,,KEEP,no measured false positives
httpwwwplayppccom,17,0,0,0,,,KEEP,no measured false positives
httpwwwplseycom,15,0,0,0,,,KEEP,no measured false positives
httpwwwpmjfcomcn,16,0,0,0,,,KEEP,no measured false positives
httpwwwpnlhjzinfo,17,0,0,0,,,KEEP,no measured false positives
httpwwwpnmmvoinfo,17,0,0,0,,,KEEP,no measured false positives
httpwwwpohootop,15,0,0,0,,,KEEP,no measured false positives
httpwwwpomiavcom,16,0,0,0,,,KEEP,no measured false positives
httpwwwponegcom,15,0,0,0,,,KEEP,no measured false positives
httpwwwponigroupcom,19,0,0,0,,,KEEP,no measured false positives
httpwwwporemtinfo,17,0,0,0,,,KEEP,no measured false positives
httpwwwpornoshockorg,20,0,0,0,,,KEEP,no measured false positives
httpwwwppdycc,13,0,0,0,,,KEEP,no measured false positives
httpwwwppgxrglracing,20,0,0,0,,,KEEP,no measured false positives
httpwwwpppqyinfo,16,0,0,0,,,KEEP,no measured false positives
httpwwwppzybbsnet,17,0,0,0,,,KEEP,no measured false positives
httpwwwprfnbginfo,17,0,0,0,,,KEEP,no measured false positives
httpwwwproyoubocc,17,0,0,0,,,KEEP,no measured false positives
httpwwwprvwykcacomcn,20,0,0,0,,,KEEP,no measured false positives
httpwwwpsjmcom,14,0,0,0,,,KEEP,no measured false positives
httpwwwpsssspcom,16,0,0,0,,,KEEP,no measured false positives
httpwwwptbetnet,15,0,0,0,,,KEEP,no measured false positives
httpwwwptnywcn,14,0,0,0,,,KEEP,no measured false positives
httpwwwptxtccom,15,0,0,0,,,KEEP,no measured false positives
httpwwwptzfvpinfo,17,0,0,0,,,KEEP,no measured false positives
httpwwwputaojiayuancom,22,0,0,0,,,KEEP,no measured false positives
httpwwwpwfbycom,15,0,0,0,,,KEEP,no measured false positives
httpwwwpxdjzcncn,16,0,0,0,,,KEEP,no measured false positives
httpwwwpyccsccom,16,0,0,0,,,KEEP,no measured false positives
httpwwwqbcqxcom,15,0,0,0,,,KEEP,no measured false positives
httpwwwqbsqxcom,15,0,0,0,,,KEEP,no measured false positives
httpwwwqbvgxcblcn,17,0,0,0,,,KEEP,no measured false positives
httpwwwqcgbdcom,15,0,0,0,,,KEEP,no measured false positives
httpwwwqcmyxmen,15,0,0,0,,,KEEP,no measured false positives
httpwwwqdchangweicom,20,0,0,0,,,KEEP,no measured false positives
httpwwwqdfsgscom,16,0,0,0,,,KEEP,no measured false positives
httpwwwqdhainiucom,18,0,0,0,,,KEEP,no measured false positives
httpwwwqdjiechengcom,20,0,0,0,,,KEEP,no measured false positives
httpwwwqdminghaicom,19,0,0,0,,,KEEP,no measured false positives
httpwwwqdshccom,15,0,0,0,,,KEEP,no measured false positives
httpwwwqdxheducom,17,0,0,0,,,KEEP,no measured false positives
httpwwwqdxhqcom,15,0,0,0,,,KEEP,no measured false positives
httpwwwqdzhouchengcom,21,0,0,0,,,KEEP,no measured false positives
httpwwwqgbzwangcom,18,0,0,0,,,KEEP,no measured false positives
httpwwwqhdjqgmcom,17,0,0,0,,,KEEP,no measured false positives
httpwwwqhxydihaocom,19,0,0,0,,,KEEP,no measured false positives
httpwwwqianunet,15,0,0,0,,,KEEP,no measured false positives
httpwwwqiaocookcom,18,0,0,0,,,KEEP,no measured false positives
httpwwwqichedengtoucom,22,0,0,0,,,KEEP,no measured false positives
httpwwwqigklcomcn,17,0,0,0,,,KEEP,no measured false positives
httpwwwqimiwwwcom,17,0,0,0,,,KEEP,no measured false positives
httpwwwqingdaohongruicom,24,0,0,0,,,KEEP,no measured false positives
httpwwwqingdouxsnet,19,0,0,0,,,KEEP,no measured false positives
httpwwwqinghuaiszcom,20,0,0,0,,,KEEP,no measured false positives
httpwwwqingluanlianhuacuncom,28,0,0,0,,,KEEP,no measured false positives
httpwwwqingpuwebcom,19,0,0,0,,,KEEP,no measured false positives
httpwwwqingqingrancaoinfo,25,0,0,0,,,KEEP,no measured false positives
httpwwwqingsebocom,18,0,0,0,,,KEEP,no measured false positives
httpwwwqingsewangnet,20,0,0,0,,,KEEP,no measured false positives
httpwwwqinzncom,15,0,0,0,,,KEEP,no measured false positives
httpwwwqipilangme,17,0,0,0,,,KEEP,no measured false positives
httpwwwqiqidycc,15,0,0,0,,,KEEP,no measured false positives
httpwwwqiseshequcom,19,0,0,0,,,KEEP,no measured false positives
httpwwwqiumingshaninfo,22,0,0,0,,,KEEP,no measured false positives
httpwwwqjrun,12,0,0,0,,,KEEP,no measured false positives
httpwwwqmaruwebsite,19,0,0,0,,,KEEP,no measured false positives
httpwwwqofzlgainfo,18,0,0,0,,,KEEP,no measured false positives
httpwwwqpqbscn,14,0,0,0,,,KEEP,no measured false positives
httpwwwqqcaozxcom,17,0,0,0,,,KEEP,no measured false positives
httpwwwqqcmecom,15,0,0,0,,,KEEP,no measured false positives
httpwwwqqevdcom,15,0,0,0,,,KEEP,no measured false positives
httpwwwqqnailcom,16,0,0,0,,,KEEP,no measured false positives
httpwwwqqnfpdhcn,16,0,0,0,,,KEEP,no measured false positives
httpwwwqqqrrjjcn,16,0,0,0,,,KEEP,no measured false positives
httpwwwqqxxcccom,16,0,0,0,,,KEEP,no measured false positives
httpwwwqrchcvkinfo,18,0,0,0,,,KEEP,no measured false positives
httpwwwqrdyinfo,15,0,0,0,,,KEEP,no measured false positives
httpwwwqsbbzhcom,16,0,0,0,,,KEEP,no measured false positives
httpwwwqsqbelinfo,17,0,0,0,,,KEEP,no measured false positives
httpwwwqsxhggcom,16,0,0,0,,,KEEP,no measured false positives
httpwwwqtogtqinfo,17,0,0,0,,,KEEP,no measured false positives
httpwwwquanshengjxcom,21,0,0,0,,,KEEP,no measured false positives
httpwwwquemexindustriescom,26,0,0,0,,,KEEP,no measured false positives
httpwwwquganwcom,16,0,0,0,,,KEEP,no measured false positives
httpwwwqugesiloan,17,0,0,0,,,KEEP,no measured false positives
httpwwwqulzmdownload,20,0,0,0,,,KEEP,no measured false positives
httpwwwqunnncom,15,0,0,0,,,KEEP,no measured false positives
httpwwwquxunlecom,17,0,0,0,,,KEEP,no measured false positives
httpwwwqvlmcbycn,16,0,0,0,,,KEEP,no measured false positives
httpwwwqvssinfo,15,0,0,0,,,KEEP,no measured false positives
httpwwwqwrsrcgovcn,18,0,0,0,,,KEEP,no measured false positives
httpwwwqwsycom,14,0,0,0,,,KEEP,no measured false positives
httpwwwqxbzshcom,16,0,0,0,,,KEEP,no measured false positives
httpwwwqxncourtorg,18,0,0,0,,,KEEP,no measured false positives
httpwwwqxtsljkcom,17,0,0,0,,,KEEP,no measured false positives
httpwwwqybaiducom,17,0,0,0,,,KEEP,no measured false positives
httpwwwqyflblyqccn,18,0,0,0,,,KEEP,no measured false positives
httpwwwqzlidingcom,18,0,0,0,,,KEEP,no measured false positives
httpwwwqznyjccom,16,0,0,0,,,KEEP,no measured false positives
httpwwwqzsenyuancom,19,0,0,0,,,KEEP,no measured false positives
httpwwwramadarcom,17,0,0,0,,,KEEP,no measured false positives
httpwwwramxtvcom,16,0,0,0,,,KEEP,no measured false positives
httpwwwrankdircom,17,0,0,0,,,KEEP,no measured false positives
httpwwwrbbcroyalbankcom,23,0,0,0,,,KEEP,no measured false positives
httpwwwrbwkjpw,14,0,0,0,,,KEEP,no measured false positives
httpwwwrbxwbdcdcn,17,0,0,0,,,KEEP,no measured false positives
httpwwwrccyadcom,16,0,0,0,,,KEEP,no measured false positives
httpwwwrdcgbcom,15,0,0,0,,,KEEP,no measured false positives
httpwwwrdlyjcom,15,0,0,0,,,KEEP,no measured false positives
httpwwwrebelcircucom,20,0,0,0,,,KEEP,no measured false positives
httpwwwredhucom,15,0,0,0,,,KEEP,no measured false positives
httpwwwreenynet,15,0,0,0,,,KEEP,no measured false positives
httpwwwrelucc,13,0,0,0,,,KEEP,no measured false positives
httpwwwrenqisenet,17,0,0,0,,,KEEP,no measured false positives
httpwwwrentidaycom,18,0,0,0,,,KEEP,no measured false positives
httpwwwrentigodcom,18,0,0,0,,,KEEP,no measured false positives
httpwwwrephevyecn,17,0,0,0,,,KEEP,no measured false positives
httpwwwreressnet,16,0,0,0,,,KEEP,no measured false positives
httpwwwrerewwcom,16,0,0,0,,,KEEP,no measured false positives
httpwwwrestoraationhardwarecom,30,0,0,0,,,KEEP,no measured false positives
httpwwwrfkurhinfo,17,0,0,0,,,KEEP,no measured false positives
httpwwwrflhrhcn,15,0,0,0,,,KEEP,no measured false positives
httpwwwrfwcomcom,16,0,0,0,,,KEEP,no measured false positives
httpwwwrgodxinfo,16,0,0,0,,,KEEP,no measured false positives
httpwwwrgttqyinfo,17,0,0,0,,,KEEP,no measured false positives
httpwwwrgvartonlinecom,22,0,0,0,,,KEEP,no measured false positives
httpwwwrgwystycom,17,0,0,0,,,KEEP,no measured false positives
httpwwwrhbyzyinfo,17,0,0,0,,,KEEP,no measured false positives
httpwwwrhdzicom,15,0,0,0,,,KEEP,no measured false positives
httpwwwrhgysbcom,16,0,0,0,,,KEEP,no measured false positives
httpwwwriavnvcom,16,0,0,0,,,KEEP,no measured false positives
httpwwwrihandianyingnet,23,0,0,0,,,KEEP,no measured false positives
httpwwwrimeilucom,17,0,0,0,,,KEEP,no measured false positives
httpwwwririyeyelucc,19,0,0,0,,,KEEP,no measured false positives
httpwwwrlspotlightcom,21,0,0,0,,,KEEP,no measured false positives
httpwwwrluemucscn,17,0,0,0,,,KEEP,no measured false positives
httpwwwrlyzgjcom,16,0,0,0,,,KEEP,no measured false positives
httpwwwrnncncom,15,0,0,0,,,KEEP,no measured false positives
httpwwwrnwquatcn,16,0,0,0,,,KEEP,no measured false positives
httpwwwrockboxcnorg,19,0,0,0,,,KEEP,no measured false positives
httpwwwrongjiorg,16,0,0,0,,,KEEP,no measured false positives
httpwwwrongxinedaicom,21,0,0,0,,,KEEP,no measured false positives
httpwwwrosiokcom,16,0,0,0,,,KEEP,no measured false positives
httpwwwrouteonecom,18,0,0,0,,,KEEP,no measured false positives
httpwwwrowleybabycom,20,0,0,0,,,KEEP,no measured false positives
httpwwwrpgginfo,15,0,0,0,,,KEEP,no measured false positives
httpwwwrqbwddownload,20,0,0,0,,,KEEP,no measured false positives
httpwwwrqcotafbcomcn,20,0,0,0,,,KEEP,no measured false positives
httpwwwrqguangmingcom,21,0,0,0,,,KEEP,no measured false positives
httpwwwrqhjwycom,16,0,0,0,,,KEEP,no measured false positives
httpwwwrqjoexinfo,17,0,0,0,,,KEEP,no measured false positives
httpwwwrqqiaodacom,18,0,0,0,,,KEEP,no measured false positives
httpwwwrqtwclcom,16,0,0,0,,,KEEP,no measured false positives
httpwwwrrfxlrvvcn,17,0,0,0,,,KEEP,no measured false positives
httpwwwrrqgtikscn,17,0,0,0,,,KEEP,no measured false positives
httpwwwrrtbwcom,15,0,0,0,,,KEEP,no measured false positives
httpwwwrruuuinfo,16,0,0,0,,,KEEP,no measured false positives
httpwwwrryyracing,17,0,0,0,,,KEEP,no measured false positives
httpwwwrtwhnetcn,16,0,0,0,,,KEEP,no measured false positives
httpwwwrtysmtcom,16,0,0,0,,,KEEP,no measured false positives
httpwwwruifengshimocom,22,0,0,0,,,KEEP,no measured false positives
httpwwwruisccom,15,0,0,0,,,KEEP,no measured false positives
httpwwwruixuanjiaoyucom,23,0,0,0,,,KEEP,no measured false positives
httpwwwrunmeipcocom,19,0,0,0,,,KEEP,no measured false positives
httpwwwrunsunccom,17,0,0,0,,,KEEP,no measured false positives
httpwwwrushantourcom,20,0,0,0,,,KEEP,no measured false positives
httpwwwrwyddkinfo,17,0,0,0,,,KEEP,no measured false positives
httpwwwrxxyjxccom,17,0,0,0,,,KEEP,no measured false positives
httpwwwrylutcom,15,0,0,0,,,KEEP,no measured false positives
httpwwwrzvdjnrcn,16,0,0,0,,,KEEP,no measured false positives
httpwwwrzxjgcom,15,0,0,0,,,KEEP,no measured false positives
httpwwwrzzytscom,16,0,0,0,,,KEEP,no measured false positives
httpwwwsaaaecom,15,0,0,0,,,KEEP,no measured false positives
httpwwwsacsoiinfo,17,0,0,0,,,KEEP,no measured false positives
httpwwwsafecntcom,17,0,0,0,,,KEEP,no measured false positives
httpwwwsaibangcnccom,20,0,0,0,,,KEEP,no measured false positives
httpwwwsailerelecom,19,0,0,0,,,KEEP,no measured false positives
httpwwwsammzccom,16,0,0,0,,,KEEP,no measured false positives
httpwwwsanguocpcom,18,0,0,0,,,KEEP,no measured false positives
httpwwwsanhuijxcom,18,0,0,0,,,KEEP,no measured false positives
httpwwwsanitarywarefaircom,26,0,0,0,,,KEEP,no measured false positives
httpwwwsanrioscom,17,0,0,0,,,KEEP,no measured false positives
httpwwwsanweimmcom,18,0,0,0,,,KEEP,no measured false positives
httpwwwsanzhongcom,18,0,0,0,,,KEEP,no measured false positives
httpwwwsaobidycom,17,0,0,0,,,KEEP,no measured false positives
httpwwwsaobispace,17,0,0,0,,,KEEP,no measured false positives
httpwwwsaomuercom,17,0,0,0,,,KEEP,no measured false positives
httpwwwsawpipecncom,19,0,0,0,,,KEEP,no measured false positives
httpwwwsbosycom,15,0,0,0,,,KEEP,no measured false positives
httpwwwscgzkgnet,16,0,0,0,,,KEEP,no measured false positives
httpwwwschoolcloutcom,21,0,0,0,,,KEEP,no measured false positives
httpwwwscqxwycom,16,0,0,0,,,KEEP,no measured false positives
httpwwwscthjlcom,16,0,0,0,,,KEEP,no measured false positives
httpwwwscxkcycom,16,0,0,0,,,KEEP,no measured false positives
httpwwwsdbaolongcomcn,21,0,0,0,,,KEEP,no measured false positives
httpwwwsdbzjhacom,17,0,0,0,,,KEEP,no measured false positives
httpwwwsdcaipucom,17,0,0,0,,,KEEP,no measured false positives
httpwwwsdcysbcom,16,0,0,0,,,KEEP,no measured false positives
httpwwwsddeeecom,16,0,0,0,,,KEEP,no measured false positives
httpwwwsdffinfo,15,0,0,0,,,KEEP,no measured false positives
httpwwwsdgutaicom,17,0,0,0,,,KEEP,no measured false positives
httpwwwsdgzmycom,16,0,0,0,,,KEEP,no measured false positives
httpwwwsdhengfacom,18,0,0,0,,,KEEP,no measured false positives
httpwwwsdjinghecn,17,0,0,0,,,KEEP,no measured false positives
httpwwwsdlslycom,16,0,0,0,,,KEEP,no measured false positives
httpwwwsdlttdcom,16,0,0,0,,,KEEP,no measured false positives
httpwwwsdruiyuecom,18,0,0,0,,,KEEP,no measured false positives
httpwwwsdsafasfcom,18,0,0,0,,,KEEP,no measured false positives
httpwwwsdshujuncom,18,0,0,0,,,KEEP,no measured false positives
httpwwwsdslqzcom,16,0,0,0,,,KEEP,no measured false positives
httpwwwsdxlllcom,16,0,0,0,,,KEEP,no measured false positives
httpwwwsdycfjscom,17,0,0,0,,,KEEP,no measured false positives
httpwwwsdyljgcom,16,0,0,0,,,KEEP,no measured false positives
httpwwwsdyndqcom,16,0,0,0,,,KEEP,no measured false positives
httpwwwsdzcsgxcom,17,0,0,0,,,KEEP,no measured false positives
httpwwwsdzytccom,16,0,0,0,,,KEEP,no measured false positives
httpwwwseacoocomcn,18,0,0,0,,,KEEP,no measured false positives
httpwwwseahogwzcom,18,0,0,0,,,KEEP,no measured false positives
httpwwwsebacaocom,17,0,0,0,,,KEEP,no measured false positives
httpwwwsebaibaiinfo,19,0,0,0,,,KEEP,no measured false positives
httpwwwsegegehost,17,0,0,0,,,KEEP,no measured false positives
httpwwwsegelianinfo,19,0,0,0,,,KEEP,no measured false positives
httpwwwsegojkdydcn,18,0,0,0,,,KEEP,no measured false positives
httpwwwseiisrktscn,18,0,0,0,,,KEEP,no measured false positives
httpwwwseinfoinfo,17,0,0,0,,,KEEP,no measured false positives
httpwwwsejgdcom,15,0,0,0,,,KEEP,no measured false positives
httpwwwsejizzcom,16,0,0,0,,,KEEP,no measured false positives
httpwwwsejzpcom,15,0,0,0,,,KEEP,no measured false positives
httpwwwsekusexinfo,18,0,0,0,,,KEEP,no measured false positives
httpwwwselangluinfo,19,0,0,0,,,KEEP,no measured false positives
httpwwwselaoernet,17,0,0,0,,,KEEP,no measured false positives
httpwwwselbndyracn,18,0,0,0,,,KEEP,no measured false positives
httpwwwseludaocom,17,0,0,0,,,KEEP,no measured false positives
httpwwwseluluzwcom,18,0,0,0,,,KEEP,no measured false positives
httpwwwselutangcc,17,0,0,0,,,KEEP,no measured false positives
httpwwwsemeimeicc,17,0,0,0,,,KEEP,no measured false positives
httpwwwseqingworld,18,0,0,0,,,KEEP,no measured false positives
httpwwwseqiqiavcom,18,0,0,0,,,KEEP,no measured false positives
httpwwwseqiqiyazhouavcom,24,0,0,0,,,KEEP,no measured false positives
httpwwwsesbvcom,15,0,0,0,,,KEEP,no measured false positives
httpwwwsetoulacom,17,0,0,0,,,KEEP,no measured false positives
httpwwwsetousecom,17,0,0,0,,,KEEP,no measured false positives
httpwwwsettjcom,15,0,0,0,,,KEEP,no measured false positives
httpwwwsewolecom,16,0,0,0,,,KEEP,no measured false positives
httpwwwsewujibacom,18,0,0,0,,,KEEP,no measured false positives
httpwwwsexohneabocom,20,0,0,0,,,KEEP,no measured false positives
httpwwwsextopxxcom,18,0,0,0,,,KEEP,no measured false positives
httpwwwseyaosecom,17,0,0,0,,,KEEP,no measured false positives
httpwwwseyinbcom,16,0,0,0,,,KEEP,no measured false positives
httpwwwsezhannet,16,0,0,0,,,KEEP,no measured false positives
httpwwwsezhongqingcom,21,0,0,0,,,KEEP,no measured false positives
httpwwwsffbdhjhkqcomcn,22,0,0,0,,,KEEP,no measured false positives
httpwwwsfsebocom,16,0,0,0,,,KEEP,no measured false positives
httpwwwsggsxjcom,16,0,0,0,,,KEEP,no measured false positives
httpwwwsgxdcom,14,0,0,0,,,KEEP,no measured false positives
httpwwwshandongjiashitongcom,28,0,0,0,,,KEEP,no measured false positives
httpwwwshandongjingruncom,25,0,0,0,,,KEEP,no measured false positives
httpwwwshandongxinyecom,23,0,0,0,,,KEEP,no measured false positives
httpwwwshanghaijiabicom,23,0,0,0,,,KEEP,no measured false positives
httpwwwshangxinyuemunet,23,0,0,0,,,KEEP,no measured false positives
httpwwwshanmxcom,16,0,0,0,,,KEEP,no measured false positives
httpwwwshanxisymycom,20,0,0,0,,,KEEP,no measured false positives
httpwwwshaocom,14,0,0,0,,,KEEP,no measured false positives
httpwwwshczjwxcom,17,0,0,0,,,KEEP,no measured false positives
httpwwwshdpjxsbcom,18,0,0,0,,,KEEP,no measured false positives
httpwwwshedajiecom,18,0,0,0,,,KEEP,no measured false positives
httpwwwshenchengyycom,21,0,0,0,,,KEEP,no measured false positives
httpwwwshengjianzhonggongcom,28,0,0,0,,,KEEP,no measured false positives
httpwwwshengtangwoodcom,23,0,0,0,,,KEEP,no measured false positives
httpwwwshenjiecc,16,0,0,0,,,KEEP,no measured false positives
httpwwwshensutyccom,19,0,0,0,,,KEEP,no measured false positives
httpwwwshenzhensolarcn,22,0,0,0,,,KEEP,no measured false positives
httpwwwsheqinginfo,18,0,0,0,,,KEEP,no measured false positives
httpwwwsheshechucom,19,0,0,0,,,KEEP,no measured false positives
httpwwwshesheyounet,19,0,0,0,,,KEEP,no measured false positives
httpwwwshgelicom,16,0,0,0,,,KEEP,no measured false positives
httpwwwshinybbscom,18,0,0,0,,,KEEP,no measured false positives
httpwwwshipaipumpcom,20,0,0,0,,,KEEP,no measured false positives
httpwwwshitouzaozhicom,22,0,0,0,,,KEEP,no measured false positives
httpwwwshizhushencom,20,0,0,0,,,KEEP,no measured false positives
httpwwwshklsteelcomcn,21,0,0,0,,,KEEP,no measured false positives
httpwwwshkuanbocom,18,0,0,0,,,KEEP,no measured false positives
httpwwwshlanglicom,18,0,0,0,,,KEEP,no measured false positives
httpwwwshlhydcom,16,0,0,0,,,KEEP,no measured false positives
httpwwwshmlqscom,16,0,0,0,,,KEEP,no measured false positives
httpwwwshopyouraycom,20,0,0,0,,,KEEP,no measured false positives
httpwwwshopyourwaaycom,22,0,0,0,,,KEEP,no measured false positives
httpwwwshotvgdownload,21,0,0,0,,,KEEP,no measured false positives
httpwwwshoubocc,15,0,0,0,,,KEEP,no measured false positives
httpwwwshoulvnycom,18,0,0,0,,,KEEP,no measured false positives
httpwwwshowbbbiz,16,0,0,0,,,KEEP,no measured false positives
httpwwwshowbonet,16,0,0,0,,,KEEP,no measured false positives
httpwwwshrcyycom,16,0,0,0,,,KEEP,no measured false positives
httpwwwshruishencom,19,0,0,0,,,KEEP,no measured false positives
httpwwwshsongyacom,18,0,0,0,,,KEEP,no measured false positives
httpwwwshsxgfcom,16,0,0,0,,,KEEP,no measured false positives
httpwwwshuangshiacom,20,0,0,0,,,KEEP,no measured false positives
httpwwwshubaomcom,17,0,0,0,,,KEEP,no measured false positives
httpwwwshubaoncom,17,0,0,0,,,KEEP,no measured false positives
httpwwwshunhejycom,18,0,0,0,,,KEEP,no measured false positives
httpwwwshxhdzcom,16,0,0,0,,,KEEP,no measured false positives
httpwwwshxjvalvecom,19,0,0,0,,,KEEP,no measured false positives
httpwwwshziycom,15,0,0,0,,,KEEP,no measured false positives
httpwwwsidwaycctvcom,20,0,0,0,,,KEEP,no measured false positives
httpwwwsinotranscbdcom,22,0,0,0,,,KEEP,no measured false positives
httpwwwsiqezfaith,17,0,0,0,,,KEEP,no measured false positives
httpwwwsjtjscom,15,0,0,0,,,KEEP,no measured false positives
httpwwwsjxfyyyfcom,18,0,0,0,,,KEEP,no measured false positives
httpwwwsjzcslygmcom,19,0,0,0,,,KEEP,no measured false positives
httpwwwsjzdupiwucom,19,0,0,0,,,KEEP,no measured false positives
httpwwwsjzgysuzukicom,21,0,0,0,,,KEEP,no measured false positives
httpwwwsjzjyhszxcom,19,0,0,0,,,KEEP,no measured false positives
httpwwwsjzsbdcom,16,0,0,0,,,KEEP,no measured false positives
httpwwwsjzswwmxxcom,19,0,0,0,,,KEEP,no measured false positives
httpwwwsjztonglicom,19,0,0,0,,,KEEP,no measured false positives
httpwwwskzqzcom,15,0,0,0,,,KEEP,no measured false positives
httpwwwsmfmedcn,15,0,0,0,,,KEEP,no measured false positives
httpwwwsmmsocom,15,0,0,0,,,KEEP,no measured false positives
httpwwwsmnnkcom,15,0,0,0,,,KEEP,no measured false positives
httpwwwsmoxxxcom,16,0,0,0,,,KEEP,no measured false positives
httpwwwsnaaxcn,14,0,0,0,,,KEEP,no measured false positives
httpwwwsngjjcpzxcn,18,0,0,0,,,KEEP,no measured false positives
httpwwwsnhjfcom,15,0,0,0,,,KEEP,no measured false positives
httpwwwsnhtlcom,15,0,0,0,,,KEEP,no measured false positives
httpwwwsnsjuntuannet,20,0,0,0,,,KEEP,no measured false positives
httpwwwsnszxcom,15,0,0,0,,,KEEP,no measured false positives
httpwwwsoavinfo,15,0,0,0,,,KEEP,no measured false positives
httpwwwsoloupucom,17,0,0,0,,,KEEP,no measured false positives
httpwwwsongyansycom,19,0,0,0,,,KEEP,no measured false positives
httpwwwsongyescom,17,0,0,0,,,KEEP,no measured false positives
httpwwwsopianinfo,17,0,0,0,,,KEEP,no measured false positives
httpwwwsosoavdhcom,18,0,0,0,,,KEEP,no measured false positives
httpwwwsosobtaorg,17,0,0,0,,,KEEP,no measured false positives
httpwwwsovbxhxcn,16,0,0,0,,,KEEP,no measured false positives
httpwwwsovdffbcn,16,0,0,0,,,KEEP,no measured false positives
httpwwwsovfvdxcn,16,0,0,0,,,KEEP,no measured false positives
httpwwwsovhjtzcn,16,0,0,0,,,KEEP,no measured false positives
httpwwwsovhztjcn,16,0,0,0,,,KEEP,no measured false positives
httpwwwsovjpvhcn,16,0,0,0,,,KEEP,no measured false positives
httpwwwsovplbrcn,16,0,0,0,,,KEEP,no measured false positives
httpwwwsovprbhcn,16,0,0,0,,,KEEP,no measured false positives
httpwwwsovzpzncn,16,0,0,0,,,KEEP,no measured false positives
httpwwwsoyokkcom,16,0,0,0,,,KEEP,no measured false positives
httpwwwspimagecom,17,0,0,0,,,KEEP,no measured false positives
httpwwwspmingecn,16,0,0,0,,,KEEP,no measured false positives
httpwwwspsdjdcom,16,0,0,0,,,KEEP,no measured false positives
httpwwwspycallmobi,18,0,0,0,,,KEEP,no measured false positives
httpwwwspzhacom,15,0,0,0,,,KEEP,no measured false positives
httpwwwsqsuishoucom,19,0,0,0,,,KEEP,no measured false positives
httpwwwsrjiimkdownload,22,0,0,0,,,KEEP,no measured false positives
httpwwwssavdhpw,15,0,0,0,,,KEEP,no measured false positives
httpwwwssfldhnet,16,0,0,0,,,KEEP,no measured false positives
httpwwwssgbbscom,16,0,0,0,,,KEEP,no measured false positives
httpwwwssgeclub,15,0,0,0,,,KEEP,no measured false positives
httpwwwssqoakinfo,17,0,0,0,,,KEEP,no measured false positives
httpwwwsswwnncn,15,0,0,0,,,KEEP,no measured false positives
httpwwwsteamfactorycomcn,24,0,0,0,,,KEEP,no measured false positives
httpwwwsteelpresscomcn,22,0,0,0,,,KEEP,no measured false positives
httpwwwsteelqicom,17,0,0,0,,,KEEP,no measured false positives
httpwwwstjwwcn,14,0,0,0,,,KEEP,no measured false positives
httpwwwsudulmcom,16,0,0,0,,,KEEP,no measured false positives
httpwwwsuhyabinfo,17,0,0,0,,,KEEP,no measured false positives
httpwwwsuijzfinfo,17,0,0,0,,,KEEP,no measured false positives
httpwwwsumchecom,16,0,0,0,,,KEEP,no measured false positives
httpwwwsummoartcom,18,0,0,0,,,KEEP,no measured false positives
httpwwwsupperwarecomcn,22,0,0,0,,,KEEP,no measured false positives
httpwwwsupplychainjobzcom,25,0,0,0,,,KEEP,no measured false positives
httpwwwsusuhuaiorg,18,0,0,0,,,KEEP,no measured false positives
httpwwwsuzhouhuishoucomcn,25,0,0,0,,,KEEP,no measured false positives
httpwwwsvexdcinfo,17,0,0,0,,,KEEP,no measured false positives
httpwwwsvnsrcom,15,0,0,0,,,KEEP,no measured false positives
httpwwwswqdminfo,16,0,0,0,,,KEEP,no measured false positives
httpwwwswtygbhcom,17,0,0,0,,,KEEP,no measured false positives
httpwwwsxdsskcom,16,0,0,0,,,KEEP,no measured false positives
httpwwwsxhxybcom,16,0,0,0,,,KEEP,no measured false positives
httpwwwsxjingzicom,18,0,0,0,,,KEEP,no measured false positives
httpwwwsxlxkjcom,16,0,0,0,,,KEEP,no measured false positives
httpwwwsxnwdycom,16,0,0,0,,,KEEP,no measured false positives
httpwwwsxsakjcom,16,0,0,0,,,KEEP,no measured false positives
httpwwwsydfxcom,15,0,0,0,,,KEEP,no measured false positives
httpwwwsykucqcn,15,0,0,0,,,KEEP,no measured false positives
httpwwwsylmzycom,16,0,0,0,,,KEEP,no measured false positives
httpwwwszartplazacom,20,0,0,0,,,KEEP,no measured false positives
httpwwwszbaijuncom,18,0,0,0,,,KEEP,no measured false positives
httpwwwszbhsycn,15,0,0,0,,,KEEP,no measured false positives
httpwwwszbstbxcom,17,0,0,0,,,KEEP,no measured false positives
httpwwwszcsjxcom,16,0,0,0,,,KEEP,no measured false positives
httpwwwszhaecom,15,0,0,0,,,KEEP,no measured false positives
httpwwwszhanbaocom,18,0,0,0,,,KEEP,no measured false positives
httpwwwszhblycom,16,0,0,0,,,KEEP,no measured false positives
httpwwwszhechuangcom,20,0,0,0,,,KEEP,no measured false positives
httpwwwszhsczcom,16,0,0,0,,,KEEP,no measured false positives
httpwwwszhuabingcom,19,0,0,0,,,KEEP,no measured false positives
httpwwwszhuadaxingcom,21,0,0,0,,,KEEP,no measured false positives
httpwwwszjustncom,17,0,0,0,,,KEEP,no measured false positives
httpwwwszjyscom,15,0,0,0,,,KEEP,no measured false positives
httpwwwszkukcom,15,0,0,0,,,KEEP,no measured false positives
httpwwwszkytycom,16,0,0,0,,,KEEP,no measured false positives
httpwwwszlyofficecn,19,0,0,0,,,KEEP,no measured false positives
httpwwwszmlddzcom,17,0,0,0,,,KEEP,no measured false positives
httpwwwszrcymcom,16,0,0,0,,,KEEP,no measured false positives
httpwwwszrhpgearcom,19,0,0,0,,,KEEP,no measured false positives
httpwwwszrjdzcom,16,0,0,0,,,KEEP,no measured false positives
httpwwwszshilingcom,19,0,0,0,,,KEEP,no measured false positives
httpwwwszyjhardwarecom,22,0,0,0,,,KEEP,no measured false positives
httpwwwszzjucom,15,0,0,0,,,KEEP,no measured false positives
httpwwwszzqsmcom,16,0,0,0,,,KEEP,no measured false positives
httpwwwtaiwanfarmingorgtw,25,0,0,0,,,KEEP,no measured false positives
httpwwwtangrelacom,18,0,0,0,,,KEEP,no measured false positives
httpwwwtangyunresortcom,23,0,0,0,,,KEEP,no measured false positives
httpwwwtanxinyongcom,20,0,0,0,,,KEEP,no measured false positives
httpwwwtaoppucn,15,0,0,0,,,KEEP,no measured false positives
httpwwwtaotumicom,17,0,0,0,,,KEEP,no measured false positives
httpwwwtawbjxcn,15,0,0,0,,,KEEP,no measured false positives
httpwwwtbdvpffcn,16,0,0,0,,,KEEP,no measured false positives
httpwwwtbzhijcom,16,0,0,0,,,KEEP,no measured false positives
httpwwwtcfpnkcn,15,0,0,0,,,KEEP,no measured false positives
httpwwwtcfsjxcom,16,0,0,0,,,KEEP,no measured false positives
httpwwwtcslfcnet,16,0,0,0,,,KEEP,no measured false positives
httpwwwtczzvninfo,17,0,0,0,,,KEEP,no measured false positives
httpwwwtdlhnnptop,17,0,0,0,,,KEEP,no measured false positives
httpwwwtdlsmccom,16,0,0,0,,,KEEP,no measured false positives
httpwwwtdmrsenet,16,0,0,0,,,KEEP,no measured false positives
httpwwwteenjizztubecom,22,0,0,0,,,KEEP,no measured false positives
httpwwwteensexactioncom,23,0,0,0,,,KEEP,no measured false positives
httpwwwteenxxxgirlscom,22,0,0,0,,,KEEP,no measured false positives
httpwwwteepibliccom,19,0,0,0,,,KEEP,no measured false positives
httpwwwtenghuikjcom,19,0,0,0,,,KEEP,no measured false positives
httpwwwtepianwangcom,20,0,0,0,,,KEEP,no measured false positives
httpwwwtfumrinfo,16,0,0,0,,,KEEP,no measured false positives
httpwwwtgkjjcn,14,0,0,0,,,KEEP,no measured false positives
httpwwwtgmbacom,15,0,0,0,,,KEEP,no measured false positives
httpwwwtgrzdoinfo,17,0,0,0,,,KEEP,no measured false positives
httpwwwthgfpcom,15,0,0,0,,,KEEP,no measured false positives
httpwwwthhsyjcom,16,0,0,0,,,KEEP,no measured false positives
httpwwwthkavinfo,16,0,0,0,,,KEEP,no measured false positives
httpwwwthzhdrvvcn,17,0,0,0,,,KEEP,no measured false positives
httpwwwtianenpmecom,19,0,0,0,,,KEEP,no measured false positives
httpwwwtianfumightycom,22,0,0,0,,,KEEP,no measured false positives
httpwwwtianjinforwardercom,26,0,0,0,,,KEEP,no measured false positives
httpwwwtianjinhongchongcom,26,0,0,0,,,KEEP,no measured false positives
httpwwwtianjinsafukecom,23,0,0,0,,,KEEP,no measured false positives
httpwwwtiantianfacc,19,0,0,0,,,KEEP,no measured false positives
httpwwwtiantianluocom,21,0,0,0,,,KEEP,no measured false positives
httpwwwtinasebid,16,0,0,0,,,KEEP,no measured false positives
httpwwwtingpodcom,17,0,0,0,,,KEEP,no measured false positives
httpwwwtiqulucom,16,0,0,0,,,KEEP,no measured false positives
httpwwwtiyihkcom,16,0,0,0,,,KEEP,no measured false positives
httpwwwtjchongchuangcom,23,0,0,0,,,KEEP,no measured false positives
httpwwwtjcxgdstcom,18,0,0,0,,,KEEP,no measured false positives
httpwwwtjglybcom,16,0,0,0,,,KEEP,no measured false positives
httpwwwtjihtbinfo,17,0,0,0,,,KEEP,no measured false positives
httpwwwtjityucn,15,0,0,0,,,KEEP,no measured false positives
httpwwwtjknceecom,17,0,0,0,,,KEEP,no measured false positives
httpwwwtjrrdcom,15,0,0,0,,,KEEP,no measured false positives
httpwwwtjtdglcom,16,0,0,0,,,KEEP,no measured false positives
httpwwwtjvjtvcn,15,0,0,0,,,KEEP,no measured false positives
httpwwwtjxdjxccom,17,0,0,0,,,KEEP,no measured false positives
httpwwwtkacazecn,16,0,0,0,,,KEEP,no measured false positives
httpwwwtklumicacom,18,0,0,0,,,KEEP,no measured false positives
httpwwwtljtfcom,15,0,0,0,,,KEEP,no measured false positives
httpwwwtmadfhwcn,16,0,0,0,,,KEEP,no measured false positives
httpwwwtmdrdminfo,17,0,0,0,,,KEEP,no measured false positives
httpwwwtmetbcom,15,0,0,0,,,KEEP,no measured false positives
httpwwwtniucom,14,0,0,0,,,KEEP,no measured false positives
httpwwwtnxjxdvvcn,17,0,0,0,,,KEEP,no measured false positives
httpwwwtongjizhongxuecom,24,0,0,0,,,KEEP,no measured false positives
httpwwwtoorngybqcn,18,0,0,0,,,KEEP,no measured false positives
httpwwwtopbosecom,17,0,0,0,,,KEEP,no measured false positives
httpwwwtopwintextilecom,23,0,0,0,,,KEEP,no measured false positives
httpwwwtorrentantcom,20,0,0,0,,,KEEP,no measured false positives
httpwwwtotallybrianacom,23,0,0,0,,,KEEP,no measured false positives
httpwwwtouchzonecn,18,0,0,0,,,KEEP,no measured false positives
httpwwwtpystonecom,18,0,0,0,,,KEEP,no measured false positives
httpwwwtqmmbbbcc,16,0,0,0,,,KEEP,no measured false positives
httpwwwtrannypornvrcom,22,0,0,0,,,KEEP,no measured false positives
httpwwwtripilecom,17,0,0,0,,,KEEP,no measured false positives
httpwwwtrrdtnvvcn,17,0,0,0,,,KEEP,no measured false positives
httpwwwtrtlukcn,15,0,0,0,,,KEEP,no measured false positives
httpwwwtsckiinfo,16,0,0,0,,,KEEP,no measured false positives
httpwwwtselalacom,17,0,0,0,,,KEEP,no measured false positives
httpwwwtssxgscom,16,0,0,0,,,KEEP,no measured false positives
httpwwwtstttorg,15,0,0,0,,,KEEP,no measured false positives
httpwwwtsyxkjcom,16,0,0,0,,,KEEP,no measured false positives
httpwwwttceqycicn,17,0,0,0,,,KEEP,no measured false positives
httpwwwttdybcc,14,0,0,0,,,KEEP,no measured false positives
httpwwwtthelimitedcom,21,0,0,0,,,KEEP,no measured false positives
httpwwwttkanwang,16,0,0,0,,,KEEP,no measured false positives
httpwwwttmirjcn,15,0,0,0,,,KEEP,no measured false positives
httpwwwttoobcom,15,0,0,0,,,KEEP,no measured false positives
httpwwwttyyuuwqscn,18,0,0,0,,,KEEP,no measured false positives
httpwwwttyyyycn,15,0,0,0,,,KEEP,no measured false positives
httpwwwtuantuanreinfo,21,0,0,0,,,KEEP,no measured false positives
httpwwwtubeteenmoviescom,24,0,0,0,,,KEEP,no measured false positives
httpwwwtuiecninfo,17,0,0,0,,,KEEP,no measured false positives
httpwwwtuigirlscomcn,20,0,0,0,,,KEEP,no measured false positives
httpwwwtuigirlvipcom,20,0,0,0,,,KEEP,no measured false positives
httpwwwtuinlcom,15,0,0,0,,,KEEP,no measured false positives
httpwwwtuliaocncom,18,0,0,0,,,KEEP,no measured false positives
httpwwwtuolekucom,17,0,0,0,,,KEEP,no measured false positives
httpwwwtvfxpcom,15,0,0,0,,,KEEP,no measured false positives
httpwwwtwmmzucom,16,0,0,0,,,KEEP,no measured false positives
httpwwwtwsejiecom,17,0,0,0,,,KEEP,no measured false positives
httpwwwtxxxwkinfo,17,0,0,0,,,KEEP,no measured false positives
httpwwwtyhqcwcom,16,0,0,0,,,KEEP,no measured false positives
httpwwwtzavdhpw,15,0,0,0,,,KEEP,no measured false positives
httpwwwtzbpxcocn,16,0,0,0,,,KEEP,no measured false positives
httpwwwtzktlscn,15,0,0,0,,,KEEP,no measured false positives
httpwwwtzlilingcom,18,0,0,0,,,KEEP,no measured false positives
httpwwwtztllaaacn,17,0,0,0,,,KEEP,no measured false positives
httpwwwucfasternet,18,0,0,0,,,KEEP,no measured false positives
httpwwwudeepcn,14,0,0,0,,,KEEP,no measured false positives
httpwwwudjhdmcom,16,0,0,0,,,KEEP,no measured false positives
httpwwwufkkvslcn,16,0,0,0,,,KEEP,no measured false positives
httpwwwuhaiercn,15,0,0,0,,,KEEP,no measured false positives
httpwwwuiooiucom,16,0,0,0,,,KEEP,no measured false positives
httpwwwumrnqinfo,16,0,0,0,,,KEEP,no measured false positives
httpwwwuncfeinfo,16,0,0,0,,,KEEP,no measured false positives
httpwwwuodhzvvcn,16,0,0,0,,,KEEP,no measured false positives
httpwwwuollrrncn,16,0,0,0,,,KEEP,no measured false positives
httpwwwurxfexcn,15,0,0,0,,,KEEP,no measured false positives
httpwwwussayinfo,16,0,0,0,,,KEEP,no measured false positives
httpwwwutechszcom,17,0,0,0,,,KEEP,no measured false positives
httpwwwutfmyhinfo,17,0,0,0,,,KEEP,no measured false positives
httpwwwutkznet,14,0,0,0,,,KEEP,no measured false positives
httpwwwuucbghadddcn,19,0,0,0,,,KEEP,no measured false positives
httpwwwuuguinfo,15,0,0,0,,,KEEP,no measured false positives
httpwwwuunxbrvcn,16,0,0,0,,,KEEP,no measured false positives
httpwwwuvnsrcom,15,0,0,0,,,KEEP,no measured false positives
httpwwwuvyvxinfo,16,0,0,0,,,KEEP,no measured false positives
httpwwwuynoqpcn,15,0,0,0,,,KEEP,no measured false positives
httpwwwvalcmuwin,16,0,0,0,,,KEEP,no measured false positives
httpwwwvaoafvcn,15,0,0,0,,,KEEP,no measured false positives
httpwwwvaudxqnet,16,0,0,0,,,KEEP,no measured false positives
httpwwwvbiouddownload,21,0,0,0,,,KEEP,no measured false positives
httpwwwvcnnnet,14,0,0,0,,,KEEP,no measured false positives
httpwwwvcnnnetqjlj,18,0,0,0,,,KEEP,no measured false positives
httpwwwvcvcbbcom,16,0,0,0,,,KEEP,no measured false positives
httpwwwvfwhypw,14,0,0,0,,,KEEP,no measured false positives
httpwwwvhquinfo,15,0,0,0,,,KEEP,no measured false positives
httpwwwvipfuqicom,17,0,0,0,,,KEEP,no measured false positives
httpwwwviplsjcom,16,0,0,0,,,KEEP,no measured false positives
httpwwwvipxxooinfo,18,0,0,0,,,KEEP,no measured false positives
httpwwwvisionballastcom,23,0,0,0,,,KEEP,no measured false positives
httpwwwvjpzntinfo,17,0,0,0,,,KEEP,no measured false positives
httpwwwvmiercom,15,0,0,0,,,KEEP,no measured false positives
httpwwwvnvgdcom,15,0,0,0,,,KEEP,no measured false positives
httpwwwvpbtznetcn,17,0,0,0,,,KEEP,no measured false positives
httpwwwvqbaaminfo,17,0,0,0,,,KEEP,no measured false positives
httpwwwvsbejvinfo,17,0,0,0,,,KEEP,no measured false positives
httpwwwvssssvcom,16,0,0,0,,,KEEP,no measured false positives
httpwwwvsysnet,14,0,0,0,,,KEEP,no measured false positives
httpwwwvtobobyacn,17,0,0,0,,,KEEP,no measured false positives
httpwwwvugqdinfo,16,0,0,0,,,KEEP,no measured false positives
httpwwwvvjjgmcom,16,0,0,0,,,KEEP,no measured false positives
httpwwwvvmovcom,15,0,0,0,,,KEEP,no measured false positives
httpwwwvvuuscom,15,0,0,0,,,KEEP,no measured false positives
httpwwwvvvvsssscom,18,0,0,0,,,KEEP,no measured false positives
httpwwwvvzyewinfo,17,0,0,0,,,KEEP,no measured false positives
httpwwwvxrbncn,14,0,0,0,,,KEEP,no measured false positives
httpwwwvzoiytinfo,17,0,0,0,,,KEEP,no measured false positives
httpwwwvzyuspw,14,0,0,0,,,KEEP,no measured false positives
httpwwwwacnlzhbcn,17,0,0,0,,,KEEP,no measured false positives
httpwwwwaisinfo,15,0,0,0,,,KEEP,no measured false positives
httpwwwwallduncom,17,0,0,0,,,KEEP,no measured false positives
httpwwwwanbangcmcom,19,0,0,0,,,KEEP,no measured false positives
httpwwwwanchenglawcom,21,0,0,0,,,KEEP,no measured false positives
httpwwwwanhualouus,18,0,0,0,,,KEEP,no measured false positives
httpwwwwccxcscom,16,0,0,0,,,KEEP,no measured false positives
httpwwwwddeskcom,16,0,0,0,,,KEEP,no measured false positives
httpwwwwdqwxcom,15,0,0,0,,,KEEP,no measured false positives
httpwwwwebossshowercom,22,0,0,0,,,KEEP,no measured false positives
httpwwwweijingxscom,19,0,0,0,,,KEEP,no measured false positives
httpwwwweinifufucom,19,0,0,0,,,KEEP,no measured false positives
httpwwwweishangsheyingcom,25,0,0,0,,,KEEP,no measured false positives
httpwwwweishengzonline,22,0,0,0,,,KEEP,no measured false positives
httpwwwweixiuxiyijicom,22,0,0,0,,,KEEP,no measured false positives
httpwwwweiyuancheyecom,22,0,0,0,,,KEEP,no measured false positives
httpwwwwendingqdcom,19,0,0,0,,,KEEP,no measured false positives
httpwwwwensigjcom,17,0,0,0,,,KEEP,no measured false positives
httpwwwwesthchcom,17,0,0,0,,,KEEP,no measured false positives
httpwwwwexxthinfo,17,0,0,0,,,KEEP,no measured false positives
httpwwwwfboscom,15,0,0,0,,,KEEP,no measured false positives
httpwwwwffumoshacom,19,0,0,0,,,KEEP,no measured false positives
httpwwwwfjcdjwcom,17,0,0,0,,,KEEP,no measured false positives
httpwwwwfjsjxcom,16,0,0,0,,,KEEP,no measured false positives
httpwwwwfsmdccom,16,0,0,0,,,KEEP,no measured false positives
httpwwwwgcainuancom,19,0,0,0,,,KEEP,no measured false positives
httpwwwwhaotaicom,17,0,0,0,,,KEEP,no measured false positives
httpwwwwhblbyzwcom,18,0,0,0,,,KEEP,no measured false positives
httpwwwwhebjylcom,17,0,0,0,,,KEEP,no measured false positives
httpwwwwhismartcom,18,0,0,0,,,KEEP,no measured false positives
httpwwwwhjinyucom,17,0,0,0,,,KEEP,no measured false positives
httpwwwwhljiacom,16,0,0,0,,,KEEP,no measured false positives
httpwwwwhlmspcom,16,0,0,0,,,KEEP,no measured false positives
httpwwwwhqfxxcom,16,0,0,0,,,KEEP,no measured false positives
httpwwwwitingnet,16,0,0,0,,,KEEP,no measured false positives
httpwwwwjsydlcom,16,0,0,0,,,KEEP,no measured false positives
httpwwwwjytjhcbcom,18,0,0,0,,,KEEP,no measured false positives
httpwwwwjzdjhcom,16,0,0,0,,,KEEP,no measured false positives
httpwwwwkbkinfo,15,0,0,0,,,KEEP,no measured false positives
httpwwwwkrnjinfo,16,0,0,0,,,KEEP,no measured false positives
httpwwwwnclsbcom,16,0,0,0,,,KEEP,no measured false positives
httpwwwwoaidynet,16,0,0,0,,,KEEP,no measured false positives
httpwwwwoainaimacom,19,0,0,0,,,KEEP,no measured false positives
httpwwwwochaleicom,18,0,0,0,,,KEEP,no measured false positives
httpwwwwohjdinfo,16,0,0,0,,,KEEP,no measured false positives
httpwwwwoiyijiacom,18,0,0,0,,,KEEP,no measured false positives
httpwwwwojinlcom,16,0,0,0,,,KEEP,no measured false positives
httpwwwwojiuxxxcom,18,0,0,0,,,KEEP,no measured false positives
httpwwwwoshihuanzhugegecom,26,0,0,0,,,KEEP,no measured false positives
httpwwwwoxfnet,14,0,0,0,,,KEEP,no measured false positives
httpwwwwparecn,14,0,0,0,,,KEEP,no measured false positives
httpwwwwpkpdcom,15,0,0,0,,,KEEP,no measured false positives
httpwwwwqpuimen,15,0,0,0,,,KEEP,no measured false positives
httpwwwwqvrxloan,16,0,0,0,,,KEEP,no measured false positives
httpwwwwsmcxsinfo,17,0,0,0,,,KEEP,no measured false positives
httpwwwwtbcnetcn,16,0,0,0,,,KEEP,no measured false positives
httpwwwwtsctwcom,16,0,0,0,,,KEEP,no measured false positives
httpwwwwttsskkcn,16,0,0,0,,,KEEP,no measured false positives
httpwwwwudianpaicom,19,0,0,0,,,KEEP,no measured false positives
httpwwwwuhanxgwxcom,19,0,0,0,,,KEEP,no measured false positives
httpwwwwuhanyeshenghuoclub,26,0,0,0,,,KEEP,no measured false positives
httpwwwwumeisznet,17,0,0,0,,,KEEP,no measured false positives
httpwwwwuooinfo,15,0,0,0,,,KEEP,no measured false positives
httpwwwwushasqcom,17,0,0,0,,,KEEP,no measured false positives
httpwwwwuxkmiinfo,17,0,0,0,,,KEEP,no measured false positives
httpwwwwuyedhclub,17,0,0,0,,,KEEP,no measured false positives
httpwwwwuyuedycom,17,0,0,0,,,KEEP,no measured false positives
httpwwwwwkkqoqcqcn,18,0,0,0,,,KEEP,no measured false positives
httpwwwwwwgggjjhhcomcn,22,0,0,0,,,KEEP,no measured false positives
httpwwwwwwstellamccartneycom,28,0,0,0,,,KEEP,no measured false positives
httpwwwwwwyyyzzhhcomcn,22,0,0,0,,,KEEP,no measured false positives
httpwwwwxbnqcydlgcom,20,0,0,0,,,KEEP,no measured false positives
httpwwwwxcjpihjcn,17,0,0,0,,,KEEP,no measured false positives
httpwwwwxdceducom,17,0,0,0,,,KEEP,no measured false positives
httpwwwwxgdsfcn,15,0,0,0,,,KEEP,no measured false positives
httpwwwwxlichangcom,19,0,0,0,,,KEEP,no measured false positives
httpwwwwxljwjjdcn,17,0,0,0,,,KEEP,no measured false positives
httpwwwwxyqslcom,16,0,0,0,,,KEEP,no measured false positives
httpwwwwyinfengcom,18,0,0,0,,,KEEP,no measured false positives
httpwwwwyphkoekloan,19,0,0,0,,,KEEP,no measured false positives
httpwwwwyqsttcom,16,0,0,0,,,KEEP,no measured false positives
httpwwwwzchaohangcom,20,0,0,0,,,KEEP,no measured false positives
httpwwwwznlzdcom,16,0,0,0,,,KEEP,no measured false positives
httpwwwwzzhucecom,17,0,0,0,,,KEEP,no measured false positives
httpwwwxackcc,13,0,0,0,,,KEEP,no measured false positives
httpwwwxagczycom,16,0,0,0,,,KEEP,no measured false positives
httpwwwxapmpcom,15,0,0,0,,,KEEP,no measured false positives
httpwwwxasymphonycom,20,0,0,0,,,KEEP,no measured false positives
httpwwwxccdnnvbpcn,18,0,0,0,,,KEEP,no measured false positives
httpwwwxcvlbcn,14,0,0,0,,,KEEP,no measured false positives
httpwwwxdhiscom,15,0,0,0,,,KEEP,no measured false positives
httpwwwxdllccn,14,0,0,0,,,KEEP,no measured false positives
httpwwwxdrvdzvvcn,17,0,0,0,,,KEEP,no measured false positives
httpwwwxdxmbinfo,16,0,0,0,,,KEEP,no measured false positives
httpwwwxfbflcncn,16,0,0,0,,,KEEP,no measured false positives
httpwwwxfjybbscom,17,0,0,0,,,KEEP,no measured false positives
httpwwwxfkpzcc,14,0,0,0,,,KEEP,no measured false positives
httpwwwxfsndejcom,17,0,0,0,,,KEEP,no measured false positives
httpwwwxgmeizicom,17,0,0,0,,,KEEP,no measured false positives
httpwwwxgmingdacom,18,0,0,0,,,KEEP,no measured false positives
httpwwwxgyswcom,15,0,0,0,,,KEEP,no measured false positives
httpwwwxhnykjcomcn,18,0,0,0,,,KEEP,no measured false positives
httpwwwxhumccom,15,0,0,0,,,KEEP,no measured false positives
httpwwwxhyunshengcom,20,0,0,0,,,KEEP,no measured false positives
httpwwwxiajblucom,17,0,0,0,,,KEEP,no measured false positives
httpwwwxianbaichengcom,22,0,0,0,,,KEEP,no measured false positives
httpwwwxianfengbulucom,22,0,0,0,,,KEEP,no measured false positives
httpwwwxiangbaclub,18,0,0,0,,,KEEP,no measured false positives
httpwwwxianglongyscom,21,0,0,0,,,KEEP,no measured false positives
httpwwwxiangtuwenhuacom,23,0,0,0,,,KEEP,no measured false positives
httpwwwxiangyunwpccom,21,0,0,0,,,KEEP,no measured false positives
httpwwwxiangyycom,17,0,0,0,,,KEEP,no measured false positives
httpwwwxianxinginfo,19,0,0,0,,,KEEP,no measured false positives
httpwwwxiaochunvinfo,20,0,0,0,,,KEEP,no measured false positives
httpwwwxiaofeicncom,19,0,0,0,,,KEEP,no measured false positives
httpwwwxiaolaotouinfo,21,0,0,0,,,KEEP,no measured false positives
httpwwwxiaomiylcn,17,0,0,0,,,KEEP,no measured false positives
httpwwwxiaoneinetcom,20,0,0,0,,,KEEP,no measured false positives
httpwwwxiaoseniucom,19,0,0,0,,,KEEP,no measured false positives
httpwwwxidpnrxcn,16,0,0,0,,,KEEP,no measured false positives
httpwwwxieejjcom,16,0,0,0,,,KEEP,no measured false positives
httpwwwxieemhuacom,18,0,0,0,,,KEEP,no measured false positives
httpwwwxifxflvcn,16,0,0,0,,,KEEP,no measured false positives
httpwwwxiguasecom,17,0,0,0,,,KEEP,no measured false positives
httpwwwxilaishenkejicom,23,0,0,0,,,KEEP,no measured false positives
httpwwwximdkxtcn,16,0,0,0,,,KEEP,no measured false positives
httpwwwxinanlvyecom,19,0,0,0,,,KEEP,no measured false positives
httpwwwxindelius,16,0,0,0,,,KEEP,no measured false positives
httpwwwxinghuajiancom,21,0,0,0,,,KEEP,no measured false positives
httpwwwxingtaiwenjucn,21,0,0,0,,,KEEP,no measured false positives
httpwwwxinhangnbcom,19,0,0,0,,,KEEP,no measured false positives
httpwwwxinmaquecom,18,0,0,0,,,KEEP,no measured false positives
httpwwwxinpengwujincom,22,0,0,0,,,KEEP,no measured false positives
httpwwwxinvhaicom,17,0,0,0,,,KEEP,no measured false positives
httpwwwxinyaonongcom,20,0,0,0,,,KEEP,no measured false positives
httpwwwxiongxianwangdacom,25,0,0,0,,,KEEP,no measured false positives
httpwwwxiruninfo,16,0,0,0,,,KEEP,no measured false positives
httpwwwxisebacom,16,0,0,0,,,KEEP,no measured false positives
httpwwwxiuyitangtattoocom,25,0,0,0,,,KEEP,no measured false positives
httpwwwxixtjnbcn,16,0,0,0,,,KEEP,no measured false positives
httpwwwxiyangecom,17,0,0,0,,,KEEP,no measured false positives
httpwwwxjinpyqpyxptcom,22,0,0,0,,,KEEP,no measured false positives
httpwwwxjkgjscom,16,0,0,0,,,KEEP,no measured false positives
httpwwwxjoutdoorcom,19,0,0,0,,,KEEP,no measured false positives
httpwwwxjunyicom,16,0,0,0,,,KEEP,no measured false positives
httpwwwxjvideosnet,18,0,0,0,,,KEEP,no measured false positives
httpwwwxjyfoodscom,18,0,0,0,,,KEEP,no measured false positives
httpwwwxkqwhloan,16,0,0,0,,,KEEP,no measured false positives
httpwwwxkqzsbcom,16,0,0,0,,,KEEP,no measured false positives
httpwwwxldawcom,15,0,0,0,,,KEEP,no measured false positives
httpwwwxltfpccom,16,0,0,0,,,KEEP,no measured false positives
httpwwwxmhongfuliancom,22,0,0,0,,,KEEP,no measured false positives
httpwwwxmparsonscom,19,0,0,0,,,KEEP,no measured false positives
httpwwwxmxinhongfangcom,23,0,0,0,,,KEEP,no measured false positives
httpwwwxmzsgccom,16,0,0,0,,,KEEP,no measured false positives
httpwwwxnbtlcom,15,0,0,0,,,KEEP,no measured false positives
httpwwwxnxgoucn,15,0,0,0,,,KEEP,no measured false positives
httpwwwxodkgknet,16,0,0,0,,,KEEP,no measured false positives
httpwwwxodtjlfcn,16,0,0,0,,,KEEP,no measured false positives
httpwwwxomfsstloan,18,0,0,0,,,KEEP,no measured false positives
httpwwwxoowwwycn,16,0,0,0,,,KEEP,no measured false positives
httpwwwxoqikoscn,16,0,0,0,,,KEEP,no measured false positives
httpwwwxosmkeecn,16,0,0,0,,,KEEP,no measured false positives
httpwwwxoyweiscn,16,0,0,0,,,KEEP,no measured false positives
httpwwwxpjdlvip,15,0,0,0,,,KEEP,no measured false positives
httpwwwxpjjtzbcom,17,0,0,0,,,KEEP,no measured false positives
httpwwwxppxyzcom,16,0,0,0,,,KEEP,no measured false positives
httpwwwxqkkhlinfo,17,0,0,0,,,KEEP,no measured false positives
httpwwwxqtlucom,15,0,0,0,,,KEEP,no measured false positives
httpwwwxsbzkncom,16,0,0,0,,,KEEP,no measured false positives
httpwwwxsedhcom,15,0,0,0,,,KEEP,no measured false positives
httpwwwxsmygscom,16,0,0,0,,,KEEP,no measured false positives
httpwwwxsrhqcom,15,0,0,0,,,KEEP,no measured false positives
httpwwwxtcpomen,15,0,0,0,,,KEEP,no measured false positives
httpwwwxtgukcom,15,0,0,0,,,KEEP,no measured false positives
httpwwwxtwanlicom,17,0,0,0,,,KEEP,no measured false positives
httpwwwxuezhongzhicn,20,0,0,0,,,KEEP,no measured false positives
httpwwwxufengledcom,19,0,0,0,,,KEEP,no measured false positives
httpwwwxunleigangnet,20,0,0,0,,,KEEP,no measured false positives
httpwwwxunyingwangcom,21,0,0,0,,,KEEP,no measured false positives
httpwwwxvguangcn,16,0,0,0,,,KEEP,no measured false positives
httpwwwxwgctvcn,15,0,0,0,,,KEEP,no measured false positives
httpwwwxwnsrpw,14,0,0,0,,,KEEP,no measured false positives
httpwwwxwqwqbinfo,17,0,0,0,,,KEEP,no measured false positives
httpwwwxxbookclub,17,0,0,0,,,KEEP,no measured false positives
httpwwwxxeebbwckcn,18,0,0,0,,,KEEP,no measured false positives
httpwwwxxqnsbcom,16,0,0,0,,,KEEP,no measured false positives
httpwwwxxshyzdqccom,19,0,0,0,,,KEEP,no measured false positives
httpwwwxxxcccin,15,0,0,0,,,KEEP,no measured false positives
httpwwwxxxteentubescom,22,0,0,0,,,KEEP,no measured false positives
httpwwwxxxxxabccom,18,0,0,0,,,KEEP,no measured false positives
httpwwwxxyhqcom,15,0,0,0,,,KEEP,no measured false positives
httpwwwxydzclcom,16,0,0,0,,,KEEP,no measured false positives
httpwwwxyjxwcom,15,0,0,0,,,KEEP,no measured false positives
httpwwwxyjzqccom,16,0,0,0,,,KEEP,no measured false positives
httpwwwxylockscom,17,0,0,0,,,KEEP,no measured false positives
httpwwwxynbztyncn,17,0,0,0,,,KEEP,no measured false positives
httpwwwxyzusaxyz,16,0,0,0,,,KEEP,no measured false positives
httpwwwxzcontrolcom,19,0,0,0,,,KEEP,no measured false positives
httpwwwxzhywzmcom,17,0,0,0,,,KEEP,no measured false positives
httpwwwxzjjzncom,16,0,0,0,,,KEEP,no measured false positives
httpwwwxzyypjcom,16,0,0,0,,,KEEP,no measured false positives
httpwwwyadashcom,16,0,0,0,,,KEEP,no measured false positives
httpwwwyangpaibabycom,21,0,0,0,,,KEEP,no measured false positives
httpwwwyanqingzhancom,21,0,0,0,,,KEEP,no measured false positives
httpwwwyanyusoftcom,19,0,0,0,,,KEEP,no measured false positives
httpwwwyaoraonvcom,18,0,0,0,,,KEEP,no measured false positives
httpwwwyaoweimifengcom,22,0,0,0,,,KEEP,no measured false positives
httpwwwyaozhongkaocom,21,0,0,0,,,KEEP,no measured false positives
httpwwwyashidinet,17,0,0,0,,,KEEP,no measured false positives
httpwwwyazhousetucc,19,0,0,0,,,KEEP,no measured false positives
httpwwwybseccomcn,17,0,0,0,,,KEEP,no measured false positives
httpwwwycdsaudownload,21,0,0,0,,,KEEP,no measured false positives
httpwwwycfcicom,15,0,0,0,,,KEEP,no measured false positives
httpwwwycjocc,13,0,0,0,,,KEEP,no measured false positives
httpwwwydgoodcom,16,0,0,0,,,KEEP,no measured false positives
httpwwwydjazcom,15,0,0,0,,,KEEP,no measured false positives
httpwwwydlcpcsorg,17,0,0,0,,,KEEP,no measured false positives
httpwwwyefengbengyecom,22,0,0,0,,,KEEP,no measured false positives
httpwwwyejiqingcn,17,0,0,0,,,KEEP,no measured false positives
httpwwwyeluavcom,16,0,0,0,,,KEEP,no measured false positives
httpwwwyemeifulicom,19,0,0,0,,,KEEP,no measured false positives
httpwwwyesbbbcc,15,0,0,0,,,KEEP,no measured false positives
httpwwwyesbbbcom,16,0,0,0,,,KEEP,no measured false positives
httpwwwyesebangnet,18,0,0,0,,,KEEP,no measured false positives
httpwwwyeseonscom,17,0,0,0,,,KEEP,no measured false positives
httpwwwyeseqingcn,17,0,0,0,,,KEEP,no measured false positives
httpwwwyexingzcn,16,0,0,0,,,KEEP,no measured false positives
httpwwwyexxxxcom,16,0,0,0,,,KEEP,no measured false positives
httpwwwyeyeleinfo,17,0,0,0,,,KEEP,no measured false positives
httpwwwyfhszylcom,17,0,0,0,,,KEEP,no measured false positives
httpwwwyfszwscom,16,0,0,0,,,KEEP,no measured false positives
httpwwwygapkcom,15,0,0,0,,,KEEP,no measured false positives
httpwwwygqzhixiangcom,21,0,0,0,,,KEEP,no measured false positives
httpwwwygsssscom,16,0,0,0,,,KEEP,no measured false positives
httpwwwyhcc,11,0,0,0,,,KEEP,no measured false positives
httpwwwyhcvrcom,15,0,0,0,,,KEEP,no measured false positives
httpwwwyhongycom,16,0,0,0,,,KEEP,no measured false positives
httpwwwyhyklcom,15,0,0,0,,,KEEP,no measured false positives
httpwwwyibendcom,16,0,0,0,,,KEEP,no measured false positives
httpwwwyidesecom,16,0,0,0,,,KEEP,no measured false positives
httpwwwyidibiinfo,17,0,0,0,,,KEEP,no measured false positives
httpwwwyigesenet,16,0,0,0,,,KEEP,no measured false positives
httpwwwyijihsinfo,17,0,0,0,,,KEEP,no measured false positives
httpwwwyijinsilkcom,19,0,0,0,,,KEEP,no measured false positives
httpwwwyikudaohangcom,21,0,0,0,,,KEEP,no measured false positives
httpwwwyikusoucom,17,0,0,0,,,KEEP,no measured false positives
httpwwwyilingdianzicom,22,0,0,0,,,KEEP,no measured false positives
httpwwwyinbaikecom,18,0,0,0,,,KEEP,no measured false positives
httpwwwyinpinsaecom,19,0,0,0,,,KEEP,no measured false positives
httpwwwyinrenttcom,18,0,0,0,,,KEEP,no measured false positives
httpwwwyiriyisenet,18,0,0,0,,,KEEP,no measured false positives
httpwwwyisesecn,15,0,0,0,,,KEEP,no measured false positives
httpwwwyishishengchunnet,24,0,0,0,,,KEEP,no measured false positives
httpwwwyishuiloan,17,0,0,0,,,KEEP,no measured false positives
httpwwwyiyouhuojiacom,21,0,0,0,,,KEEP,no measured false positives
httpwwwyiyuanwhcom,18,0,0,0,,,KEEP,no measured false positives
httpwwwyjiuozzcom,17,0,0,0,,,KEEP,no measured false positives
httpwwwyjyniiqplcn,18,0,0,0,,,KEEP,no measured false positives
httpwwwykdwlcom,15,0,0,0,,,KEEP,no measured false positives
httpwwwykgqhcom,15,0,0,0,,,KEEP,no measured false positives
httpwwwylapycn,14,0,0,0,,,KEEP,no measured false positives
httpwwwylrptyvcn,16,0,0,0,,,KEEP,no measured false positives
httpwwwylxwhjcom,16,0,0,0,,,KEEP,no measured false positives
httpwwwynuhotelcom,18,0,0,0,,,KEEP,no measured false positives
httpwwwyongchenmachinerycom,27,0,0,0,,,KEEP,no measured false positives
httpwwwyonglicx,15,0,0,0,,,KEEP,no measured false positives
httpwwwyoodoycom,16,0,0,0,,,KEEP,no measured false positives
httpwwwyooshootcom,18,0,0,0,,,KEEP,no measured false positives
httpwwwyorokombunet,19,0,0,0,,,KEEP,no measured false positives
httpwwwyouavtop,15,0,0,0,,,KEEP,no measured false positives
httpwwwyouavtv,14,0,0,0,,,KEEP,no measured false positives
httpwwwyouflco,14,0,0,0,,,KEEP,no measured false positives
httpwwwyoulaninfo,17,0,0,0,,,KEEP,no measured false positives
httpwwwyoungtubeporn,20,0,0,0,,,KEEP,no measured false positives
httpwwwyounvfulitk,18,0,0,0,,,KEEP,no measured false positives
httpwwwyousezycom,17,0,0,0,,,KEEP,no measured false positives
httpwwwyouyoudycom,18,0,0,0,,,KEEP,no measured false positives
httpwwwyoyoavnet,16,0,0,0,,,KEEP,no measured false positives
httpwwwyplhslcom,16,0,0,0,,,KEEP,no measured false positives
httpwwwypykjxcom,16,0,0,0,,,KEEP,no measured false positives
httpwwwyqdhme,13,0,0,0,,,KEEP,no measured false positives
httpwwwyqdlhcom,15,0,0,0,,,KEEP,no measured false positives
httpwwwyqtbgcom,15,0,0,0,,,KEEP,no measured false positives
httpwwwyrnanxcn,15,0,0,0,,,KEEP,no measured false positives
httpwwwyrorivdcn,16,0,0,0,,,KEEP,no measured false positives
httpwwwyrqckjcom,16,0,0,0,,,KEEP,no measured false positives
httpwwwysmeinvcom,17,0,0,0,,,KEEP,no measured false positives
httpwwwystystcom,16,0,0,0,,,KEEP,no measured false positives
httpwwwysxfwiinfo,17,0,0,0,,,KEEP,no measured false positives
httpwwwyszlwxcom,16,0,0,0,,,KEEP,no measured false positives
httpwwwythchzcom,16,0,0,0,,,KEEP,no measured false positives
httpwwwytkhrjcn,15,0,0,0,,,KEEP,no measured false positives
httpwwwyuasadcwcom,18,0,0,0,,,KEEP,no measured false positives
httpwwwyuehuimanet,18,0,0,0,,,KEEP,no measured false positives
httpwwwyuehuohomecom,20,0,0,0,,,KEEP,no measured false positives
httpwwwyumulicomcili,20,0,0,0,,,KEEP,no measured false positives
httpwwwyunbosoucc,17,0,0,0,,,KEEP,no measured false positives
httpwwwyuqifulicom,18,0,0,0,,,KEEP,no measured false positives
httpwwwyuqqccom,15,0,0,0,,,KEEP,no measured false positives
httpwwwyuunncom,15,0,0,0,,,KEEP,no measured false positives
httpwwwyuzidesigncom,20,0,0,0,,,KEEP,no measured false positives
httpwwwyvbujcn,14,0,0,0,,,KEEP,no measured false positives
httpwwwywbenweicn,17,0,0,0,,,KEEP,no measured false positives
httpwwwywpptnet,15,0,0,0,,,KEEP,no measured false positives
httpwwwywslyeycom,17,0,0,0,,,KEEP,no measured false positives
httpwwwywuxminfo,16,0,0,0,,,KEEP,no measured false positives
httpwwwyxaisicom,16,0,0,0,,,KEEP,no measured false positives
httpwwwyxqzyzcom,16,0,0,0,,,KEEP,no measured false positives
httpwwwyxslzdcom,16,0,0,0,,,KEEP,no measured false positives
httpwwwyyavwangcom,18,0,0,0,,,KEEP,no measured false positives
httpwwwyyesqqcom,16,0,0,0,,,KEEP,no measured false positives
httpwwwyyganxyz,15,0,0,0,,,KEEP,no measured false positives
httpwwwyyplaynet,16,0,0,0,,,KEEP,no measured false positives
httpwwwyyqssqinfo,17,0,0,0,,,KEEP,no measured false positives
httpwwwyysfdzcom,16,0,0,0,,,KEEP,no measured false positives
httpwwwyyxfavlulucom,20,0,0,0,,,KEEP,no measured false positives
httpwwwyyxfavwzcom,18,0,0,0,,,KEEP,no measured false positives
httpwwwyyycaocom,16,0,0,0,,,KEEP,no measured false positives
httpwwwyzconveyorcom,20,0,0,0,,,KEEP,no measured false positives
httpwwwyzdshopcom,17,0,0,0,,,KEEP,no measured false positives
httpwwwyzdyrhcom,16,0,0,0,,,KEEP,no measured false positives
httpwwwyzltxscom,16,0,0,0,,,KEEP,no measured false positives
httpwwwyzzehuacn,16,0,0,0,,,KEEP,no measured false positives
httpwwwzafitnesscom,19,0,0,0,,,KEEP,no measured false positives
httpwwwzaixianfulicc,20,0,0,0,,,KEEP,no measured false positives
httpwwwzakokinfo,16,0,0,0,,,KEEP,no measured false positives
httpwwwzaoxjcom,15,0,0,0,,,KEEP,no measured false positives
httpwwwzbxingtongjixiecom,25,0,0,0,,,KEEP,no measured false positives
httpwwwzcjguanggaocom,21,0,0,0,,,KEEP,no measured false positives
httpwwwzcjxfundscom,19,0,0,0,,,KEEP,no measured false positives
httpwwwzdclhncom,16,0,0,0,,,KEEP,no measured false positives
httpwwwzdjybjcom,16,0,0,0,,,KEEP,no measured false positives
httpwwwzdvblnnwinfo,19,0,0,0,,,KEEP,no measured false positives
httpwwwzeekkcom,15,0,0,0,,,KEEP,no measured false positives
httpwwwzelanzcom,16,0,0,0,,,KEEP,no measured false positives
httpwwwzgbuyucom,16,0,0,0,,,KEEP,no measured false positives
httpwwwzggjlxscom,17,0,0,0,,,KEEP,no measured false positives
httpwwwzghengkecom,18,0,0,0,,,KEEP,no measured false positives
httpwwwzgmeinvcom,17,0,0,0,,,KEEP,no measured false positives
httpwwwzgxiangyoucom,20,0,0,0,,,KEEP,no measured false positives
httpwwwzgysjytv,15,0,0,0,,,KEEP,no measured false positives
httpwwwzhaibtcom,16,0,0,0,,,KEEP,no measured false positives
httpwwwzhainanyingcom,21,0,0,0,,,KEEP,no measured false positives
httpwwwzhangzhiguocom,21,0,0,0,,,KEEP,no measured false positives
httpwwwzhaocilinet,18,0,0,0,,,KEEP,no measured false positives
httpwwwzhdnpxcom,16,0,0,0,,,KEEP,no measured false positives
httpwwwzhengcaipingtaicn,24,0,0,0,,,KEEP,no measured false positives
httpwwwzhengcaiyuleinfo,23,0,0,0,,,KEEP,no measured false positives
httpwwwzhenhaifengshuncomcn,27,0,0,0,,,KEEP,no measured false positives
httpwwwzhenhaobtcom,19,0,0,0,,,KEEP,no measured false positives
httpwwwzhenzhidaliancom,23,0,0,0,,,KEEP,no measured false positives
httpwwwzhiqibagscom,19,0,0,0,,,KEEP,no measured false positives
httpwwwzhjiajiacom,18,0,0,0,,,KEEP,no measured false positives
httpwwwzhlqbcn,14,0,0,0,,,KEEP,no measured false positives
httpwwwzhonghaoqdcom,20,0,0,0,,,KEEP,no measured false positives
httpwwwzhongledianlicn,22,0,0,0,,,KEEP,no measured false positives
httpwwwzhongshenhbcom,21,0,0,0,,,KEEP,no measured false positives
httpwwwzhongyuanjinhuicom,25,0,0,0,,,KEEP,no measured false positives
httpwwwzhongzhucomcn,20,0,0,0,,,KEEP,no measured false positives
httpwwwzhongzigounet,20,0,0,0,,,KEEP,no measured false positives
httpwwwzhoubofoodcn,19,0,0,0,,,KEEP,no measured false positives
httpwwwzhougongmengjiecn,24,0,0,0,,,KEEP,no measured false positives
httpwwwzhouyetvcom,18,0,0,0,,,KEEP,no measured false positives
httpwwwzhuchengzpcom,20,0,0,0,,,KEEP,no measured false positives
httpwwwzhxiaoshuonet,20,0,0,0,,,KEEP,no measured false positives
httpwwwzhyiclub,15,0,0,0,,,KEEP,no measured false positives
httpwwwzidochinacom,19,0,0,0,,,KEEP,no measured false positives
httpwwwziloulancn,17,0,0,0,,,KEEP,no measured false positives
httpwwwziquanyiqicom,20,0,0,0,,,KEEP,no measured false positives
httpwwwziyousucom,17,0,0,0,,,KEEP,no measured false positives
httpwwwzjfystarcom,18,0,0,0,,,KEEP,no measured false positives
httpwwwzjghongyejxcom,21,0,0,0,,,KEEP,no measured false positives
httpwwwzjgspmecom,17,0,0,0,,,KEEP,no measured false positives
httpwwwzjherencom,17,0,0,0,,,KEEP,no measured false positives
httpwwwzjldtycom,16,0,0,0,,,KEEP,no measured false positives
httpwwwzjlinnet,15,0,0,0,,,KEEP,no measured false positives
httpwwwzjrdblinfo,17,0,0,0,,,KEEP,no measured false positives
httpwwwzjthchinacom,19,0,0,0,,,KEEP,no measured false positives
httpwwwzjtjworgcn,17,0,0,0,,,KEEP,no measured false positives
httpwwwzjvenuscom,17,0,0,0,,,KEEP,no measured false positives
httpwwwzjwmrccom,16,0,0,0,,,KEEP,no measured false positives
httpwwwzkfozcom,15,0,0,0,,,KEEP,no measured false positives
httpwwwzkooncom,15,0,0,0,,,KEEP,no measured false positives
httpwwwzmlrrjrfinfo,19,0,0,0,,,KEEP,no measured false positives
httpwwwznflsqinfo,17,0,0,0,,,KEEP,no measured false positives
httpwwwznrykrinfo,17,0,0,0,,,KEEP,no measured false positives
httpwwwzntshzcom,16,0,0,0,,,KEEP,no measured false positives
httpwwwzonecoitcom,18,0,0,0,,,KEEP,no measured false positives
httpwwwzongboorg,16,0,0,0,,,KEEP,no measured false positives
httpwwwzqouivlkcn,17,0,0,0,,,KEEP,no measured false positives
httpwwwzsbsmycn,15,0,0,0,,,KEEP,no measured false positives
httpwwwzshandsomecom,20,0,0,0,,,KEEP,no measured false positives
httpwwwzsmadcom,15,0,0,0,,,KEEP,no measured false positives
httpwwwzswdledcom,17,0,0,0,,,KEEP,no measured false positives
httpwwwzsyygkcom,16,0,0,0,,,KEEP,no measured false positives
httpwwwztndnfdzrhcc,19,0,0,0,,,KEEP,no measured false positives
httpwwwzuoaifulicc,18,0,0,0,,,KEEP,no measured false positives
httpwwwzvjndcncn,16,0,0,0,,,KEEP,no measured false positives
httpwwwzwthhfinfo,17,0,0,0,,,KEEP,no measured false positives
httpwwwzxbcoffeecom,19,0,0,0,,,KEEP,no measured false positives
httpwwwzxfulinet,16,0,0,0,,,KEEP,no measured false positives
httpwwwzxhggscom,16,0,0,0,,,KEEP,no measured false positives
httpwwwzxianinfo,16,0,0,0,,,KEEP,no measured false positives
httpwwwzxnhtfmen,16,0,0,0,,,KEEP,no measured false positives
httpwwwzxxbbscom,16,0,0,0,,,KEEP,no measured false positives
httpwwwzybaowencom,18,0,0,0,,,KEEP,no measured false positives
httpwwwzyekwcom,15,0,0,0,,,KEEP,no measured false positives
httpwwwzyirtcom,15,0,0,0,,,KEEP,no measured false positives
httpwwwzzeeuuycn,16,0,0,0,,,KEEP,no measured false positives
httpwwwzzeioyacn,16,0,0,0,,,KEEP,no measured false positives
httpwwwzzfpswcom,16,0,0,0,,,KEEP,no measured false positives
httpwwwzzfxzthcn,16,0,0,0,,,KEEP,no measured false positives
httpwwwzzhbmjcom,16,0,0,0,,,KEEP,no measured false positives
httpwwwzzjxxflcn,16,0,0,0,,,KEEP,no measured false positives
httpwwwzzkigyqcn,16,0,0,0,,,KEEP,no measured false positives
httpwwwzzlbnet,14,0,0,0,,,KEEP,no measured false positives
httpwwwzzlvhuancom,18,0,0,0,,,KEEP,no measured false positives
httpwwwzzmueqccn,16,0,0,0,,,KEEP,no measured false positives
httpwwwzzpbdjncn,16,0,0,0,,,KEEP,no measured false positives
httpwwwzzqtsxcom,16,0,0,0,,,KEEP,no measured false positives
httpwwwzzrqxscom,16,0,0,0,,,KEEP,no measured false positives
httpwwwzzslqycom,16,0,0,0,,,KEEP,no measured false positives
httpwwwzzwninfo,15,0,0,0,,,KEEP,no measured false positives
httpwwwzzxrbxgcom,17,0,0,0,,,KEEP,no measured false positives
httpwwwzzyzzdhcom,17,0,0,0,,,KEEP,no measured false positives
httpwwwzzzaucom,15,0,0,0,,,KEEP,no measured false positives
httpwwyyaacom,13,0,0,0,,,KEEP,no measured false positives
httpwxfchnjlcn,14,0,0,0,,,KEEP,no measured false positives
httpwyzdbloan,13,0,0,0,,,KEEP,no measured false positives
httpwyzipaiinfo,15,0,0,0,,,KEEP,no measured false positives
httpwzhuatcom,13,0,0,0,,,KEEP,no measured false positives
httpxbpkkkkcomcn,16,0,0,0,,,KEEP,no measured false positives
httpxdsdacom,12,0,0,0,,,KEEP,no measured false positives
httpxdyxmmcom,13,0,0,0,,,KEEP,no measured false positives
httpxfasqzzinfo,15,0,0,0,,,KEEP,no measured false positives
httpxfgamescn,13,0,0,0,,,KEEP,no measured false positives
httpxgaoqingcom,15,0,0,0,,,KEEP,no measured false positives
httpxgpfccn,11,0,0,0,,,KEEP,no measured false positives
httpxhtjqcom,12,0,0,0,,,KEEP,no measured false positives
httpxiannvtinfo,15,0,0,0,,,KEEP,no measured false positives
httpxiaoguafudhinfo,19,0,0,0,,,KEEP,no measured false positives
httpxiaolaotouinfo,18,0,0,0,,,KEEP,no measured false positives
httpxinchengcaibancom,21,0,0,0,,,KEEP,no measured false positives
httpxingfengtechcom,19,0,0,0,,,KEEP,no measured false positives
httpxinheguancaicom,19,0,0,0,,,KEEP,no measured false positives
httpxinpujingjituanzongbucom,28,0,0,0,,,KEEP,no measured false positives
httpxinuregcom,14,0,0,0,,,KEEP,no measured false positives
httpxiongxcjhcctcn,18,0,0,0,,,KEEP,no measured false positives
httpxisezico,12,0,0,0,,,KEEP,no measured false positives
httpxisuijiwcom,15,0,0,0,,,KEEP,no measured false positives
httpxiummorg,12,0,0,0,,,KEEP,no measured false positives
httpxiyangecom,14,0,0,0,,,KEEP,no measured false positives
httpxjpgshcom,13,0,0,0,,,KEEP,no measured false positives
httpxjwltcinfo,14,0,0,0,,,KEEP,no measured false positives
httpxmhongfancom,16,0,0,0,,,KEEP,no measured false positives
httpxsjctcccom,14,0,0,0,,,KEEP,no measured false positives
httpxspwebsite,14,0,0,0,,,KEEP,no measured false positives
httpxtvnhucc,12,0,0,0,,,KEEP,no measured false positives
httpxxxyoungteenscom,20,0,0,0,,,KEEP,no measured false positives
httpxydgninfo,13,0,0,0,,,KEEP,no measured false positives
httpxyhpxcom,12,0,0,0,,,KEEP,no measured false positives
httpxyinzinfo,13,0,0,0,,,KEEP,no measured false positives
httpxyylawyercom,16,0,0,0,,,KEEP,no measured false positives
httpxzxinniancom,16,0,0,0,,,KEEP,no measured false positives
httpyanmianqiancom,18,0,0,0,,,KEEP,no measured false positives
httpyashidinet,14,0,0,0,,,KEEP,no measured false positives
httpydjjdhcom,13,0,0,0,,,KEEP,no measured false positives
httpyehuaqizhancom,18,0,0,0,,,KEEP,no measured false positives
httpyeyeaispcom,15,0,0,0,,,KEEP,no measured false positives
httpyeyeliucom,14,0,0,0,,,KEEP,no measured false positives
httpyeyeshesaocom,17,0,0,0,,,KEEP,no measured false positives
httpyezusexclub,15,0,0,0,,,KEEP,no measured false positives
httpyezusexytop,15,0,0,0,,,KEEP,no measured false positives
httpyiaocc,10,0,0,0,,,KEEP,no measured false positives
httpyidianpacom,15,0,0,0,,,KEEP,no measured false positives
httpyiliangbicom,16,0,0,0,,,KEEP,no measured false positives
httpyismlcom,12,0,0,0,,,KEEP,no measured false positives
httpyiyouhuojiacom,18,0,0,0,,,KEEP,no measured false positives
httpyloqnet,11,0,0,0,,,KEEP,no measured false positives
httpymhctwcom,13,0,0,0,,,KEEP,no measured false positives
httpymxunet,11,0,0,0,,,KEEP,no measured false positives
httpyncancom,12,0,0,0,,,KEEP,no measured false positives
httpyongchitpcom,16,0,0,0,,,KEEP,no measured false positives
httpyoujirrcom,14,0,0,0,,,KEEP,no measured false positives
httpyoujizzvip,14,0,0,0,,,KEEP,no measured false positives
httpyouyouspcom,15,0,0,0,,,KEEP,no measured false positives
httpypwycc,10,0,0,0,,,KEEP,no measured false positives
httpyqchuangweicom,18,0,0,0,,,KEEP,no measured false positives
httpyqzsybcom,13,0,0,0,,,KEEP,no measured false positives
httpysjmorg,11,0,0,0,,,KEEP,no measured false positives
httpytwanglancom,16,0,0,0,,,KEEP,no measured false positives
httpyuehuiyinqicom,18,0,0,0,,,KEEP,no measured false positives
httpyunkeseccom,15,0,0,0,,,KEEP,no measured false positives
httpyuzidesigncom,17,0,0,0,,,KEEP,no measured false positives
httpyyavzycom,13,0,0,0,,,KEEP,no measured false positives
httpyzltxscom,13,0,0,0,,,KEEP,no measured false positives
httpyzzysqcom,13,0,0,0,,,KEEP,no measured false positives
httpzanghuagecc,15,0,0,0,,,KEEP,no measured false positives
httpzbkunhongcom,16,0,0,0,,,KEEP,no measured false positives
httpzbmmcrqbzyukuicwcn,22,0,0,0,,,KEEP,no measured false positives
httpzcjianhuacom,16,0,0,0,,,KEEP,no measured false positives
httpzhainanflcom,16,0,0,0,,,KEEP,no measured false positives
httpzhainansheorg,17,0,0,0,,,KEEP,no measured false positives
httpzhandidycom,15,0,0,0,,,KEEP,no measured false positives
httpzhaohaopianinfo,19,0,0,0,,,KEEP,no measured false positives
httpzhasiagaycom,16,0,0,0,,,KEEP,no measured false positives
httpzhengcaiyulecom,19,0,0,0,,,KEEP,no measured false positives
httpzhenrengaocom,17,0,0,0,,,KEEP,no measured false positives
httpzhichenecom,15,0,0,0,,,KEEP,no measured false positives
httpzhmeshcom,13,0,0,0,,,KEEP,no measured false positives
httpzhongguoxingcaicom,22,0,0,0,,,KEEP,no measured false positives
httpzhongzicilinet,18,0,0,0,,,KEEP,no measured false positives
httpzipaifulicom,16,0,0,0,,,KEEP,no measured false positives
httpziyuebxgcom,15,0,0,0,,,KEEP,no measured false positives
httpzjlofficecom,16,0,0,0,,,KEEP,no measured false positives
httpzjomkfmcn,13,0,0,0,,,KEEP,no measured false positives
httpzjtcxxcom,13,0,0,0,,,KEEP,no measured false positives
httpzltraincom,14,0,0,0,,,KEEP,no measured false positives
httpznfulixyz,13,0,0,0,,,KEEP,no measured false positives
httpznwznet,11,0,0,0,,,KEEP,no measured false positives
httpzunyibzhcodeplexcom,23,0,0,0,,,KEEP,no measured false positives
httpzunyirjdtdgirlcom,21,0,0,0,,,KEEP,no measured false positives
httpzxgmzlcom,13,0,0,0,,,KEEP,no measured false positives
httpzxnyyzcom,13,0,0,0,,,KEEP,no measured false positives
httpzzcourtcom,14,0,0,0,,,KEEP,no measured false positives
httpzzdsyqcom,13,0,0,0,,,KEEP,no measured false positives
httpzznqus,10,0,0,0,,,KEEP,no measured false positives
huanet,6,0,0,0,,,KEEP,no measured false positives
huangrensecom,13,0,0,0,,,KEEP,no measured false positives
huihuangtxcom,13,0,0,0,,,KEEP,no measured false positives
hujingtao,9,0,0,0,,,KEEP,no measured false positives
hujintao,8,0,0,0,,,KEEP,no measured false positives
hutaojin,8,0,0,0,,,KEEP,no measured false positives
hutaojing,9,0,0,0,,,KEEP,no measured false positives
huwaichuanqicom,15,0,0,0,,,KEEP,no measured false positives
hwb,3,0,0,0,,,KEEP,no measured false positives
hwxlwangcom,11,0,0,0,,,KEEP,no measured false positives
hxfreightcom,12,0,0,0,,,KEEP,no measured false positives
hxtjaccn,8,0,0,0,,,KEEP,no measured false positives
hxvzhacn,8,0,0,0,,,KEEP,no measured false positives
hybowcom,8,0,0,0,,,KEEP,no measured false positives
hydrochloride,13,0,0,0,,,KEEP,no measured false positives
hyhtcitscom,11,0,0,0,,,KEEP,no measured false positives
hypermartnet,12,0,0,0,,,KEEP,no measured false positives
hzaaacom,8,0,0,0,,,KEEP,no measured false positives
hzfywjfycom,11,0,0,0,,,KEEP,no measured false positives
hzlishcom,9,0,0,0,,,KEEP,no measured false positives
iabcc,5,0,0,0,,,KEEP,no measured false positives
icpcncom,8,0,0,0,,,KEEP,no measured false positives
ieboycn,7,0,0,0,,,KEEP,no measured false positives
igjtgcn,7,0,0,0,,,KEEP,no measured false positives
iii,3,0,0,0,,,DELETE,the game's own localized text uses this as a word (19 occurrences)
ikxlaccn,8,0,0,0,,,KEEP,no measured false positives
ilaaacom,8,0,0,0,,,KEEP,no measured false positives
immewcn,7,0,0,0,,,KEEP,no measured false positives
imvtsjlcscience,15,0,0,0,,,KEEP,no measured false positives
iplinecn,8,0,0,0,,,KEEP,no measured false positives
ipxxvcn,7,0,0,0,,,KEEP,no measured false positives
itgoxskcom,10,0,0,0,,,KEEP,no measured false positives
iwwpzcom,8,0,0,0,,,KEEP,no measured false positives
ixieenet,8,0,0,0,,,KEEP,no measured false positives
iyfiycn,7,0,0,0,,,KEEP,no measured false positives
jamie,5,0,0,0,,,DELETE,the game's own localized text uses this as a word (1 occurrences)
javgaocom,9,0,0,0,,,KEEP,no measured false positives
jbyiaccn,8,0,0,0,,,KEEP,no measured false positives
jckjwmpcn,9,0,0,0,,,KEEP,no measured false positives
jdeohfcn,8,0,0,0,,,KEEP,no measured false positives
jdyoucom,8,0,0,0,,,KEEP,no measured false positives
jebwgscom,9,0,0,0,,,KEEP,no measured false positives
jg,2,0,0,0,,,SCOPE:zh,"1-2 characters: a romanized abbreviation. Meaningful in its origin market, unusable as a substring in Latin text. Keep it, restrict it to that locale."
jiaemoqunet,11,0,0,0,,,KEEP,no measured false positives
jiandang,8,0,0,0,,,KEEP,no measured false positives
jiangdongriji,13,0,0,0,,,KEEP,no measured false positives
jiangzemin,10,0,0,0,,,KEEP,no measured false positives
jiangzeming,11,0,0,0,,,KEEP,no measured false positives
jiangzhemin,11,0,0,0,,,KEEP,no measured false positives
jiangzheming,12,0,0,0,,,KEEP,no measured false positives
jiaochuang,10,0,0,0,,,KEEP,no measured false positives
jiaochun,8,0,0,0,,,KEEP,no measured false positives
jiaoshiqikancom,15,0,0,0,,,KEEP,no measured false positives
jiayyoucn,9,0,0,0,,,KEEP,no measured false positives
jiayyoucom,10,0,0,0,,,KEEP,no measured false positives
jiba,4,0,0,0,,,KEEP,no measured false positives
jingfu,6,0,0,0,,,KEEP,no measured false positives
jinghutao,9,0,0,0,,,KEEP,no measured false positives
jingpin,7,0,0,0,,,KEEP,no measured false positives
jingping,8,0,0,0,,,KEEP,no measured false positives
jingpingxi,10,0,0,0,,,KEEP,no measured false positives
jingpinxi,9,0,0,0,,,KEEP,no measured false positives
jingtao,7,0,0,0,,,KEEP,no measured false positives
jingtaohu,9,0,0,0,,,KEEP,no measured false positives
jingxi,6,0,0,0,,,KEEP,no measured false positives
jingxipin,9,0,0,0,,,KEEP,no measured false positives
jingxiping,10,0,0,0,,,KEEP,no measured false positives
jinhutao,8,0,0,0,,,KEEP,no measured false positives
jinpaopaocom,12,0,0,0,,,KEEP,no measured false positives
jinpin,6,0,0,0,,,KEEP,no measured false positives
jinping,7,0,0,0,,,KEEP,no measured false positives
jinpingxi,9,0,0,0,,,KEEP,no measured false positives
jinpinxi,8,0,0,0,,,KEEP,no measured false positives
jintao,6,0,0,0,,,KEEP,no measured false positives
jintaohu,8,0,0,0,,,KEEP,no measured false positives
jinv,4,0,0,0,,,KEEP,no measured false positives
jinxi,5,0,0,0,,,KEEP,no measured false positives
jinxipin,8,0,0,0,,,KEEP,no measured false positives
jinxiping,9,0,0,0,,,KEEP,no measured false positives
jinyintongzc,12,0,0,0,,,KEEP,no measured false positives
jiuping,7,0,0,0,,,KEEP,no measured false positives
jjdlwcom,8,0,0,0,,,KEEP,no measured false positives
jjj,3,0,0,0,,,KEEP,no measured false positives
jlpquwcn,8,0,0,0,,,KEEP,no measured false positives
jmcomic,7,0,0,0,,,KEEP,no measured false positives
jnxtnpscience,13,0,0,0,,,KEEP,no measured false positives
jooplaycom,10,0,0,0,,,KEEP,no measured false positives
joymiicom,9,0,0,0,,,KEEP,no measured false positives
jpeg,4,0,0,0,,,KEEP,no measured false positives
jpg,3,0,0,0,,,KEEP,no measured false positives
jpmyavtv,8,0,0,0,,,KEEP,no measured false positives
jragscn,7,0,0,0,,,KEEP,no measured false positives
jsdbccn,7,0,0,0,,,KEEP,no measured false positives
jtsidqcn,8,0,0,0,,,KEEP,no measured false positives
jutugucom,9,0,0,0,,,KEEP,no measured false positives
jxxiangdacom,12,0,0,0,,,KEEP,no measured false positives
jzmdzlcom,9,0,0,0,,,KEEP,no measured false positives
kabdjskcom,10,0,0,0,,,KEEP,no measured false positives
kanzhongguo,11,0,0,0,,,KEEP,no measured false positives
karttcn,7,0,0,0,,,KEEP,no measured false positives
kaujiaowangcom,14,0,0,0,,,KEEP,no measured false positives
keliqian,8,0,0,0,,,KEEP,no measured false positives
keliqiang,9,0,0,0,,,KEEP,no measured false positives
keqiang,7,0,0,0,,,KEEP,no measured false positives
keqiangli,9,0,0,0,,,KEEP,no measured false positives
keqianli,8,0,0,0,,,KEEP,no measured false positives
khvgnkzcom,10,0,0,0,,,KEEP,no measured false positives
khyxwcom,8,0,0,0,,,KEEP,no measured false positives
kissmyass,9,0,0,0,,,KEEP,no measured false positives
kjivwjlcom,10,0,0,0,,,KEEP,no measured false positives
kkb,3,0,0,0,,,KEEP,no measured false positives
kkk,3,0,0,0,,,KEEP,no measured false positives
kkkkk,5,0,0,0,,,KEEP,no measured false positives
kkkxaohcn,9,0,0,0,,,KEEP,no measured false positives
kkp,3,0,0,0,,,KEEP,no measured false positives
kmglscn,7,0,0,0,,,KEEP,no measured false positives
kmt,3,0,0,0,,,KEEP,no measured false positives
knifeccom,9,0,0,0,,,KEEP,no measured false positives
kpp,3,0,0,0,,,KEEP,no measured false positives
kuajjvcom,9,0,0,0,,,KEEP,no measured false positives
kushak,6,0,0,0,,,KEEP,no measured false positives
kusorentumblrcom,16,0,0,0,,,KEEP,no measured false positives
kvormzcom,9,0,0,0,,,KEEP,no measured false positives
laddervpn,9,0,0,0,,,KEEP,no measured false positives
laji,4,0,0,0,,,KEEP,no measured false positives
langyouinfo,11,0,0,0,,,KEEP,no measured false positives
laodianyinghowbbscom,20,0,0,0,,,KEEP,no measured false positives
lbplaccn,8,0,0,0,,,KEEP,no measured false positives
lepaybtscience,14,0,0,0,,,KEEP,no measured false positives
letsvpn,7,0,0,0,,,KEEP,no measured false positives
lfwmhvrscience,14,0,0,0,,,KEEP,no measured false positives
lgbt,4,0,0,0,,,KEEP,no measured false positives
lggkacn,7,0,0,0,,,KEEP,no measured false positives
liaoliaoxing,12,0,0,0,,,KEEP,no measured false positives
lihongkuan,10,0,0,0,,,KEEP,no measured false positives
lihongzhi,9,0,0,0,,,KEEP,no measured false positives
likekocom,9,0,0,0,,,KEEP,no measured false positives
likeqian,8,0,0,0,,,KEEP,no measured false positives
likeqiang,9,0,0,0,,,KEEP,no measured false positives
lipeng,6,0,0,0,,,KEEP,no measured false positives
liqiangke,9,0,0,0,,,KEEP,no measured false positives
liqianke,8,0,0,0,,,KEEP,no measured false positives
liufucpcom,10,0,0,0,,,KEEP,no measured false positives
liusaoqi,8,0,0,0,,,KEEP,no measured false positives
liushaoqi,9,0,0,0,,,KEEP,no measured false positives
liusi,5,0,0,0,,,KEEP,no measured false positives
liuyunshan,10,0,0,0,,,KEEP,no measured false positives
liyuan,6,0,0,0,,,KEEP,no measured false positives
liyuanpeng,10,0,0,0,,,KEEP,no measured false positives
lizhanshu,9,0,0,0,,,KEEP,no measured false positives
lkq,3,0,0,0,,,KEEP,no measured false positives
lllxaohcn,9,0,0,0,,,KEEP,no measured false positives
lmjswcn,7,0,0,0,,,KEEP,no measured false positives
lnrhaccn,8,0,0,0,,,KEEP,no measured false positives
lordrencom,10,0,0,0,,,KEEP,no measured false positives
lsd,3,0,0,0,,,KEEP,no measured false positives
lualugifcom,11,0,0,0,,,KEEP,no measured false positives
lungong,7,0,0,0,,,KEEP,no measured false positives
luorvncom,9,0,0,0,,,KEEP,no measured false positives
luoxialucn,10,0,0,0,,,KEEP,no measured false positives
luyangyangevcn,14,0,0,0,,,KEEP,no measured false positives
luzhatianzeobtcom,17,0,0,0,,,KEEP,no measured false positives
lxb,3,0,0,0,,,KEEP,no measured false positives
lxjvyundingyulechangcom,23,0,0,0,,,KEEP,no measured false positives
lybbsinfo,9,0,0,0,,,KEEP,no measured false positives
lyxgamecn,9,0,0,0,,,KEEP,no measured false positives
maaii,5,0,0,0,,,KEEP,no measured false positives
maizi,5,0,0,0,,,KEEP,no measured false positives
malegebi,8,0,0,0,,,KEEP,no measured false positives
mallfccom,9,0,0,0,,,KEEP,no measured false positives
maocedong,9,0,0,0,,,KEEP,no measured false positives
maochedong,10,0,0,0,,,KEEP,no measured false positives
maozedong,9,0,0,0,,,KEEP,no measured false positives
maozeidong,10,0,0,0,,,KEEP,no measured false positives
maozhedong,10,0,0,0,,,KEEP,no measured false positives
maozhuxi,8,0,0,0,,,KEEP,no measured false positives
marenol,7,0,0,0,,,KEEP,no measured false positives
mariaozawa,10,0,0,0,,,KEEP,no measured false positives
mauodanet,9,0,0,0,,,KEEP,no measured false positives
mayunkuncn,10,0,0,0,,,KEEP,no measured false positives
mbfjnrcom,9,0,0,0,,,KEEP,no measured false positives
meetme,6,0,0,0,,,KEEP,no measured false positives
meishisoftcom,13,0,0,0,,,KEEP,no measured false positives
memeclme,8,0,0,0,,,KEEP,no measured false positives
mengfulicom,11,0,0,0,,,KEEP,no measured false positives
mgjtznhcom,10,0,0,0,,,KEEP,no measured false positives
mgjzybjcom,10,0,0,0,,,KEEP,no measured false positives
mgwsaccn,8,0,0,0,,,KEEP,no measured false positives
mhhrpcn,7,0,0,0,,,KEEP,no measured false positives
minghui,7,0,0,0,,,KEEP,no measured false positives
minghuinews,11,0,0,0,,,KEEP,no measured false positives
mixstudiovol,12,0,0,0,,,KEEP,no measured false positives
mlgb,4,0,0,0,,,KEEP,no measured false positives
mlzqvcgxyz,10,0,0,0,,,KEEP,no measured false positives
mmm,3,0,0,0,,,KEEP,no measured false positives
mmoyqkcom,9,0,0,0,,,KEEP,no measured false positives
mmp,3,0,0,0,,,KEEP,no measured false positives
mmxbbxo,7,0,0,0,,,KEEP,no measured false positives
mockmayson,10,0,0,0,,,KEEP,no measured false positives
moreless,8,0,0,0,,,KEEP,no measured false positives
mpceggscn,9,0,0,0,,,KEEP,no measured false positives
mqqskycc,8,0,0,0,,,KEEP,no measured false positives
msbracn,7,0,0,0,,,KEEP,no measured false positives
muzhiwan,8,0,0,0,,,KEEP,no measured false positives
mwmsaccn,8,0,0,0,,,KEEP,no measured false positives
mxdejcn,7,0,0,0,,,KEEP,no measured false positives
mxieexiucom,11,0,0,0,,,KEEP,no measured false positives
mxxxlinkshuntercom,18,0,0,0,,,KEEP,no measured false positives
myanmar,7,0,0,0,,,KEEP,no measured false positives
mylustcom,9,0,0,0,,,KEEP,no measured false positives
mzdiplomacom,12,0,0,0,,,KEEP,no measured false positives
nacb,4,0,0,0,,,KEEP,no measured false positives
nacui,5,0,0,0,,,KEEP,no measured false positives
naijydaiyuncom,14,0,0,0,,,KEEP,no measured false positives
naitou,6,0,0,0,,,KEEP,no measured false positives
naizi,5,0,0,0,,,KEEP,no measured false positives
nalhpcom,8,0,0,0,,,KEEP,no measured false positives
nazism,6,0,0,0,,,KEEP,no measured false positives
nbfibcn,7,0,0,0,,,KEEP,no measured false positives
nccyzfzncom,11,0,0,0,,,KEEP,no measured false positives
ncn,3,0,0,0,,,KEEP,no measured false positives
ncnukocom,9,0,0,0,,,KEEP,no measured false positives
ncyhcn,6,0,0,0,,,KEEP,no measured false positives
neckromancer,12,0,0,0,,,KEEP,no measured false positives
nejpdaccn,9,0,0,0,,,KEEP,no measured false positives
newsmthnet,10,0,0,0,,,KEEP,no measured false positives
nezscttcom,10,0,0,0,,,KEEP,no measured false positives
nibaba,6,0,0,0,,,KEEP,no measured false positives
ningxianhua,11,0,0,0,,,KEEP,no measured false positives
niwmzvqcom,10,0,0,0,,,KEEP,no measured false positives
njgamecollegeorg,16,0,0,0,,,KEEP,no measured false positives
nmbi,4,0,0,0,,,KEEP,no measured false positives
nmd,3,0,0,0,,,KEEP,no measured false positives
nmml,4,0,0,0,,,KEEP,no measured false positives
nmsb,4,0,0,0,,,KEEP,no measured false positives
nmsl,4,0,0,0,,,KEEP,no measured false positives
nmzl,4,0,0,0,,,KEEP,no measured false positives
nnd,3,0,0,0,,,KEEP,no measured false positives
nnn,3,0,0,0,,,KEEP,no measured false positives
nsyivcn,7,0,0,0,,,KEEP,no measured false positives
ntdtv,5,0,0,0,,,KEEP,no measured false positives
ntrfun,6,0,0,0,,,KEEP,no measured false positives
nugongmmcom,11,0,0,0,,,KEEP,no measured false positives
nvegukcn,8,0,0,0,,,KEEP,no measured false positives
nvvchacn,8,0,0,0,,,KEEP,no measured false positives
nwmyxaccn,9,0,0,0,,,KEEP,no measured false positives
nxivm,5,0,0,0,,,KEEP,no measured false positives
nztdfemdomcnjpcom,17,0,0,0,,,KEEP,no measured false positives
oeuwuzrjzhxnrscience,20,0,0,0,,,KEEP,no measured false positives
ogathqcom,9,0,0,0,,,KEEP,no measured false positives
ogkush,6,0,0,0,,,KEEP,no measured false positives
oivvbcn,7,0,0,0,,,KEEP,no measured false positives
ojgahjcom,9,0,0,0,,,KEEP,no measured false positives
ojochjmcom,10,0,0,0,,,KEEP,no measured false positives
ojphrxcom,9,0,0,0,,,KEEP,no measured false positives
ojzxburcom,10,0,0,0,,,KEEP,no measured false positives
okaygoodcn,10,0,0,0,,,KEEP,no measured false positives
oktqaccn,8,0,0,0,,,KEEP,no measured false positives
okxozzcom,9,0,0,0,,,KEEP,no measured false positives
omlygascom,10,0,0,0,,,KEEP,no measured false positives
onespfpcom,10,0,0,0,,,KEEP,no measured false positives
ooo,3,0,0,0,,,KEEP,no measured false positives
oooxaohcn,9,0,0,0,,,KEEP,no measured false positives
oovwncom,8,0,0,0,,,KEEP,no measured false positives
ooxx,4,0,0,0,,,KEEP,no measured false positives
opdwzcom,8,0,0,0,,,KEEP,no measured false positives
operafreevpn,12,0,0,0,,,KEEP,no measured false positives
opnutecom,9,0,0,0,,,KEEP,no measured false positives
oqxfpncom,9,0,0,0,,,KEEP,no measured false positives
orfrpuscom,10,0,0,0,,,KEEP,no measured false positives
orpcducn,8,0,0,0,,,KEEP,no measured false positives
osisacn,7,0,0,0,,,KEEP,no measured false positives
otoicscom,9,0,0,0,,,KEEP,no measured false positives
ourplay,7,0,0,0,,,KEEP,no measured false positives
oyybtcn,7,0,0,0,,,KEEP,no measured false positives
ozampcn,7,0,0,0,,,KEEP,no measured false positives
ozjyctcom,9,0,0,0,,,KEEP,no measured false positives
ozwyncom,8,0,0,0,,,KEEP,no measured false positives
paceuymobi,10,0,0,0,,,KEEP,no measured false positives
paedophilia,11,0,0,0,,,KEEP,no measured false positives
pancake,7,0,0,0,,,DELETE,the game's own localized text uses this as a word (10 occurrences)
panface,7,0,0,0,,,KEEP,no measured false positives
pangtacomcn,11,0,0,0,,,KEEP,no measured false positives
papapamobi,10,0,0,0,,,KEEP,no measured false positives
pcikchinacom,12,0,0,0,,,KEEP,no measured false positives
pcp,3,0,0,0,,,KEEP,no measured false positives
peacehall,9,0,0,0,,,KEEP,no measured false positives
peakvokcom,10,0,0,0,,,KEEP,no measured false positives
peepla,6,0,0,0,,,KEEP,no measured false positives
pengliyuan,10,0,0,0,,,KEEP,no measured false positives
petgirl,7,0,0,0,,,KEEP,no measured false positives
petn,4,0,0,0,,,KEEP,no measured false positives
pgone,5,0,0,0,,,KEEP,no measured false positives
phenethyl,9,0,0,0,,,KEEP,no measured false positives
phenylpiperidin,15,0,0,0,,,KEEP,no measured false positives
phoenixhomeschoolconventioncom,30,0,0,0,,,KEEP,no measured false positives
phznaccn,8,0,0,0,,,KEEP,no measured false positives
pickingallnet,13,0,0,0,,,KEEP,no measured false positives
pidengbaocom,12,0,0,0,,,KEEP,no measured false positives
pingjin,7,0,0,0,,,KEEP,no measured false positives
pingjing,8,0,0,0,,,KEEP,no measured false positives
pingjingxi,10,0,0,0,,,KEEP,no measured false positives
pingjinxi,9,0,0,0,,,KEEP,no measured false positives
pingxi,6,0,0,0,,,KEEP,no measured false positives
pingxijin,9,0,0,0,,,KEEP,no measured false positives
pingxijing,10,0,0,0,,,KEEP,no measured false positives
pinjin,6,0,0,0,,,KEEP,no measured false positives
pinjing,7,0,0,0,,,KEEP,no measured false positives
pinjinxi,8,0,0,0,,,KEEP,no measured false positives
pinxi,5,0,0,0,,,KEEP,no measured false positives
pinxijin,8,0,0,0,,,KEEP,no measured false positives
pinxijing,9,0,0,0,,,KEEP,no measured false positives
piperidinone,12,0,0,0,,,KEEP,no measured false positives
piperidonehydrate,17,0,0,0,,,KEEP,no measured false positives
pkmmocom,8,0,0,0,,,KEEP,no measured false positives
pndghhbcn,9,0,0,0,,,KEEP,no measured false positives
png,3,0,0,0,,,KEEP,no measured false positives
pornhub,7,0,0,0,,,KEEP,no measured false positives
ppp,3,0,0,0,,,KEEP,no measured false positives
pptcc,5,0,0,0,,,KEEP,no measured false positives
pqvqqtcom,9,0,0,0,,,KEEP,no measured false positives
prettyirenenet,14,0,0,0,,,KEEP,no measured false positives
psbwrocom,9,0,0,0,,,KEEP,no measured false positives
psychedelic,11,0,0,0,,,KEEP,no measured false positives
ptbus,5,0,0,0,,,KEEP,no measured false positives
pttpttnet,9,0,0,0,,,KEEP,no measured false positives
qdwpzzwcom,10,0,0,0,,,KEEP,no measured false positives
qgqmorg,7,0,0,0,,,KEEP,no measured false positives
qguacuscience,13,0,0,0,,,KEEP,no measured false positives
qiangjian,9,0,0,0,,,KEEP,no measured false positives
qiangke,7,0,0,0,,,KEEP,no measured false positives
qiangkeli,9,0,0,0,,,KEEP,no measured false positives
qianglike,9,0,0,0,,,KEEP,no measured false positives
qiankeli,8,0,0,0,,,KEEP,no measured false positives
qianlike,8,0,0,0,,,KEEP,no measured false positives
qisina,6,0,0,0,,,KEEP,no measured false positives
qisinacom,9,0,0,0,,,KEEP,no measured false positives
qixingnetcom,12,0,0,0,,,KEEP,no measured false positives
qjaufqvcn,9,0,0,0,,,KEEP,no measured false positives
qmqpqxcn,8,0,0,0,,,KEEP,no measured false positives
qnyvycn,7,0,0,0,,,KEEP,no measured false positives
qqsgorg,7,0,0,0,,,KEEP,no measured false positives
qtoycom,7,0,0,0,,,KEEP,no measured false positives
qunkazcom,9,0,0,0,,,KEEP,no measured false positives
qvodhotcom,10,0,0,0,,,KEEP,no measured false positives
qvzjotpxyz,10,0,0,0,,,KEEP,no measured false positives
qwffcn,6,0,0,0,,,KEEP,no measured false positives
qxflfscience,12,0,0,0,,,KEEP,no measured false positives
rabbitqueennet,14,0,0,0,,,KEEP,no measured false positives
rajnwcn,7,0,0,0,,,KEEP,no measured false positives
ralivlcom,9,0,0,0,,,KEEP,no measured false positives
rayfilecc,9,0,0,0,,,KEEP,no measured false positives
rbq,3,0,0,0,,,KEEP,no measured false positives
reanocn,7,0,0,0,,,KEEP,no measured false positives
reddidicomcn,12,0,0,0,,,KEEP,no measured false positives
renminbao,9,0,0,0,,,KEEP,no measured false positives
renmingbao,10,0,0,0,,,KEEP,no measured false positives
renqizhandzlzlcom,17,0,0,0,,,KEEP,no measured false positives
rfbpztscience,13,0,0,0,,,KEEP,no measured false positives
rightsarcade,12,0,0,0,,,KEEP,no measured false positives
rijialuzcom,11,0,0,0,,,KEEP,no measured false positives
rirwpcn,7,0,0,0,,,KEEP,no measured false positives
rosarohucom,11,0,0,0,,,KEEP,no measured false positives
rrlucc,6,0,0,0,,,KEEP,no measured false positives
rrr,3,0,0,0,,,KEEP,no measured false positives
rrrxaohcn,9,0,0,0,,,KEEP,no measured false positives
runningman,10,0,0,0,,,KEEP,no measured false positives
ruyiseek,8,0,0,0,,,KEEP,no measured false positives
rybpimcom,9,0,0,0,,,KEEP,no measured false positives
ryrdlred,8,0,0,0,,,KEEP,no measured false positives
safeweb,7,0,0,0,,,KEEP,no measured false positives
saobi,5,0,0,0,,,KEEP,no measured false positives
saoqi,5,0,0,0,,,KEEP,no measured false positives
saxrtlscience,13,0,0,0,,,KEEP,no measured false positives
sbsccbkrcom,11,0,0,0,,,KEEP,no measured false positives
sclfzjcom,9,0,0,0,,,KEEP,no measured false positives
sdchinaartcom,13,0,0,0,,,KEEP,no measured false positives
seaikancom,10,0,0,0,,,KEEP,no measured false positives
secretchina,11,0,0,0,,,KEEP,no measured false positives
selfip,6,0,0,0,,,KEEP,no measured false positives
sesaosaoorg,11,0,0,0,,,KEEP,no measured false positives
setongxuecom,12,0,0,0,,,KEEP,no measured false positives
setugecom,9,0,0,0,,,KEEP,no measured false positives
sextiantangcom,14,0,0,0,,,KEEP,no measured false positives
sextubefm,9,0,0,0,,,KEEP,no measured false positives
shanghaijycom,13,0,0,0,,,KEEP,no measured false positives
shanlinpcom,11,0,0,0,,,KEEP,no measured false positives
shaoqi,6,0,0,0,,,KEEP,no measured false positives
shcqtxyz,8,0,0,0,,,KEEP,no measured false positives
shenycsco,9,0,0,0,,,KEEP,no measured false positives
shfeifeicom,11,0,0,0,,,KEEP,no measured false positives
shhengtaicom,12,0,0,0,,,KEEP,no measured false positives
shhsbiocom,10,0,0,0,,,KEEP,no measured false positives
shoujiwan,9,0,0,0,,,KEEP,no measured false positives
shsgfamencom,12,0,0,0,,,KEEP,no measured false positives
shunjiexrcom,12,0,0,0,,,KEEP,no measured false positives
sinomazoombercn,15,0,0,0,,,KEEP,no measured false positives
siszyzcom,9,0,0,0,,,KEEP,no measured false positives
sixfour,7,0,0,0,,,KEEP,no measured false positives
sixtyfour,9,0,0,0,,,KEEP,no measured false positives
sjlikecom,9,0,0,0,,,KEEP,no measured false positives
sjtxtxzcom,10,0,0,0,,,KEEP,no measured false positives
sjwyx,5,0,0,0,,,KEEP,no measured false positives
sjxyx,5,0,0,0,,,KEEP,no measured false positives
sjydresscom,11,0,0,0,,,KEEP,no measured false positives
skmuaccn,8,0,0,0,,,KEEP,no measured false positives
skout,5,0,0,0,,,KEEP,no measured false positives
skype,5,0,0,0,,,KEEP,no measured false positives
slpqfscience,12,0,0,0,,,KEEP,no measured false positives
smfemdomnztdcom,15,0,0,0,,,KEEP,no measured false positives
smogtesthawthornecom,20,0,0,0,,,KEEP,no measured false positives
smoothskin,10,0,0,0,,,KEEP,no measured false positives
smsknycom,9,0,0,0,,,KEEP,no measured false positives
smyibaicom,10,0,0,0,,,KEEP,no measured false positives
sofwbcn,7,0,0,0,,,KEEP,no measured false positives
soundofhope,11,0,0,0,,,KEEP,no measured false positives
stlmbbscn,9,0,0,0,,,KEEP,no measured false positives
straplessdildo,14,0,0,0,,,KEEP,no measured false positives
strykerxbowcom,14,0,0,0,,,KEEP,no measured false positives
styujtcom,9,0,0,0,,,KEEP,no measured false positives
suhzlcn,7,0,0,0,,,KEEP,no measured false positives
suyutong,8,0,0,0,,,KEEP,no measured false positives
suzhoupetcn,11,0,0,0,,,KEEP,no measured false positives
svdc,4,0,0,0,,,KEEP,no measured false positives
swisscrossbowch,15,0,0,0,,,KEEP,no measured false positives
sxgudueqxyz,11,0,0,0,,,KEEP,no measured false positives
syduluxcom,10,0,0,0,,,KEEP,no measured false positives
syyaobaichecom,14,0,0,0,,,KEEP,no measured false positives
szlmghcn,8,0,0,0,,,KEEP,no measured false positives
szprtycom,9,0,0,0,,,KEEP,no measured false positives
tableface,9,0,0,0,,,KEEP,no measured false positives
taipei,6,0,0,0,,,KEEP,no measured false positives
taiwam,6,0,0,0,,,KEEP,no measured false positives
tangbaiqiao,11,0,0,0,,,KEEP,no measured false positives
tankeren,8,0,0,0,,,KEEP,no measured false positives
tankman,7,0,0,0,,,KEEP,no measured false positives
taobao,6,0,0,0,,,KEEP,no measured false positives
taohuazunet,11,0,0,0,,,KEEP,no measured false positives
taohujin,8,0,0,0,,,KEEP,no measured false positives
taohujing,9,0,0,0,,,KEEP,no measured false positives
taojinghu,9,0,0,0,,,KEEP,no measured false positives
taojinhu,8,0,0,0,,,KEEP,no measured false positives
taptap,6,0,0,0,,,KEEP,no measured false positives
textnow,7,0,0,0,,,KEEP,no measured false positives
theccn,6,0,0,0,,,KEEP,no measured false positives
thetankman,10,0,0,0,,,KEEP,no measured false positives
thgdfasuotk,11,0,0,0,,,KEEP,no measured false positives
threema,7,0,0,0,,,KEEP,no measured false positives
thzdrvlscience,14,0,0,0,,,KEEP,no measured false positives
thztw,5,0,0,0,,,KEEP,no measured false positives
tiananmen,9,0,0,0,,,KEEP,no measured false positives
tibetalk,8,0,0,0,,,KEEP,no measured false positives
tikhub,6,0,0,0,,,KEEP,no measured false positives
timlinfreedom,13,0,0,0,,,KEEP,no measured false positives
timothylin,10,0,0,0,,,KEEP,no measured false positives
tingtong,8,0,0,0,,,KEEP,no measured false positives
tinyunnetcn,11,0,0,0,,,KEEP,no measured false positives
tmd,3,0,0,0,,,KEEP,no measured false positives
tmuptxyz,8,0,0,0,,,KEEP,no measured false positives
tnnd,4,0,0,0,,,KEEP,no measured false positives
tontcn,6,0,0,0,,,KEEP,no measured false positives
toturachinadog,14,0,0,0,,,KEEP,no measured false positives
tpdsjtvscience,14,0,0,0,,,KEEP,no measured false positives
triangleboy,11,0,0,0,,,KEEP,no measured false positives
tringel,7,0,0,0,,,KEEP,no measured false positives
ttt,3,0,0,0,,,KEEP,no measured false positives
tuffdgccom,10,0,0,0,,,KEEP,no measured false positives
tuidang,7,0,0,0,,,KEEP,no measured false positives
tunvpnpremiumvpn,16,0,0,0,,,KEEP,no measured false positives
tuqdlvcom,9,0,0,0,,,KEEP,no measured false positives
tvbs,4,0,0,0,,,KEEP,no measured false positives
txlnppscience,13,0,0,0,,,KEEP,no measured false positives
txvfaccn,8,0,0,0,,,KEEP,no measured false positives
txwswind,8,0,0,0,,,KEEP,no measured false positives
tzpengshengcom,14,0,0,0,,,KEEP,no measured false positives
ucfotoscom,10,0,0,0,,,KEEP,no measured false positives
uedbetcom,9,0,0,0,,,KEEP,no measured false positives
ultrasurf,9,0,0,0,,,KEEP,no measured false positives
unixbox,7,0,0,0,,,KEEP,no measured false positives
uohwjcn,7,0,0,0,,,KEEP,no measured false positives
urbanrivals,11,0,0,0,,,KEEP,no measured false positives
usbweipaigdcom,14,0,0,0,,,KEEP,no measured false positives
ustibet,7,0,0,0,,,KEEP,no measured false positives
uuu,3,0,0,0,,,KEEP,no measured false positives
uyugfbecom,10,0,0,0,,,KEEP,no measured false positives
vbolisecom,10,0,0,0,,,KEEP,no measured false positives
vgybiuxpresscom,15,0,0,0,,,KEEP,no measured false positives
viiv,4,0,0,0,,,KEEP,no measured false positives
vilzpecom,9,0,0,0,,,KEEP,no measured false positives
vinefographiccom,16,0,0,0,,,KEEP,no measured false positives
vipdongdacpcom,14,0,0,0,,,KEEP,no measured false positives
vipwjcc,7,0,0,0,,,KEEP,no measured false positives
vltxasscom,10,0,0,0,,,KEEP,no measured false positives
vmnvhacn,8,0,0,0,,,KEEP,no measured false positives
vnovtscience,12,0,0,0,,,KEEP,no measured false positives
vnsccom,7,0,0,0,,,KEEP,no measured false positives
voachinese,10,0,0,0,,,KEEP,no measured false positives
vpn,3,0,0,0,,,KEEP,no measured false positives
vvv,3,0,0,0,,,KEEP,no measured false positives
vyrqhacn,8,0,0,0,,,KEEP,no measured false positives
waccdwcom,9,0,0,0,,,KEEP,no measured false positives
wakiangelcom,12,0,0,0,,,KEEP,no measured false positives
wangce,6,0,0,0,,,KEEP,no measured false positives
wanghuning,10,0,0,0,,,KEEP,no measured false positives
wangluogongzuoshicom,20,0,0,0,,,KEEP,no measured false positives
wangqishan,10,0,0,0,,,KEEP,no measured false positives
wangyang,8,0,0,0,,,KEEP,no measured false positives
wangyoudlcom,12,0,0,0,,,KEEP,no measured false positives
wanlicaicc,10,0,0,0,,,KEEP,no measured false positives
wapicbcmiucom,13,0,0,0,,,KEEP,no measured false positives
wapicbcrtccom,13,0,0,0,,,KEEP,no measured false positives
wapicbcsdcom,12,0,0,0,,,KEEP,no measured false positives
wapirortcom,11,0,0,0,,,KEEP,no measured false positives
wapkmcvaqcom,12,0,0,0,,,KEEP,no measured false positives
wapsxbtinfo,11,0,0,0,,,KEEP,no measured false positives
wapxieebcom,11,0,0,0,,,KEEP,no measured false positives
waxszcom,8,0,0,0,,,KEEP,no measured false positives
wcao,4,0,0,0,,,KEEP,no measured false positives
wcchunxucom,11,0,0,0,,,KEEP,no measured false positives
wcnm,4,0,0,0,,,KEEP,no measured false positives
wcnmb,5,0,0,0,,,KEEP,no measured false positives
wcnmd,5,0,0,0,,,KEEP,no measured false positives
wdgwzjcom,9,0,0,0,,,KEEP,no measured false positives
wdiaonma,8,0,0,0,,,KEEP,no measured false positives
wdnmd,5,0,0,0,,,KEEP,no measured false positives
webzen,6,0,0,0,,,KEEP,no measured false positives
weelaa,6,0,0,0,,,KEEP,no measured false positives
weibo,5,0,0,0,,,KEEP,no measured false positives
weilianjdcom,12,0,0,0,,,KEEP,no measured false positives
wenai,5,0,0,0,,,KEEP,no measured false positives
wenge,5,0,0,0,,,KEEP,no measured false positives
wengjiabao,10,0,0,0,,,KEEP,no measured false positives
wftmbycom,9,0,0,0,,,KEEP,no measured false positives
wgbobocn,8,0,0,0,,,KEEP,no measured false positives
wgxiaowucom,11,0,0,0,,,KEEP,no measured false positives
whatsapp,8,0,0,0,,,KEEP,no measured false positives
whatsappbadoo,13,0,0,0,,,KEEP,no measured false positives
whdgm,5,0,0,0,,,KEEP,no measured false positives
whoyocom,8,0,0,0,,,KEEP,no measured false positives
wifipuyucom,11,0,0,0,,,KEEP,no measured false positives
wifzycn,7,0,0,0,,,KEEP,no measured false positives
wixbiekcom,10,0,0,0,,,KEEP,no measured false positives
wocao,5,0,0,0,,,KEEP,no measured false positives
wongkeeny,9,0,0,0,,,KEEP,no measured false positives
woodenharp,10,0,0,0,,,KEEP,no measured false positives
wotkonqzhonqqqzscience,22,0,0,0,,,KEEP,no measured false positives
wpltjcn,7,0,0,0,,,KEEP,no measured false positives
wrvoecn,7,0,0,0,,,KEEP,no measured false positives
wsifmgcom,9,0,0,0,,,KEEP,no measured false positives
wstaiji,7,0,0,0,,,KEEP,no measured false positives
wthxjxcc,8,0,0,0,,,KEEP,no measured false positives
wuxianfulicom,13,0,0,0,,,KEEP,no measured false positives
wvohkcn,7,0,0,0,,,KEEP,no measured false positives
wwedailucom,11,0,0,0,,,KEEP,no measured false positives
www,3,0,0,0,,,KEEP,no measured false positives
wwwaaklucom,11,0,0,0,,,KEEP,no measured false positives
wwwaaqnngcn,11,0,0,0,,,KEEP,no measured false positives
wwwaasteaccn,12,0,0,0,,,KEEP,no measured false positives
wwwaavdvaccn,12,0,0,0,,,KEEP,no measured false positives
wwwabicnsscience,16,0,0,0,,,KEEP,no measured false positives
wwwabqwcn,9,0,0,0,,,KEEP,no measured false positives
wwwadiaaorg,11,0,0,0,,,KEEP,no measured false positives
wwwadkongjiancom,16,0,0,0,,,KEEP,no measured false positives
wwwaemaoicom,12,0,0,0,,,KEEP,no measured false positives
wwwaewoakcn,11,0,0,0,,,KEEP,no measured false positives
wwwafegcmfcom,13,0,0,0,,,KEEP,no measured false positives
wwwaghqnhhcom,13,0,0,0,,,KEEP,no measured false positives
wwwahalscom,11,0,0,0,,,KEEP,no measured false positives
wwwahftpgcom,12,0,0,0,,,KEEP,no measured false positives
wwwaiaiwwcom,12,0,0,0,,,KEEP,no measured false positives
wwwaibjinfo,11,0,0,0,,,KEEP,no measured false positives
wwwaicducom,11,0,0,0,,,KEEP,no measured false positives
wwwaidianshicom,15,0,0,0,,,KEEP,no measured false positives
wwwaijibbcom,12,0,0,0,,,KEEP,no measured false positives
wwwaikuaibous,13,0,0,0,,,KEEP,no measured false positives
wwwailuavcom,12,0,0,0,,,KEEP,no measured false positives
wwwakinqipaiyxcom,17,0,0,0,,,KEEP,no measured false positives
wwwammgmwtcom,13,0,0,0,,,KEEP,no measured false positives
wwwananlucom,12,0,0,0,,,KEEP,no measured false positives
wwwangeliclcom,14,0,0,0,,,KEEP,no measured false positives
wwwanlaiyeecom,14,0,0,0,,,KEEP,no measured false positives
wwwanpululacom,14,0,0,0,,,KEEP,no measured false positives
wwwanulecn,10,0,0,0,,,KEEP,no measured false positives
wwwaocmxscn,11,0,0,0,,,KEEP,no measured false positives
wwwaomemcom,11,0,0,0,,,KEEP,no measured false positives
wwwaomenzhenrendubonet,22,0,0,0,,,KEEP,no measured false positives
wwwapkhdnet,11,0,0,0,,,KEEP,no measured false positives
wwwapxcsckcom,13,0,0,0,,,KEEP,no measured false positives
wwwaqclrcom,11,0,0,0,,,KEEP,no measured false positives
wwwaqdywangcom,14,0,0,0,,,KEEP,no measured false positives
wwwaqvybaccn,12,0,0,0,,,KEEP,no measured false positives
wwwaqyyccom,11,0,0,0,,,KEEP,no measured false positives
wwwardebidecom,14,0,0,0,,,KEEP,no measured false positives
wwwasspointcom,14,0,0,0,,,KEEP,no measured false positives
wwwauqngcom,11,0,0,0,,,KEEP,no measured false positives
wwwautleacom,12,0,0,0,,,KEEP,no measured false positives
wwwavdbim,9,0,0,0,,,KEEP,no measured false positives
wwwavdyzinfo,12,0,0,0,,,KEEP,no measured false positives
wwwavfootnet,12,0,0,0,,,KEEP,no measured false positives
wwwavlivescom,13,0,0,0,,,KEEP,no measured false positives
wwwavsownet,11,0,0,0,,,KEEP,no measured false positives
wwwavxclcc,10,0,0,0,,,KEEP,no measured false positives
wwwavxinfocom,13,0,0,0,,,KEEP,no measured false positives
wwwavxwlcom,11,0,0,0,,,KEEP,no measured false positives
wwwavyoujizzcom,15,0,0,0,,,KEEP,no measured false positives
wwwavzhifucom,13,0,0,0,,,KEEP,no measured false positives
wwwawxguscience,15,0,0,0,,,KEEP,no measured false positives
wwwazfluscom,12,0,0,0,,,KEEP,no measured false positives
wwwazxsecom,11,0,0,0,,,KEEP,no measured false positives
wwwbabaqiushicom,16,0,0,0,,,KEEP,no measured false positives
wwwbagongzhunet,15,0,0,0,,,KEEP,no measured false positives
wwwbaiduybwcom,14,0,0,0,,,KEEP,no measured false positives
wwwbailanchongwucom,19,0,0,0,,,KEEP,no measured false positives
wwwbaiyuncaicom,15,0,0,0,,,KEEP,no measured false positives
wwwbankcomtcom,14,0,0,0,,,KEEP,no measured false positives
wwwbanshibangcom,16,0,0,0,,,KEEP,no measured false positives
wwwbanzhaflcom,14,0,0,0,,,KEEP,no measured false positives
wwwbaoshewangcom,16,0,0,0,,,KEEP,no measured false positives
wwwbapilancom,13,0,0,0,,,KEEP,no measured false positives
wwwbaronswinecom,16,0,0,0,,,KEEP,no measured false positives
wwwbbinaacom,12,0,0,0,,,KEEP,no measured false positives
wwwbbinbncom,12,0,0,0,,,KEEP,no measured false positives
wwwbbincm,9,0,0,0,,,KEEP,no measured false positives
wwwbcokcom,10,0,0,0,,,KEEP,no measured false positives
wwwbdkbxzacn,12,0,0,0,,,KEEP,no measured false positives
wwwbdrbjparty,13,0,0,0,,,KEEP,no measured false positives
wwwbegdaccn,11,0,0,0,,,KEEP,no measured false positives
wwwbelleducom,13,0,0,0,,,KEEP,no measured false positives
wwwbenbunet,11,0,0,0,,,KEEP,no measured false positives
wwwbenskdiycom,14,0,0,0,,,KEEP,no measured false positives
wwwbesphaccn,12,0,0,0,,,KEEP,no measured false positives
wwwbfdbxscience,15,0,0,0,,,KEEP,no measured false positives
wwwbfdldnscience,16,0,0,0,,,KEEP,no measured false positives
wwwbhlpnoscience,16,0,0,0,,,KEEP,no measured false positives
wwwbhypgparty,13,0,0,0,,,KEEP,no measured false positives
wwwbianheifacom,15,0,0,0,,,KEEP,no measured false positives
wwwbiyezhengwangcom,19,0,0,0,,,KEEP,no measured false positives
wwwbjbingjiadancom,18,0,0,0,,,KEEP,no measured false positives
wwwbjcdqhcom,12,0,0,0,,,KEEP,no measured false positives
wwwbjguohaocomcn,16,0,0,0,,,KEEP,no measured false positives
wwwbjzhubzcom,13,0,0,0,,,KEEP,no measured false positives
wwwbjzyjxcom,12,0,0,0,,,KEEP,no measured false positives
wwwblsdwcn,10,0,0,0,,,KEEP,no measured false positives
wwwblwprtccn,12,0,0,0,,,KEEP,no measured false positives
wwwbobetcitycom,15,0,0,0,,,KEEP,no measured false positives
wwwbocaiwangzhannet,19,0,0,0,,,KEEP,no measured false positives
wwwboluoshipincc,16,0,0,0,,,KEEP,no measured false positives
wwwbookingolcom,15,0,0,0,,,KEEP,no measured false positives
wwwbootswomenaustorecom,23,0,0,0,,,KEEP,no measured false positives
wwwbotaigroupcom,16,0,0,0,,,KEEP,no measured false positives
wwwbpobwaccn,12,0,0,0,,,KEEP,no measured false positives
wwwbsmsscience,14,0,0,0,,,KEEP,no measured false positives
wwwbswxxcom,11,0,0,0,,,KEEP,no measured false positives
wwwbtlunet,10,0,0,0,,,KEEP,no measured false positives
wwwbtspreadcom,14,0,0,0,,,KEEP,no measured false positives
wwwbtsupermancom,16,0,0,0,,,KEEP,no measured false positives
wwwbttylcswcom,14,0,0,0,,,KEEP,no measured false positives
wwwbtvxcsfcom,13,0,0,0,,,KEEP,no measured false positives
wwwbughxxyz,11,0,0,0,,,KEEP,no measured false positives
wwwbunnylustcom,15,0,0,0,,,KEEP,no measured false positives
wwwbuoyuacom,12,0,0,0,,,KEEP,no measured false positives
wwwbuqangcom,12,0,0,0,,,KEEP,no measured false positives
wwwbuzhihuowucc,15,0,0,0,,,KEEP,no measured false positives
wwwbxczzxzacom,14,0,0,0,,,KEEP,no measured false positives
wwwbycomcomcom,14,0,0,0,,,KEEP,no measured false positives
wwwbyzfwcom,11,0,0,0,,,KEEP,no measured false positives
wwwcaicvcomcn,13,0,0,0,,,KEEP,no measured false positives
wwwcaltmqcom,12,0,0,0,,,KEEP,no measured false positives
wwwcaoliula,11,0,0,0,,,KEEP,no measured false positives
wwwcaoliumeiin,14,0,0,0,,,KEEP,no measured false positives
wwwcaommbcom,12,0,0,0,,,KEEP,no measured false positives
wwwcaoqsccom,12,0,0,0,,,KEEP,no measured false positives
wwwccemnxcn,11,0,0,0,,,KEEP,no measured false positives
wwwcctvgufencom,15,0,0,0,,,KEEP,no measured false positives
wwwcddkbjdcom,13,0,0,0,,,KEEP,no measured false positives
wwwcdsgzccn,11,0,0,0,,,KEEP,no measured false positives
wwwcdsylaccn,12,0,0,0,,,KEEP,no measured false positives
wwwcdwysjtcom,13,0,0,0,,,KEEP,no measured false positives
wwwcellularmegacom,18,0,0,0,,,KEEP,no measured false positives
wwwcerbparty,12,0,0,0,,,KEEP,no measured false positives
wwwcesuolucom,13,0,0,0,,,KEEP,no measured false positives
wwwcfsenkvcom,13,0,0,0,,,KEEP,no measured false positives
wwwcheerdongttcom,17,0,0,0,,,KEEP,no measured false positives
wwwchinabaohaicom,17,0,0,0,,,KEEP,no measured false positives
wwwchinacnucom,14,0,0,0,,,KEEP,no measured false positives
wwwchinaectraincn,17,0,0,0,,,KEEP,no measured false positives
wwwchinapoccom,14,0,0,0,,,KEEP,no measured false positives
wwwchinasalesnet,16,0,0,0,,,KEEP,no measured false positives
wwwchinaxiangyanpifacom,23,0,0,0,,,KEEP,no measured false positives
wwwchsillcomcn,14,0,0,0,,,KEEP,no measured false positives
wwwchuanbojiaoyucom,19,0,0,0,,,KEEP,no measured false positives
wwwchuhuangnet,14,0,0,0,,,KEEP,no measured false positives
wwwchuijianzhuanmaicn,21,0,0,0,,,KEEP,no measured false positives
wwwchunvxinghaocom,18,0,0,0,,,KEEP,no measured false positives
wwwchushenorg,13,0,0,0,,,KEEP,no measured false positives
wwwchxsicom,11,0,0,0,,,KEEP,no measured false positives
wwwchyinshuacom,15,0,0,0,,,KEEP,no measured false positives
wwwcicvucom,11,0,0,0,,,KEEP,no measured false positives
wwwcidngyadccom,15,0,0,0,,,KEEP,no measured false positives
wwwcixwnaccn,12,0,0,0,,,KEEP,no measured false positives
wwwcjssaaccn,12,0,0,0,,,KEEP,no measured false positives
wwwclockspcom,13,0,0,0,,,KEEP,no measured false positives
wwwcnhkpaccn,12,0,0,0,,,KEEP,no measured false positives
wwwcnigovcom,12,0,0,0,,,KEEP,no measured false positives
wwwcnjwtcn,10,0,0,0,,,KEEP,no measured false positives
wwwcnseqingwangcom,18,0,0,0,,,KEEP,no measured false positives
wwwcnsicomcn,12,0,0,0,,,KEEP,no measured false positives
wwwcofeercom,12,0,0,0,,,KEEP,no measured false positives
wwwcongconglucom,16,0,0,0,,,KEEP,no measured false positives
wwwcqbadaocom,13,0,0,0,,,KEEP,no measured false positives
wwwcqzuloparty,14,0,0,0,,,KEEP,no measured false positives
wwwcrdyzcom,11,0,0,0,,,KEEP,no measured false positives
wwwcshfpaccn,12,0,0,0,,,KEEP,no measured false positives
wwwcsjczzcom,12,0,0,0,,,KEEP,no measured false positives
wwwcsjmfjcom,12,0,0,0,,,KEEP,no measured false positives
wwwcskjtwcom,12,0,0,0,,,KEEP,no measured false positives
wwwcysbjtcom,12,0,0,0,,,KEEP,no measured false positives
wwwczokgscom,12,0,0,0,,,KEEP,no measured false positives
wwwczsthggcom,13,0,0,0,,,KEEP,no measured false positives
wwwdabnicn,10,0,0,0,,,KEEP,no measured false positives
wwwdadilucom,12,0,0,0,,,KEEP,no measured false positives
wwwdafagamecom,14,0,0,0,,,KEEP,no measured false positives
wwwdailyninercom,16,0,0,0,,,KEEP,no measured false positives
wwwdaimparty,12,0,0,0,,,KEEP,no measured false positives
wwwdalianzhiaicom,17,0,0,0,,,KEEP,no measured false positives
wwwdandanwacom,14,0,0,0,,,KEEP,no measured false positives
wwwdaodaolucom,14,0,0,0,,,KEEP,no measured false positives
wwwdaopianrfcom,15,0,0,0,,,KEEP,no measured false positives
wwwdasanbanet,13,0,0,0,,,KEEP,no measured false positives
wwwdasewocom,12,0,0,0,,,KEEP,no measured false positives
wwwdbsabaccn,12,0,0,0,,,KEEP,no measured false positives
wwwdchyqcom,11,0,0,0,,,KEEP,no measured false positives
wwwdcnbanascience,17,0,0,0,,,KEEP,no measured false positives
wwwdddopaintcom,15,0,0,0,,,KEEP,no measured false positives
wwwddjjbbcom,12,0,0,0,,,KEEP,no measured false positives
wwwdedeaiorg,12,0,0,0,,,KEEP,no measured false positives
wwwdedequcom,12,0,0,0,,,KEEP,no measured false positives
wwwdedequnet,12,0,0,0,,,KEEP,no measured false positives
wwwdenggaomediacom,18,0,0,0,,,KEEP,no measured false positives
wwwdengshichangjiacom,21,0,0,0,,,KEEP,no measured false positives
wwwdeoznwcom,12,0,0,0,,,KEEP,no measured false positives
wwwdesbfacom,12,0,0,0,,,KEEP,no measured false positives
wwwdfefscience,14,0,0,0,,,KEEP,no measured false positives
wwwdfessscience,15,0,0,0,,,KEEP,no measured false positives
wwwdfsddaccn,12,0,0,0,,,KEEP,no measured false positives
wwwdfvergscience,16,0,0,0,,,KEEP,no measured false positives
wwwdgcareercom,14,0,0,0,,,KEEP,no measured false positives
wwwdghengruncom,15,0,0,0,,,KEEP,no measured false positives
wwwdghyrubbercom,16,0,0,0,,,KEEP,no measured false positives
wwwdgseancom,12,0,0,0,,,KEEP,no measured false positives
wwwdgyzsizcom,13,0,0,0,,,KEEP,no measured false positives
wwwdhdresscom,13,0,0,0,,,KEEP,no measured false positives
wwwdiaosixxx,12,0,0,0,,,KEEP,no measured false positives
wwwdidishecom,13,0,0,0,,,KEEP,no measured false positives
wwwdiduqingcom,14,0,0,0,,,KEEP,no measured false positives
wwwdizhica,10,0,0,0,,,KEEP,no measured false positives
wwwdizunyycom,13,0,0,0,,,KEEP,no measured false positives
wwwdlfzxcom,11,0,0,0,,,KEEP,no measured false positives
wwwdlmrzscom,12,0,0,0,,,KEEP,no measured false positives
wwwdlsmocom,11,0,0,0,,,KEEP,no measured false positives
wwwdlyueshuyacom,16,0,0,0,,,KEEP,no measured false positives
wwwdnfyeyecom,13,0,0,0,,,KEEP,no measured false positives
wwwdnnobaccn,12,0,0,0,,,KEEP,no measured false positives
wwwdodosecom,12,0,0,0,,,KEEP,no measured false positives
wwwdodosscom,12,0,0,0,,,KEEP,no measured false positives
wwwdongdacaipiaocom,19,0,0,0,,,KEEP,no measured false positives
wwwdongsenrscom,15,0,0,0,,,KEEP,no measured false positives
wwwdongtaitucom,15,0,0,0,,,KEEP,no measured false positives
wwwdrnmagcom,12,0,0,0,,,KEEP,no measured false positives
wwwdrofevscience,16,0,0,0,,,KEEP,no measured false positives
wwwdsgkwkcom,12,0,0,0,,,KEEP,no measured false positives
wwwdtggvtccom,13,0,0,0,,,KEEP,no measured false positives
wwwdtmdjjcom,12,0,0,0,,,KEEP,no measured false positives
wwwduchuancom,13,0,0,0,,,KEEP,no measured false positives
wwwdxhoaparty,13,0,0,0,,,KEEP,no measured false positives
wwwdxjucom,10,0,0,0,,,KEEP,no measured false positives
wwwdycuwaccn,12,0,0,0,,,KEEP,no measured false positives
wwwdyhzxcom,11,0,0,0,,,KEEP,no measured false positives
wwwdzpxtparty,13,0,0,0,,,KEEP,no measured false positives
wwweahmrdcn,11,0,0,0,,,KEEP,no measured false positives
wwwebpqiaccn,12,0,0,0,,,KEEP,no measured false positives
wwwecfwlascience,16,0,0,0,,,KEEP,no measured false positives
wwweduoluxzcom,14,0,0,0,,,KEEP,no measured false positives
wwweeeddcom,11,0,0,0,,,KEEP,no measured false positives
wwweeidxckcom,13,0,0,0,,,KEEP,no measured false positives
wwweeuusnet,11,0,0,0,,,KEEP,no measured false positives
wwwefddrscience,15,0,0,0,,,KEEP,no measured false positives
wwwegatjaccn,12,0,0,0,,,KEEP,no measured false positives
wwwegqzbmcc,11,0,0,0,,,KEEP,no measured false positives
wwwegvxlaccn,12,0,0,0,,,KEEP,no measured false positives
wwwekxrilcom,12,0,0,0,,,KEEP,no measured false positives
wwwelohhpcom,12,0,0,0,,,KEEP,no measured false positives
wwwennnqfkxyz,13,0,0,0,,,KEEP,no measured false positives
wwweplayonlinecomcn,19,0,0,0,,,KEEP,no measured false positives
wwwertgscience,14,0,0,0,,,KEEP,no measured false positives
wwweuvfparty,12,0,0,0,,,KEEP,no measured false positives
wwwevszbkscience,16,0,0,0,,,KEEP,no measured false positives
wwwfanyunacom,13,0,0,0,,,KEEP,no measured false positives
wwwfbwagcn,10,0,0,0,,,KEEP,no measured false positives
wwwfedkanet,11,0,0,0,,,KEEP,no measured false positives
wwwfeidianxscom,15,0,0,0,,,KEEP,no measured false positives
wwwfemdomcnjpcom,16,0,0,0,,,KEEP,no measured false positives
wwwfengshangquancom,19,0,0,0,,,KEEP,no measured false positives
wwwfenhongkuloucom,18,0,0,0,,,KEEP,no measured false positives
wwwfhdkjfparty,14,0,0,0,,,KEEP,no measured false positives
wwwfirstgongyucom,17,0,0,0,,,KEEP,no measured false positives
wwwfivrzaccn,12,0,0,0,,,KEEP,no measured false positives
wwwfjfanbucom,13,0,0,0,,,KEEP,no measured false positives
wwwfjsndscience,15,0,0,0,,,KEEP,no measured false positives
wwwfjxxmycom,12,0,0,0,,,KEEP,no measured false positives
wwwfkctlgbytwchungcom,21,0,0,0,,,KEEP,no measured false positives
wwwflmcpcom,11,0,0,0,,,KEEP,no measured false positives
wwwflttzcom,11,0,0,0,,,KEEP,no measured false positives
wwwfncwdscience,15,0,0,0,,,KEEP,no measured false positives
wwwfokcwcom,11,0,0,0,,,KEEP,no measured false positives
wwwfollncn,10,0,0,0,,,KEEP,no measured false positives
wwwfortuneshnet,15,0,0,0,,,KEEP,no measured false positives
wwwfoundationlogcom,19,0,0,0,,,KEEP,no measured false positives
wwwfoyeyecom,12,0,0,0,,,KEEP,no measured false positives
wwwfqfstpcn,11,0,0,0,,,KEEP,no measured false positives
wwwfranceredwinecom,19,0,0,0,,,KEEP,no measured false positives
wwwfsmeilicn,12,0,0,0,,,KEEP,no measured false positives
wwwftnjscience,14,0,0,0,,,KEEP,no measured false positives
wwwfulibaikecc,14,0,0,0,,,KEEP,no measured false positives
wwwfulibaikecom,15,0,0,0,,,KEEP,no measured false positives
wwwfulibannet,13,0,0,0,,,KEEP,no measured false positives
wwwfulidxcc,11,0,0,0,,,KEEP,no measured false positives
wwwfulidxcom,12,0,0,0,,,KEEP,no measured false positives
wwwfulidxnet,12,0,0,0,,,KEEP,no measured false positives
wwwfulijienet,13,0,0,0,,,KEEP,no measured false positives
wwwfuqidynet,12,0,0,0,,,KEEP,no measured false positives
wwwfurenus,10,0,0,0,,,KEEP,no measured false positives
wwwfushucc,10,0,0,0,,,KEEP,no measured false positives
wwwfushunwenmiaocom,19,0,0,0,,,KEEP,no measured false positives
wwwfuwccaccn,12,0,0,0,,,KEEP,no measured false positives
wwwfxxiancom,12,0,0,0,,,KEEP,no measured false positives
wwwfzhtuscience,15,0,0,0,,,KEEP,no measured false positives
wwwgamelifeclubcn,17,0,0,0,,,KEEP,no measured false positives
wwwgameuunet,12,0,0,0,,,KEEP,no measured false positives
wwwgangangancom,15,0,0,0,,,KEEP,no measured false positives
wwwganxiaojiecom,16,0,0,0,,,KEEP,no measured false positives
wwwgardcncom,12,0,0,0,,,KEEP,no measured false positives
wwwgaycnnet,11,0,0,0,,,KEEP,no measured false positives
wwwgayfirecom,13,0,0,0,,,KEEP,no measured false positives
wwwgbqipaicom,13,0,0,0,,,KEEP,no measured false positives
wwwgcgccc,9,0,0,0,,,KEEP,no measured false positives
wwwgdjiatiaocom,15,0,0,0,,,KEEP,no measured false positives
wwwgdsoscom,11,0,0,0,,,KEEP,no measured false positives
wwwgeeuxfwebcam,15,0,0,0,,,KEEP,no measured false positives
wwwgegehuaicom,14,0,0,0,,,KEEP,no measured false positives
wwwgeyecaocom,13,0,0,0,,,KEEP,no measured false positives
wwwgfhtrdscience,16,0,0,0,,,KEEP,no measured false positives
wwwghfoodnet,12,0,0,0,,,KEEP,no measured false positives
wwwghqmqaccn,12,0,0,0,,,KEEP,no measured false positives
wwwgifjianet,12,0,0,0,,,KEEP,no measured false positives
wwwgirlsofdesireorg,19,0,0,0,,,KEEP,no measured false positives
wwwgisyqacn,11,0,0,0,,,KEEP,no measured false positives
wwwgjhksfcom,12,0,0,0,,,KEEP,no measured false positives
wwwgkqrtaccn,12,0,0,0,,,KEEP,no measured false positives
wwwgndfhscience,15,0,0,0,,,KEEP,no measured false positives
wwwgokniaccn,12,0,0,0,,,KEEP,no measured false positives
wwwgongnucocom,14,0,0,0,,,KEEP,no measured false positives
wwwgongnuvipcom,15,0,0,0,,,KEEP,no measured false positives
wwwgovhk,8,0,0,0,,,KEEP,no measured false positives
wwwgoyzlcom,11,0,0,0,,,KEEP,no measured false positives
wwwgqmmnet,10,0,0,0,,,KEEP,no measured false positives
wwwgrwvscience,14,0,0,0,,,KEEP,no measured false positives
wwwgsgodcom,11,0,0,0,,,KEEP,no measured false positives
wwwgsiyuyanycn,14,0,0,0,,,KEEP,no measured false positives
wwwgsjucom,10,0,0,0,,,KEEP,no measured false positives
wwwgtqkhaccn,12,0,0,0,,,KEEP,no measured false positives
wwwgttzhhcom,12,0,0,0,,,KEEP,no measured false positives
wwwguajizqpccom,15,0,0,0,,,KEEP,no measured false positives
wwwguanjiakdcom,15,0,0,0,,,KEEP,no measured false positives
wwwguomaonongyecom,18,0,0,0,,,KEEP,no measured false positives
wwwgxcitytvcom,14,0,0,0,,,KEEP,no measured false positives
wwwgxjhiaccn,12,0,0,0,,,KEEP,no measured false positives
wwwgxjtfjcom,12,0,0,0,,,KEEP,no measured false positives
wwwgzbygcom,11,0,0,0,,,KEEP,no measured false positives
wwwgzchubaocom,14,0,0,0,,,KEEP,no measured false positives
wwwgzhonggecom,14,0,0,0,,,KEEP,no measured false positives
wwwgzhuayancom,14,0,0,0,,,KEEP,no measured false positives
wwwgzpengyuecom,15,0,0,0,,,KEEP,no measured false positives
wwwgzwwangcom,13,0,0,0,,,KEEP,no measured false positives
wwwgzxydlcom,12,0,0,0,,,KEEP,no measured false positives
wwwgzyongxincom,15,0,0,0,,,KEEP,no measured false positives
wwwhagjwlcom,12,0,0,0,,,KEEP,no measured false positives
wwwhaiaxcom,11,0,0,0,,,KEEP,no measured false positives
wwwhaidizhuangshicom,20,0,0,0,,,KEEP,no measured false positives
wwwhaipicoocom,14,0,0,0,,,KEEP,no measured false positives
wwwhaiwxcom,11,0,0,0,,,KEEP,no measured false positives
wwwhangyezhishicom,18,0,0,0,,,KEEP,no measured false positives
wwwhaokeilaicom,15,0,0,0,,,KEEP,no measured false positives
wwwhaopidaishopcom,18,0,0,0,,,KEEP,no measured false positives
wwwhaotehgcom,13,0,0,0,,,KEEP,no measured false positives
wwwharztaccn,12,0,0,0,,,KEEP,no measured false positives
wwwhawqfscience,15,0,0,0,,,KEEP,no measured false positives
wwwhbqlpaccn,12,0,0,0,,,KEEP,no measured false positives
wwwhdfgtrscience,16,0,0,0,,,KEEP,no measured false positives
wwwhdsenyuancom,15,0,0,0,,,KEEP,no measured false positives
wwwhdwhbppaxqmcom,17,0,0,0,,,KEEP,no measured false positives
wwwhegouvipcom,14,0,0,0,,,KEEP,no measured false positives
wwwhehenpacom,13,0,0,0,,,KEEP,no measured false positives
wwwheijiejiecom,15,0,0,0,,,KEEP,no measured false positives
wwwhengqinxgcom,15,0,0,0,,,KEEP,no measured false positives
wwwhengshengepcom,17,0,0,0,,,KEEP,no measured false positives
wwwhenhenpacom,14,0,0,0,,,KEEP,no measured false positives
wwwhenhenzuocom,15,0,0,0,,,KEEP,no measured false positives
wwwhfplugcom,12,0,0,0,,,KEEP,no measured false positives
wwwhfzhenglicom,15,0,0,0,,,KEEP,no measured false positives
wwwhggjcm,9,0,0,0,,,KEEP,no measured false positives
wwwhhzjwcom,11,0,0,0,,,KEEP,no measured false positives
wwwhiaolcom,11,0,0,0,,,KEEP,no measured false positives
wwwhkbgegucom,13,0,0,0,,,KEEP,no measured false positives
wwwhknunclefashioncom,21,0,0,0,,,KEEP,no measured false positives
wwwhldsparty,12,0,0,0,,,KEEP,no measured false positives
wwwhlgowcom,11,0,0,0,,,KEEP,no measured false positives
wwwhlvdhparty,13,0,0,0,,,KEEP,no measured false positives
wwwhmdsyscom,12,0,0,0,,,KEEP,no measured false positives
wwwhmfenaccn,12,0,0,0,,,KEEP,no measured false positives
wwwhmitwxcom,12,0,0,0,,,KEEP,no measured false positives
wwwhnboppcom,12,0,0,0,,,KEEP,no measured false positives
wwwhohhoteducom,15,0,0,0,,,KEEP,no measured false positives
wwwhongfapaijucom,17,0,0,0,,,KEEP,no measured false positives
wwwhongfenqingloucom,20,0,0,0,,,KEEP,no measured false positives
wwwhongjiashicom,16,0,0,0,,,KEEP,no measured false positives
wwwhongkaichinacom,18,0,0,0,,,KEEP,no measured false positives
wwwhongkouzhucecom,18,0,0,0,,,KEEP,no measured false positives
wwwhottystopcom,15,0,0,0,,,KEEP,no measured false positives
wwwhqhhlscience,15,0,0,0,,,KEEP,no measured false positives
wwwhrnvdparty,13,0,0,0,,,KEEP,no measured false positives
wwwhrszdfscience,16,0,0,0,,,KEEP,no measured false positives
wwwhrtgdscience,15,0,0,0,,,KEEP,no measured false positives
wwwhtrddfscience,16,0,0,0,,,KEEP,no measured false positives
wwwhtrdfgscience,16,0,0,0,,,KEEP,no measured false positives
wwwhtzjjtcom,12,0,0,0,,,KEEP,no measured false positives
wwwhuahaisclcom,15,0,0,0,,,KEEP,no measured false positives
wwwhuaigegenet,14,0,0,0,,,KEEP,no measured false positives
wwwhuaigegeorg,14,0,0,0,,,KEEP,no measured false positives
wwwhuaisaosaocom,16,0,0,0,,,KEEP,no measured false positives
wwwhuasongkjcom,15,0,0,0,,,KEEP,no measured false positives
wwwhuaxinbxfcn,14,0,0,0,,,KEEP,no measured false positives
wwwhuizhoubjtcom,16,0,0,0,,,KEEP,no measured false positives
wwwhuliankmcom,14,0,0,0,,,KEEP,no measured false positives
wwwhupulucom,12,0,0,0,,,KEEP,no measured false positives
wwwhxfzpcom,11,0,0,0,,,KEEP,no measured false positives
wwwhxoagaccn,12,0,0,0,,,KEEP,no measured false positives
wwwhxsfnet,10,0,0,0,,,KEEP,no measured false positives
wwwhyswordcom,13,0,0,0,,,KEEP,no measured false positives
wwwhzoalcom,11,0,0,0,,,KEEP,no measured false positives
wwwhzxlxnet,11,0,0,0,,,KEEP,no measured false positives
wwwiakiecom,11,0,0,0,,,KEEP,no measured false positives
wwwiakivcom,11,0,0,0,,,KEEP,no measured false positives
wwwibbzvcom,11,0,0,0,,,KEEP,no measured false positives
wwwiccsccspl,12,0,0,0,,,KEEP,no measured false positives
wwwicicbkorg,12,0,0,0,,,KEEP,no measured false positives
wwwidckoaccn,12,0,0,0,,,KEEP,no measured false positives
wwwidcmrcom,11,0,0,0,,,KEEP,no measured false positives
wwwiencescience,15,0,0,0,,,KEEP,no measured false positives
wwwiewoparty,12,0,0,0,,,KEEP,no measured false positives
wwwihqrmqscience,16,0,0,0,,,KEEP,no measured false positives
wwwihuoaccn,11,0,0,0,,,KEEP,no measured false positives
wwwihwpdscience,15,0,0,0,,,KEEP,no measured false positives
wwwiivomllrcom,14,0,0,0,,,KEEP,no measured false positives
wwwinbetcom,11,0,0,0,,,KEEP,no measured false positives
wwwiodfsieu,11,0,0,0,,,KEEP,no measured false positives
wwwipatvscience,15,0,0,0,,,KEEP,no measured false positives
wwwipoulscience,15,0,0,0,,,KEEP,no measured false positives
wwwiqtyparty,12,0,0,0,,,KEEP,no measured false positives
wwwiszikaccn,12,0,0,0,,,KEEP,no measured false positives
wwwiukfdhscience,16,0,0,0,,,KEEP,no measured false positives
wwwiwkqparty,12,0,0,0,,,KEEP,no measured false positives
wwwixxqycom,11,0,0,0,,,KEEP,no measured false positives
wwwjaewbparty,13,0,0,0,,,KEEP,no measured false positives
wwwjavcaocom,12,0,0,0,,,KEEP,no measured false positives
wwwjbtfoscom,12,0,0,0,,,KEEP,no measured false positives
wwwjdfgsscience,15,0,0,0,,,KEEP,no measured false positives
wwwjdfhgsscience,16,0,0,0,,,KEEP,no measured false positives
wwwjdsinanet,12,0,0,0,,,KEEP,no measured false positives
wwwjduennscience,16,0,0,0,,,KEEP,no measured false positives
wwwjeqvygscience,16,0,0,0,,,KEEP,no measured false positives
wwwjfjxwcom,11,0,0,0,,,KEEP,no measured false positives
wwwjhfclcom,11,0,0,0,,,KEEP,no measured false positives
wwwjhjulscience,15,0,0,0,,,KEEP,no measured false positives
wwwjiaoyuyanjiucom,18,0,0,0,,,KEEP,no measured false positives
wwwjiatiaonet,13,0,0,0,,,KEEP,no measured false positives
wwwjiazhongyoufucom,19,0,0,0,,,KEEP,no measured false positives
wwwjieyesecom,13,0,0,0,,,KEEP,no measured false positives
wwwjinanfuxinqichecom,21,0,0,0,,,KEEP,no measured false positives
wwwjinlailucom,14,0,0,0,,,KEEP,no measured false positives
wwwjiulianqdcom,15,0,0,0,,,KEEP,no measured false positives
wwwjiuquaiaicom,15,0,0,0,,,KEEP,no measured false positives
wwwjiusesecom,13,0,0,0,,,KEEP,no measured false positives
wwwjjyyavcom,12,0,0,0,,,KEEP,no measured false positives
wwwjkcewparty,13,0,0,0,,,KEEP,no measured false positives
wwwjknhjscience,15,0,0,0,,,KEEP,no measured false positives
wwwjnhongshangcom,17,0,0,0,,,KEEP,no measured false positives
wwwjnhsaycom,12,0,0,0,,,KEEP,no measured false positives
wwwjnvdfparty,13,0,0,0,,,KEEP,no measured false positives
wwwjnxkccbcom,13,0,0,0,,,KEEP,no measured false positives
wwwjotiaccn,11,0,0,0,,,KEEP,no measured false positives
wwwjoymiimodelscom,18,0,0,0,,,KEEP,no measured false positives
wwwjqltwzcom,12,0,0,0,,,KEEP,no measured false positives
wwwjrpdrquacn,13,0,0,0,,,KEEP,no measured false positives
wwwjshrjtcom,12,0,0,0,,,KEEP,no measured false positives
wwwjunlongcccom,15,0,0,0,,,KEEP,no measured false positives
wwwjuoxbaccn,12,0,0,0,,,KEEP,no measured false positives
wwwjxjlgpcom,12,0,0,0,,,KEEP,no measured false positives
wwwjxmsoacom,12,0,0,0,,,KEEP,no measured false positives
wwwjygbbscom,12,0,0,0,,,KEEP,no measured false positives
wwwjylygaccn,12,0,0,0,,,KEEP,no measured false positives
wwwjyzjgcom,11,0,0,0,,,KEEP,no measured false positives
wwwjzecacom,11,0,0,0,,,KEEP,no measured false positives
wwwkaiyuanbowcom,16,0,0,0,,,KEEP,no measured false positives
wwwkajdfaccn,12,0,0,0,,,KEEP,no measured false positives
wwwkaluolacncom,15,0,0,0,,,KEEP,no measured false positives
wwwkanglujncom,14,0,0,0,,,KEEP,no measured false positives
wwwkansedeqwcom,15,0,0,0,,,KEEP,no measured false positives
wwwkdqcicom,11,0,0,0,,,KEEP,no measured false positives
wwwkgfhtrscience,16,0,0,0,,,KEEP,no measured false positives
wwwkkkekcom,11,0,0,0,,,KEEP,no measured false positives
wwwkkkrkcom,11,0,0,0,,,KEEP,no measured false positives
wwwkkkxkcom,11,0,0,0,,,KEEP,no measured false positives
wwwkkoescience,14,0,0,0,,,KEEP,no measured false positives
wwwkkpkkcom,11,0,0,0,,,KEEP,no measured false positives
wwwkkpstscience,15,0,0,0,,,KEEP,no measured false positives
wwwknrlqparty,13,0,0,0,,,KEEP,no measured false positives
wwwkohewaccn,12,0,0,0,,,KEEP,no measured false positives
wwwkpwhnaccn,12,0,0,0,,,KEEP,no measured false positives
wwwkrceqxcom,12,0,0,0,,,KEEP,no measured false positives
wwwkrwxnescience,16,0,0,0,,,KEEP,no measured false positives
wwwkunmingjiadancom,19,0,0,0,,,KEEP,no measured false positives
wwwkuwashouyoocom,17,0,0,0,,,KEEP,no measured false positives
wwwkuyughscience,16,0,0,0,,,KEEP,no measured false positives
wwwkynkjcom,11,0,0,0,,,KEEP,no measured false positives
wwwlabatidoranet,16,0,0,0,,,KEEP,no measured false positives
wwwlailaibtorg,14,0,0,0,,,KEEP,no measured false positives
wwwlaonalucom,13,0,0,0,,,KEEP,no measured false positives
wwwlbmerscience,15,0,0,0,,,KEEP,no measured false positives
wwwleeanhelacom,15,0,0,0,,,KEEP,no measured false positives
wwwlegucom,10,0,0,0,,,KEEP,no measured false positives
wwwlejikenet,12,0,0,0,,,KEEP,no measured false positives
wwwlepingeducom,15,0,0,0,,,KEEP,no measured false positives
wwwlezhiokcom,13,0,0,0,,,KEEP,no measured false positives
wwwlfdadecom,12,0,0,0,,,KEEP,no measured false positives
wwwlfhaishencom,15,0,0,0,,,KEEP,no measured false positives
wwwlgaxfscience,15,0,0,0,,,KEEP,no measured false positives
wwwlggjzjcom,12,0,0,0,,,KEEP,no measured false positives
wwwlggongcom,12,0,0,0,,,KEEP,no measured false positives
wwwlianxqpaicom,15,0,0,0,,,KEEP,no measured false positives
wwwlinkshangcom,15,0,0,0,,,KEEP,no measured false positives
wwwliuxuetuangoucncom,21,0,0,0,,,KEEP,no measured false positives
wwwlivejasminbabesnet,21,0,0,0,,,KEEP,no measured false positives
wwwlixingroupcomcn,18,0,0,0,,,KEEP,no measured false positives
wwwlkiqsmcom,12,0,0,0,,,KEEP,no measured false positives
wwwlnpnparty,12,0,0,0,,,KEEP,no measured false positives
wwwlnracaccn,12,0,0,0,,,KEEP,no measured false positives
wwwlnwlnaccn,12,0,0,0,,,KEEP,no measured false positives
wwwlogoyhcom,12,0,0,0,,,KEEP,no measured false positives
wwwlolclcom,11,0,0,0,,,KEEP,no measured false positives
wwwlongdeshiyoucom,18,0,0,0,,,KEEP,no measured false positives
wwwlonglvjiecom,15,0,0,0,,,KEEP,no measured false positives
wwwlongyincncom,15,0,0,0,,,KEEP,no measured false positives
wwwlovejiqingbacom,18,0,0,0,,,KEEP,no measured false positives
wwwlptimescom,13,0,0,0,,,KEEP,no measured false positives
wwwlpzsecom,11,0,0,0,,,KEEP,no measured false positives
wwwlqbxgqgcom,13,0,0,0,,,KEEP,no measured false positives
wwwlqeknmcom,12,0,0,0,,,KEEP,no measured false positives
wwwltddoscom,12,0,0,0,,,KEEP,no measured false positives
wwwlubuwancom,13,0,0,0,,,KEEP,no measured false positives
wwwluergetvcom,14,0,0,0,,,KEEP,no measured false positives
wwwluguanxicom,14,0,0,0,,,KEEP,no measured false positives
wwwlulufulicom,14,0,0,0,,,KEEP,no measured false positives
wwwluluhaoorg,13,0,0,0,,,KEEP,no measured false positives
wwwlulusecn,11,0,0,0,,,KEEP,no measured false positives
wwwlunlipcom,12,0,0,0,,,KEEP,no measured false positives
wwwlushecc,10,0,0,0,,,KEEP,no measured false positives
wwwluxhillcomcn,15,0,0,0,,,KEEP,no measured false positives
wwwluxiaorencom,15,0,0,0,,,KEEP,no measured false positives
wwwluyihacom,12,0,0,0,,,KEEP,no measured false positives
wwwluyueshecom,14,0,0,0,,,KEEP,no measured false positives
wwwluzhilunet,13,0,0,0,,,KEEP,no measured false positives
wwwlxdhparty,12,0,0,0,,,KEEP,no measured false positives
wwwlyjcwzcom,12,0,0,0,,,KEEP,no measured false positives
wwwlyqjmccom,12,0,0,0,,,KEEP,no measured false positives
wwwlyzkwcn,10,0,0,0,,,KEEP,no measured false positives
wwwlzcsgscom,12,0,0,0,,,KEEP,no measured false positives
wwwmadthumbscom,15,0,0,0,,,KEEP,no measured false positives
wwwmaituancom,13,0,0,0,,,KEEP,no measured false positives
wwwmaoxiaozinet,15,0,0,0,,,KEEP,no measured false positives
wwwmaoxincncom,14,0,0,0,,,KEEP,no measured false positives
wwwmarqzvbcom,13,0,0,0,,,KEEP,no measured false positives
wwwmblqraccn,12,0,0,0,,,KEEP,no measured false positives
wwwmbxiongcom,13,0,0,0,,,KEEP,no measured false positives
wwwmbzhufcom,12,0,0,0,,,KEEP,no measured false positives
wwwmcfcpnaccn,13,0,0,0,,,KEEP,no measured false positives
wwwmcxinlongcom,15,0,0,0,,,KEEP,no measured false positives
wwwmebsewcom,12,0,0,0,,,KEEP,no measured false positives
wwwmefqeaccn,12,0,0,0,,,KEEP,no measured false positives
wwwmeqyuparty,13,0,0,0,,,KEEP,no measured false positives
wwwmerhnuorgcn,14,0,0,0,,,KEEP,no measured false positives
wwwmeyoorg,10,0,0,0,,,KEEP,no measured false positives
wwwmfavpicom,12,0,0,0,,,KEEP,no measured false positives
wwwmfygoldcom,13,0,0,0,,,KEEP,no measured false positives
wwwmgdhsgscience,16,0,0,0,,,KEEP,no measured false positives
wwwmgjegaccn,12,0,0,0,,,KEEP,no measured false positives
wwwmgmla,8,0,0,0,,,KEEP,no measured false positives
wwwmhjxqcn,10,0,0,0,,,KEEP,no measured false positives
wwwmhrhuaccn,12,0,0,0,,,KEEP,no measured false positives
wwwmidaiucom,12,0,0,0,,,KEEP,no measured false positives
wwwminbandxeangcom,18,0,0,0,,,KEEP,no measured false positives
wwwminbandxeongcom,18,0,0,0,,,KEEP,no measured false positives
wwwmingbopccom,14,0,0,0,,,KEEP,no measured false positives
wwwmkvvpdlccom,14,0,0,0,,,KEEP,no measured false positives
wwwmltyvcn,10,0,0,0,,,KEEP,no measured false positives
wwwmmjiqingbacom,16,0,0,0,,,KEEP,no measured false positives
wwwmmkaocom,11,0,0,0,,,KEEP,no measured false positives
wwwmmnzscom,11,0,0,0,,,KEEP,no measured false positives
wwwmnsqiftscience,17,0,0,0,,,KEEP,no measured false positives
wwwmobrparty,12,0,0,0,,,KEEP,no measured false positives
wwwmohkoaccn,12,0,0,0,,,KEEP,no measured false positives
wwwmokso,8,0,0,0,,,KEEP,no measured false positives
wwwmonashnetcn,14,0,0,0,,,KEEP,no measured false positives
wwwmosuncitycom,15,0,0,0,,,KEEP,no measured false positives
wwwmoviesguycom,15,0,0,0,,,KEEP,no measured false positives
wwwmracgcom,11,0,0,0,,,KEEP,no measured false positives
wwwmrnyqcom,11,0,0,0,,,KEEP,no measured false positives
wwwmsdmkpmzcom,14,0,0,0,,,KEEP,no measured false positives
wwwmuskdparty,13,0,0,0,,,KEEP,no measured false positives
wwwmxkbwparty,13,0,0,0,,,KEEP,no measured false positives
wwwmyfwqcom,11,0,0,0,,,KEEP,no measured false positives
wwwmykkcaccn,12,0,0,0,,,KEEP,no measured false positives
wwwmysbjtcom,12,0,0,0,,,KEEP,no measured false positives
wwwnaluonecacom,15,0,0,0,,,KEEP,no measured false positives
wwwnanninglianlvcn,18,0,0,0,,,KEEP,no measured false positives
wwwnaropabuildingcom,20,0,0,0,,,KEEP,no measured false positives
wwwnbtotencom,13,0,0,0,,,KEEP,no measured false positives
wwwnbwzshcom,12,0,0,0,,,KEEP,no measured false positives
wwwnbyxzbcn,11,0,0,0,,,KEEP,no measured false positives
wwwnckbjtcom,12,0,0,0,,,KEEP,no measured false positives
wwwncwatparty,13,0,0,0,,,KEEP,no measured false positives
wwwndapbaccn,12,0,0,0,,,KEEP,no measured false positives
wwwndztparty,12,0,0,0,,,KEEP,no measured false positives
wwwneczwparty,13,0,0,0,,,KEEP,no measured false positives
wwwneicehaocn,13,0,0,0,,,KEEP,no measured false positives
wwwnekktaccn,12,0,0,0,,,KEEP,no measured false positives
wwwnetlwcom,11,0,0,0,,,KEEP,no measured false positives
wwwnezscttcom,13,0,0,0,,,KEEP,no measured false positives
wwwnfkqhfcom,12,0,0,0,,,KEEP,no measured false positives
wwwnfpiuaccn,12,0,0,0,,,KEEP,no measured false positives
wwwnfrqecn,10,0,0,0,,,KEEP,no measured false positives
wwwnfwlzpcom,12,0,0,0,,,KEEP,no measured false positives
wwwnfwuraccn,12,0,0,0,,,KEEP,no measured false positives
wwwngzevcom,11,0,0,0,,,KEEP,no measured false positives
wwwniaoeecom,12,0,0,0,,,KEEP,no measured false positives
wwwniaoexyz,11,0,0,0,,,KEEP,no measured false positives
wwwniaoyouin,12,0,0,0,,,KEEP,no measured false positives
wwwniqpgaccn,12,0,0,0,,,KEEP,no measured false positives
wwwnjbgfzjcom,13,0,0,0,,,KEEP,no measured false positives
wwwnjdlctcom,12,0,0,0,,,KEEP,no measured false positives
wwwnjkaibjtcom,14,0,0,0,,,KEEP,no measured false positives
wwwnjyrparty,12,0,0,0,,,KEEP,no measured false positives
wwwnnbjtcom,11,0,0,0,,,KEEP,no measured false positives
wwwnnconnectcom,15,0,0,0,,,KEEP,no measured false positives
wwwnnhyuopcom,13,0,0,0,,,KEEP,no measured false positives
wwwnnkbldcom,12,0,0,0,,,KEEP,no measured false positives
wwwnnzhanguicom,15,0,0,0,,,KEEP,no measured false positives
wwwnonfxwcom,12,0,0,0,,,KEEP,no measured false positives
wwwnovoteenscom,15,0,0,0,,,KEEP,no measured false positives
wwwnqmifcn,10,0,0,0,,,KEEP,no measured false positives
wwwnudnbaccn,12,0,0,0,,,KEEP,no measured false positives
wwwnugongmmcom,14,0,0,0,,,KEEP,no measured false positives
wwwnugongppcom,14,0,0,0,,,KEEP,no measured false positives
wwwnuqiangfcom,14,0,0,0,,,KEEP,no measured false positives
wwwnvbaopifanet,15,0,0,0,,,KEEP,no measured false positives
wwwnxgxcom,10,0,0,0,,,KEEP,no measured false positives
wwwnxtdquwebcam,15,0,0,0,,,KEEP,no measured false positives
wwwnyenlucom,12,0,0,0,,,KEEP,no measured false positives
wwwnyjingshicom,15,0,0,0,,,KEEP,no measured false positives
wwwnztdfemdomcom,16,0,0,0,,,KEEP,no measured false positives
wwwobbvparty,12,0,0,0,,,KEEP,no measured false positives
wwwobgjvycom,12,0,0,0,,,KEEP,no measured false positives
wwwodkiqaccn,12,0,0,0,,,KEEP,no measured false positives
wwwoftcjscience,15,0,0,0,,,KEEP,no measured false positives
wwwofxzcom,10,0,0,0,,,KEEP,no measured false positives
wwwoixhraccn,12,0,0,0,,,KEEP,no measured false positives
wwwonppkscience,15,0,0,0,,,KEEP,no measured false positives
wwwooqledcom,12,0,0,0,,,KEEP,no measured false positives
wwwoovrpfcn,11,0,0,0,,,KEEP,no measured false positives
wwwooxxbbsorg,13,0,0,0,,,KEEP,no measured false positives
wwwoqskparty,12,0,0,0,,,KEEP,no measured false positives
wwworndkxcom,12,0,0,0,,,KEEP,no measured false positives
wwworyrealtycom,15,0,0,0,,,KEEP,no measured false positives
wwwosahdscience,15,0,0,0,,,KEEP,no measured false positives
wwwoucaicom,11,0,0,0,,,KEEP,no measured false positives
wwwovoivicom,12,0,0,0,,,KEEP,no measured false positives
wwwoyytzpscience,16,0,0,0,,,KEEP,no measured false positives
wwwoztxsaccn,12,0,0,0,,,KEEP,no measured false positives
wwwpacificgirlsorg,18,0,0,0,,,KEEP,no measured false positives
wwwpasuucom,11,0,0,0,,,KEEP,no measured false positives
wwwpcgjzqcom,12,0,0,0,,,KEEP,no measured false positives
wwwpcgjzqgwcom,14,0,0,0,,,KEEP,no measured false positives
wwwpconlinesrcom,16,0,0,0,,,KEEP,no measured false positives
wwwpcpbokecom,13,0,0,0,,,KEEP,no measured false positives
wwwpdsdqcom,11,0,0,0,,,KEEP,no measured false positives
wwwpeakvokcom,13,0,0,0,,,KEEP,no measured false positives
wwwpeikaiyuancom,16,0,0,0,,,KEEP,no measured false positives
wwwpeterfevercom,16,0,0,0,,,KEEP,no measured false positives
wwwpfcnzaccn,12,0,0,0,,,KEEP,no measured false positives
wwwpfehslxscience,17,0,0,0,,,KEEP,no measured false positives
wwwpfrftjcom,12,0,0,0,,,KEEP,no measured false positives
wwwpglkkbvcom,13,0,0,0,,,KEEP,no measured false positives
wwwpingguoidpojiecom,20,0,0,0,,,KEEP,no measured false positives
wwwpinyougongnet,16,0,0,0,,,KEEP,no measured false positives
wwwpjpeducom,12,0,0,0,,,KEEP,no measured false positives
wwwplasyuqicom,14,0,0,0,,,KEEP,no measured false positives
wwwpmatescom,12,0,0,0,,,KEEP,no measured false positives
wwwpncqebwebcam,15,0,0,0,,,KEEP,no measured false positives
wwwpndghhbcn,12,0,0,0,,,KEEP,no measured false positives
wwwpnqkzscience,15,0,0,0,,,KEEP,no measured false positives
wwwpnqwelscience,16,0,0,0,,,KEEP,no measured false positives
wwwpolytecsycom,15,0,0,0,,,KEEP,no measured false positives
wwwpoxofxscience,16,0,0,0,,,KEEP,no measured false positives
wwwpoykmocn,11,0,0,0,,,KEEP,no measured false positives
wwwppwoaaccn,12,0,0,0,,,KEEP,no measured false positives
wwwpqsuuparty,13,0,0,0,,,KEEP,no measured false positives
wwwpqwklgcom,12,0,0,0,,,KEEP,no measured false positives
wwwprimecurvescom,17,0,0,0,,,KEEP,no measured false positives
wwwprnhzscience,15,0,0,0,,,KEEP,no measured false positives
wwwptetcomcn,12,0,0,0,,,KEEP,no measured false positives
wwwptybjtcom,12,0,0,0,,,KEEP,no measured false positives
wwwpuekjpcom,12,0,0,0,,,KEEP,no measured false positives
wwwpumbxzcom,12,0,0,0,,,KEEP,no measured false positives
wwwpuysscience,14,0,0,0,,,KEEP,no measured false positives
wwwpvjrbcom,11,0,0,0,,,KEEP,no measured false positives
wwwpwcddcom,11,0,0,0,,,KEEP,no measured false positives
wwwpxttzcom,11,0,0,0,,,KEEP,no measured false positives
wwwpxwazscience,15,0,0,0,,,KEEP,no measured false positives
wwwpzcilcom,11,0,0,0,,,KEEP,no measured false positives
wwwqaisocom,11,0,0,0,,,KEEP,no measured false positives
wwwqdfadaccn,12,0,0,0,,,KEEP,no measured false positives
wwwqdhowycom,12,0,0,0,,,KEEP,no measured false positives
wwwqedtgkccom,13,0,0,0,,,KEEP,no measured false positives
wwwqfaxnascience,16,0,0,0,,,KEEP,no measured false positives
wwwqfmrywcom,12,0,0,0,,,KEEP,no measured false positives
wwwqhdjdwxcom,13,0,0,0,,,KEEP,no measured false positives
wwwqhpcfccom,12,0,0,0,,,KEEP,no measured false positives
wwwqhqwrecom,12,0,0,0,,,KEEP,no measured false positives
wwwqidianqqcom,14,0,0,0,,,KEEP,no measured false positives
wwwqieoaccn,11,0,0,0,,,KEEP,no measured false positives
wwwqileqipaicom,15,0,0,0,,,KEEP,no measured false positives
wwwqingdieyucom,15,0,0,0,,,KEEP,no measured false positives
wwwqiporncom,12,0,0,0,,,KEEP,no measured false positives
wwwqisedhcom,12,0,0,0,,,KEEP,no measured false positives
wwwqjkepparty,13,0,0,0,,,KEEP,no measured false positives
wwwqjkxeparty,13,0,0,0,,,KEEP,no measured false positives
wwwqkttoscience,15,0,0,0,,,KEEP,no measured false positives
wwwqofxjxcom,12,0,0,0,,,KEEP,no measured false positives
wwwqokllaccn,12,0,0,0,,,KEEP,no measured false positives
wwwqouaecn,10,0,0,0,,,KEEP,no measured false positives
wwwqqcdhcom,11,0,0,0,,,KEEP,no measured false positives
wwwqqfpqecn,11,0,0,0,,,KEEP,no measured false positives
wwwqqqvddcom,12,0,0,0,,,KEEP,no measured false positives
wwwqractaccn,12,0,0,0,,,KEEP,no measured false positives
wwwqucaicom,11,0,0,0,,,KEEP,no measured false positives
wwwqulubbcom,12,0,0,0,,,KEEP,no measured false positives
wwwqululacom,12,0,0,0,,,KEEP,no measured false positives
wwwqululuvcom,13,0,0,0,,,KEEP,no measured false positives
wwwqusiuparty,13,0,0,0,,,KEEP,no measured false positives
wwwqyoiwscience,15,0,0,0,,,KEEP,no measured false positives
wwwqzabzaccn,12,0,0,0,,,KEEP,no measured false positives
wwwqzslkwscience,16,0,0,0,,,KEEP,no measured false positives
wwwrainbowsjcom,15,0,0,0,,,KEEP,no measured false positives
wwwranjtkcn,11,0,0,0,,,KEEP,no measured false positives
wwwrbqhmescience,16,0,0,0,,,KEEP,no measured false positives
wwwrbqpyxcom,12,0,0,0,,,KEEP,no measured false positives
wwwreadmmcom,12,0,0,0,,,KEEP,no measured false positives
wwwrekbparty,12,0,0,0,,,KEEP,no measured false positives
wwwrenliubbscom,15,0,0,0,,,KEEP,no measured false positives
wwwrenrensexcom,15,0,0,0,,,KEEP,no measured false positives
wwwribierencom,14,0,0,0,,,KEEP,no measured false positives
wwwrisingbankcomcn,18,0,0,0,,,KEEP,no measured false positives
wwwrjiencescience,17,0,0,0,,,KEEP,no measured false positives
wwwrmcgscom,11,0,0,0,,,KEEP,no measured false positives
wwwrmnzhocom,12,0,0,0,,,KEEP,no measured false positives
wwwrmquncn,10,0,0,0,,,KEEP,no measured false positives
wwwrphkpparty,13,0,0,0,,,KEEP,no measured false positives
wwwrrnsskjcn,12,0,0,0,,,KEEP,no measured false positives
wwwrrrbicom,11,0,0,0,,,KEEP,no measured false positives
wwwrrsssscom,12,0,0,0,,,KEEP,no measured false positives
wwwruijiaeducom,15,0,0,0,,,KEEP,no measured false positives
wwwrzopzaccn,12,0,0,0,,,KEEP,no measured false positives
wwwrzvhfaccn,12,0,0,0,,,KEEP,no measured false positives
wwwsanjiabjtcom,15,0,0,0,,,KEEP,no measured false positives
wwwsanjidianyingcomcn,21,0,0,0,,,KEEP,no measured false positives
wwwsanlidagongnucom,19,0,0,0,,,KEEP,no measured false positives
wwwsaojigcom,12,0,0,0,,,KEEP,no measured false positives
wwwsaojjorg,11,0,0,0,,,KEEP,no measured false positives
wwwsbljpcggcom,14,0,0,0,,,KEEP,no measured false positives
wwwscjumingcom,14,0,0,0,,,KEEP,no measured false positives
wwwscjzgcxxcom,14,0,0,0,,,KEEP,no measured false positives
wwwscyhkjcom,12,0,0,0,,,KEEP,no measured false positives
wwwscztizcom,12,0,0,0,,,KEEP,no measured false positives
wwwsdjjnparty,13,0,0,0,,,KEEP,no measured false positives
wwwsdjzycom,11,0,0,0,,,KEEP,no measured false positives
wwwsdkavtscience,16,0,0,0,,,KEEP,no measured false positives
wwwsdsdkycom,12,0,0,0,,,KEEP,no measured false positives
wwwsdtrrzcom,12,0,0,0,,,KEEP,no measured false positives
wwwsdyangbenwangcom,19,0,0,0,,,KEEP,no measured false positives
wwwsectorstorycom,17,0,0,0,,,KEEP,no measured false positives
wwwsecwibocom,13,0,0,0,,,KEEP,no measured false positives
wwwselubacom,12,0,0,0,,,KEEP,no measured false positives
wwwsemmmmcom,12,0,0,0,,,KEEP,no measured false positives
wwwsemumucom,12,0,0,0,,,KEEP,no measured false positives
wwwsemumuorg,12,0,0,0,,,KEEP,no measured false positives
wwwsesaosaocom,14,0,0,0,,,KEEP,no measured false positives
wwwsesaosaoorg,14,0,0,0,,,KEEP,no measured false positives
wwwsexhulicom,13,0,0,0,,,KEEP,no measured false positives
wwwsexwytcom,12,0,0,0,,,KEEP,no measured false positives
wwwsfctrlcom,12,0,0,0,,,KEEP,no measured false positives
wwwsftmyzscience,16,0,0,0,,,KEEP,no measured false positives
wwwsgxvtbscience,16,0,0,0,,,KEEP,no measured false positives
wwwshangyuanlawcom,18,0,0,0,,,KEEP,no measured false positives
wwwshawtaycom,13,0,0,0,,,KEEP,no measured false positives
wwwshbjddkcom,13,0,0,0,,,KEEP,no measured false positives
wwwshciticplazacom,18,0,0,0,,,KEEP,no measured false positives
wwwshdctcom,11,0,0,0,,,KEEP,no measured false positives
wwwshegnshiylcom,16,0,0,0,,,KEEP,no measured false positives
wwwshenmacc,11,0,0,0,,,KEEP,no measured false positives
wwwshgzwqcom,12,0,0,0,,,KEEP,no measured false positives
wwwshhlecom,11,0,0,0,,,KEEP,no measured false positives
wwwshhouhuayuanorg,18,0,0,0,,,KEEP,no measured false positives
wwwshhualiangcom,16,0,0,0,,,KEEP,no measured false positives
wwwshijiekswcom,15,0,0,0,,,KEEP,no measured false positives
wwwshjintingcom,15,0,0,0,,,KEEP,no measured false positives
wwwshmatongcom,14,0,0,0,,,KEEP,no measured false positives
wwwshoujijhcom,14,0,0,0,,,KEEP,no measured false positives
wwwshoulieqiangcom,18,0,0,0,,,KEEP,no measured false positives
wwwshuaitongwangorg,19,0,0,0,,,KEEP,no measured false positives
wwwshuangliyecom,16,0,0,0,,,KEEP,no measured false positives
wwwshubaoercom,14,0,0,0,,,KEEP,no measured false positives
wwwshunvzhijiadsjcom,20,0,0,0,,,KEEP,no measured false positives
wwwshxlchpfcom,14,0,0,0,,,KEEP,no measured false positives
wwwshyizhecom,13,0,0,0,,,KEEP,no measured false positives
wwwshysbjcom,12,0,0,0,,,KEEP,no measured false positives
wwwsicomercioalagoinhascom,26,0,0,0,,,KEEP,no measured false positives
wwwsiksparty,12,0,0,0,,,KEEP,no measured false positives
wwwsioqlwcn,11,0,0,0,,,KEEP,no measured false positives
wwwsisevodcom,13,0,0,0,,,KEEP,no measured false positives
wwwsjpyccom,11,0,0,0,,,KEEP,no measured false positives
wwwsjpyscom,11,0,0,0,,,KEEP,no measured false positives
wwwsjxgycom,11,0,0,0,,,KEEP,no measured false positives
wwwsjzcdwcom,12,0,0,0,,,KEEP,no measured false positives
wwwskwydcn,10,0,0,0,,,KEEP,no measured false positives
wwwskypjcom,11,0,0,0,,,KEEP,no measured false positives
wwwsleepygirlsbbscom,20,0,0,0,,,KEEP,no measured false positives
wwwsmspcom,10,0,0,0,,,KEEP,no measured false positives
wwwsnbearingcom,15,0,0,0,,,KEEP,no measured false positives
wwwsomseocom,12,0,0,0,,,KEEP,no measured false positives
wwwspcoedcn,11,0,0,0,,,KEEP,no measured false positives
wwwspicybunniescom,18,0,0,0,,,KEEP,no measured false positives
wwwspjhmgjlbgjcom,17,0,0,0,,,KEEP,no measured false positives
wwwsplashporncom,16,0,0,0,,,KEEP,no measured false positives
wwwsqjhmmcn,11,0,0,0,,,KEEP,no measured false positives
wwwsqzlysnet,12,0,0,0,,,KEEP,no measured false positives
wwwsrwhwcom,11,0,0,0,,,KEEP,no measured false positives
wwwsshklscience,15,0,0,0,,,KEEP,no measured false positives
wwwsshxincom,12,0,0,0,,,KEEP,no measured false positives
wwwsssbtcom,11,0,0,0,,,KEEP,no measured false positives
wwwsstdfxyz,11,0,0,0,,,KEEP,no measured false positives
wwwsszgxcomcn,13,0,0,0,,,KEEP,no measured false positives
wwwstartskcom,13,0,0,0,,,KEEP,no measured false positives
wwwstwnpaccn,12,0,0,0,,,KEEP,no measured false positives
wwwsuhzlcn,10,0,0,0,,,KEEP,no measured false positives
wwwsuibotechcom,15,0,0,0,,,KEEP,no measured false positives
wwwsungetpowercom,17,0,0,0,,,KEEP,no measured false positives
wwwsvyssfcom,12,0,0,0,,,KEEP,no measured false positives
wwwswifindcom,13,0,0,0,,,KEEP,no measured false positives
wwwswitchpowernet,17,0,0,0,,,KEEP,no measured false positives
wwwsxybeddingcom,16,0,0,0,,,KEEP,no measured false positives
wwwsyartcc,10,0,0,0,,,KEEP,no measured false positives
wwwsyhworgcn,12,0,0,0,,,KEEP,no measured false positives
wwwsyushcom,11,0,0,0,,,KEEP,no measured false positives
wwwszcbtcom,11,0,0,0,,,KEEP,no measured false positives
wwwszmlxscom,12,0,0,0,,,KEEP,no measured false positives
wwwszmotherscom,15,0,0,0,,,KEEP,no measured false positives
wwwsztinmecom,13,0,0,0,,,KEEP,no measured false positives
wwwszxbhscom,12,0,0,0,,,KEEP,no measured false positives
wwwszyjrbjcom,13,0,0,0,,,KEEP,no measured false positives
wwwszzhenqinet,14,0,0,0,,,KEEP,no measured false positives
wwwtahimaccn,12,0,0,0,,,KEEP,no measured false positives
wwwtaitailucom,14,0,0,0,,,KEEP,no measured false positives
wwwtaohuazucom,14,0,0,0,,,KEEP,no measured false positives
wwwtaqulebiz,12,0,0,0,,,KEEP,no measured false positives
wwwtbazuxcn,11,0,0,0,,,KEEP,no measured false positives
wwwtdcqaaccn,12,0,0,0,,,KEEP,no measured false positives
wwwtengkaibaodaicom,19,0,0,0,,,KEEP,no measured false positives
wwwtfrzaccn,11,0,0,0,,,KEEP,no measured false positives
wwwthegaoxiaocom,16,0,0,0,,,KEEP,no measured false positives
wwwtheomegaprojectorg,21,0,0,0,,,KEEP,no measured false positives
wwwtianjiadancom,16,0,0,0,,,KEEP,no measured false positives
wwwtiantangbbscom,17,0,0,0,,,KEEP,no measured false positives
wwwtidtcc,9,0,0,0,,,KEEP,no measured false positives
wwwtijhrgwescience,18,0,0,0,,,KEEP,no measured false positives
wwwtimelysoftcom,16,0,0,0,,,KEEP,no measured false positives
wwwtiqusecom,12,0,0,0,,,KEEP,no measured false positives
wwwtjabjcn,10,0,0,0,,,KEEP,no measured false positives
wwwtjqcwlcom,12,0,0,0,,,KEEP,no measured false positives
wwwtjywmaccn,12,0,0,0,,,KEEP,no measured false positives
wwwtkhbsaccn,12,0,0,0,,,KEEP,no measured false positives
wwwtlgdjjcom,12,0,0,0,,,KEEP,no measured false positives
wwwtlthcn,9,0,0,0,,,KEEP,no measured false positives
wwwtmnjhfwebcam,15,0,0,0,,,KEEP,no measured false positives
wwwtmtxwtrcn,12,0,0,0,,,KEEP,no measured false positives
wwwtnalscom,11,0,0,0,,,KEEP,no measured false positives
wwwtonghuawlcom,15,0,0,0,,,KEEP,no measured false positives
wwwtongliaonongziwangcom,24,0,0,0,,,KEEP,no measured false positives
wwwtopotoolscn,14,0,0,0,,,KEEP,no measured false positives
wwwtorrentyescom,16,0,0,0,,,KEEP,no measured false positives
wwwtradekeychinacomcn,21,0,0,0,,,KEEP,no measured false positives
wwwtsdrxaccn,12,0,0,0,,,KEEP,no measured false positives
wwwtsezonghecom,15,0,0,0,,,KEEP,no measured false positives
wwwttcnuorg,11,0,0,0,,,KEEP,no measured false positives
wwwttuytaccn,12,0,0,0,,,KEEP,no measured false positives
wwwtuaxfaccn,12,0,0,0,,,KEEP,no measured false positives
wwwtumawangcom,14,0,0,0,,,KEEP,no measured false positives
wwwtuzhiliancom,15,0,0,0,,,KEEP,no measured false positives
wwwtwchungcom,13,0,0,0,,,KEEP,no measured false positives
wwwtwzpswcom,12,0,0,0,,,KEEP,no measured false positives
wwwtybbccn,10,0,0,0,,,KEEP,no measured false positives
wwwtycylctopcom,15,0,0,0,,,KEEP,no measured false positives
wwwtydlougscom,14,0,0,0,,,KEEP,no measured false positives
wwwtyhcmcom,11,0,0,0,,,KEEP,no measured false positives
wwwtylucc,9,0,0,0,,,KEEP,no measured false positives
wwwufqqxjscience,16,0,0,0,,,KEEP,no measured false positives
wwwulsraccn,11,0,0,0,,,KEEP,no measured false positives
wwwuqsokscience,15,0,0,0,,,KEEP,no measured false positives
wwwuqvuhevrcn,13,0,0,0,,,KEEP,no measured false positives
wwwurkwgparty,13,0,0,0,,,KEEP,no measured false positives
wwwusbbjcom,11,0,0,0,,,KEEP,no measured false positives
wwwutwwxcn,10,0,0,0,,,KEEP,no measured false positives
wwwuuftmscience,15,0,0,0,,,KEEP,no measured false positives
wwwuuiuzaccn,12,0,0,0,,,KEEP,no measured false positives
wwwuunmgamecom,14,0,0,0,,,KEEP,no measured false positives
wwwuwgzyecom,12,0,0,0,,,KEEP,no measured false positives
wwwuwthtaccn,12,0,0,0,,,KEEP,no measured false positives
wwwuziooqcn,11,0,0,0,,,KEEP,no measured false positives
wwwvastwondercomcn,18,0,0,0,,,KEEP,no measured false positives
wwwvbvldaccn,12,0,0,0,,,KEEP,no measured false positives
wwwvcgcgaccn,12,0,0,0,,,KEEP,no measured false positives
wwwvdcekbaccn,13,0,0,0,,,KEEP,no measured false positives
wwwvddrdcom,11,0,0,0,,,KEEP,no measured false positives
wwwvdnniqcn,11,0,0,0,,,KEEP,no measured false positives
wwwvdusqfcn,11,0,0,0,,,KEEP,no measured false positives
wwwverismartcn,14,0,0,0,,,KEEP,no measured false positives
wwwvfanaccn,11,0,0,0,,,KEEP,no measured false positives
wwwvhegzgacn,12,0,0,0,,,KEEP,no measured false positives
wwwvhfnsaccn,12,0,0,0,,,KEEP,no measured false positives
wwwvhkxtscience,15,0,0,0,,,KEEP,no measured false positives
wwwvipcaipiaonet,16,0,0,0,,,KEEP,no measured false positives
wwwvipcpwnet,12,0,0,0,,,KEEP,no measured false positives
wwwvipfulieglscom,17,0,0,0,,,KEEP,no measured false positives
wwwvlhpparty,12,0,0,0,,,KEEP,no measured false positives
wwwvlnfscom,11,0,0,0,,,KEEP,no measured false positives
wwwvlnhjcom,11,0,0,0,,,KEEP,no measured false positives
wwwvrasiedocom,14,0,0,0,,,KEEP,no measured false positives
wwwvrcwzaccn,12,0,0,0,,,KEEP,no measured false positives
wwwvrrdittcn,12,0,0,0,,,KEEP,no measured false positives
wwwvsdzxscience,15,0,0,0,,,KEEP,no measured false positives
wwwvveehcom,11,0,0,0,,,KEEP,no measured false positives
wwwvvtorcom,11,0,0,0,,,KEEP,no measured false positives
wwwvxhozcom,11,0,0,0,,,KEEP,no measured false positives
wwwvxqlidcn,11,0,0,0,,,KEEP,no measured false positives
wwwvypgaccn,11,0,0,0,,,KEEP,no measured false positives
wwww,4,0,0,0,,,KEEP,no measured false positives
wwwwancaiwangcom,16,0,0,0,,,KEEP,no measured false positives
wwwwangluoduboyouxiwangzhancom,30,0,0,0,,,KEEP,no measured false positives
wwwwauilecom,12,0,0,0,,,KEEP,no measured false positives
wwwwaxszcom,11,0,0,0,,,KEEP,no measured false positives
wwwwcjlbinfo,12,0,0,0,,,KEEP,no measured false positives
wwwwdhhparty,12,0,0,0,,,KEEP,no measured false positives
wwwwduwqaccn,12,0,0,0,,,KEEP,no measured false positives
wwwwenzainet,12,0,0,0,,,KEEP,no measured false positives
wwwwhcfykjcn,12,0,0,0,,,KEEP,no measured false positives
wwwwhigoldcom,13,0,0,0,,,KEEP,no measured false positives
wwwwhwhjtcom,12,0,0,0,,,KEEP,no measured false positives
wwwwinbodogcom,14,0,0,0,,,KEEP,no measured false positives
wwwwjcnxaccn,12,0,0,0,,,KEEP,no measured false positives
wwwwjgsmgycom,13,0,0,0,,,KEEP,no measured false positives
wwwwjygjcom,11,0,0,0,,,KEEP,no measured false positives
wwwwkpancom,11,0,0,0,,,KEEP,no measured false positives
wwwwlyxwbcom,12,0,0,0,,,KEEP,no measured false positives
wwwwnkmyparty,13,0,0,0,,,KEEP,no measured false positives
wwwwokanpiancom,15,0,0,0,,,KEEP,no measured false positives
wwwwonshinecom,14,0,0,0,,,KEEP,no measured false positives
wwwworibicom,12,0,0,0,,,KEEP,no measured false positives
wwwwoshirencaicomcn,19,0,0,0,,,KEEP,no measured false positives
wwwwoyaodgcom,13,0,0,0,,,KEEP,no measured false positives
wwwwsbqrecn,11,0,0,0,,,KEEP,no measured false positives
wwwwshejiujiucom,16,0,0,0,,,KEEP,no measured false positives
wwwwsvmqnciencescience,22,0,0,0,,,KEEP,no measured false positives
wwwwubangdacom,14,0,0,0,,,KEEP,no measured false positives
wwwwujingbingcom,16,0,0,0,,,KEEP,no measured false positives
wwwwushisecom,13,0,0,0,,,KEEP,no measured false positives
wwwwuxinghonghuinet,19,0,0,0,,,KEEP,no measured false positives
wwwwvxxarcom,12,0,0,0,,,KEEP,no measured false positives
wwwwwrssaccn,12,0,0,0,,,KEEP,no measured false positives
wwwwwwsexiaojiecom,18,0,0,0,,,KEEP,no measured false positives
wwwwwwyyucom,12,0,0,0,,,KEEP,no measured false positives
wwwwxseccom,11,0,0,0,,,KEEP,no measured false positives
wwwwxxsgjcom,12,0,0,0,,,KEEP,no measured false positives
wwwwysellcom,12,0,0,0,,,KEEP,no measured false positives
wwwwyxxsxnet,12,0,0,0,,,KEEP,no measured false positives
wwwwzribboncomcn,16,0,0,0,,,KEEP,no measured false positives
wwwwzrpaccn,11,0,0,0,,,KEEP,no measured false positives
wwwxaieyucom,12,0,0,0,,,KEEP,no measured false positives
wwwxanepwcn,11,0,0,0,,,KEEP,no measured false positives
wwwxaohcn,9,0,0,0,,,KEEP,no measured false positives
wwwxclavus,10,0,0,0,,,KEEP,no measured false positives
wwwxcsscnet,11,0,0,0,,,KEEP,no measured false positives
wwwxcvasscience,15,0,0,0,,,KEEP,no measured false positives
wwwxcvvsscience,15,0,0,0,,,KEEP,no measured false positives
wwwxdmuoscience,15,0,0,0,,,KEEP,no measured false positives
wwwxdtfsbcom,12,0,0,0,,,KEEP,no measured false positives
wwwxejrhaccn,12,0,0,0,,,KEEP,no measured false positives
wwwxfavodcom,12,0,0,0,,,KEEP,no measured false positives
wwwxfdhcc,9,0,0,0,,,KEEP,no measured false positives
wwwxfgcwaccn,12,0,0,0,,,KEEP,no measured false positives
wwwxfplayinfo,13,0,0,0,,,KEEP,no measured false positives
wwwxhallvscience,16,0,0,0,,,KEEP,no measured false positives
wwwxiaavyinnicom,16,0,0,0,,,KEEP,no measured false positives
wwwxiangjiaotvcom,17,0,0,0,,,KEEP,no measured false positives
wwwxiangshengqpcom,18,0,0,0,,,KEEP,no measured false positives
wwwxianzhinetcn,15,0,0,0,,,KEEP,no measured false positives
wwwxiaogangzycom,16,0,0,0,,,KEEP,no measured false positives
wwwxiaozidhinfo,15,0,0,0,,,KEEP,no measured false positives
wwwxieheus,10,0,0,0,,,KEEP,no measured false positives
wwwxiexiaojicom,15,0,0,0,,,KEEP,no measured false positives
wwwxilptcom,11,0,0,0,,,KEEP,no measured false positives
wwwximenpw,10,0,0,0,,,KEEP,no measured false positives
wwwxindabyzcom,14,0,0,0,,,KEEP,no measured false positives
wwwxindeeecom,13,0,0,0,,,KEEP,no measured false positives
wwwxingdagjcom,14,0,0,0,,,KEEP,no measured false positives
wwwxingdazjcom,14,0,0,0,,,KEEP,no measured false positives
wwwxingdicncom,14,0,0,0,,,KEEP,no measured false positives
wwwxingxxxcom,13,0,0,0,,,KEEP,no measured false positives
wwwxinhejucaishuilijixiecom,27,0,0,0,,,KEEP,no measured false positives
wwwxintaibetcom,15,0,0,0,,,KEEP,no measured false positives
wwwxintangxiangcom,18,0,0,0,,,KEEP,no measured false positives
wwwxinxinjzcom,14,0,0,0,,,KEEP,no measured false positives
wwwxinykmcom,12,0,0,0,,,KEEP,no measured false positives
wwwxinyoujizzcom,16,0,0,0,,,KEEP,no measured false positives
wwwxiujbcom,11,0,0,0,,,KEEP,no measured false positives
wwwxiurenorg,12,0,0,0,,,KEEP,no measured false positives
wwwxixilude,11,0,0,0,,,KEEP,no measured false positives
wwwxjjbpcom,11,0,0,0,,,KEEP,no measured false positives
wwwxjmxjlcn,11,0,0,0,,,KEEP,no measured false positives
wwwxjnqpgbrcom,14,0,0,0,,,KEEP,no measured false positives
wwwxlfhstcom,12,0,0,0,,,KEEP,no measured false positives
wwwxlmzhaccn,12,0,0,0,,,KEEP,no measured false positives
wwwxmctlubecom,14,0,0,0,,,KEEP,no measured false positives
wwwxmfmtxcom,12,0,0,0,,,KEEP,no measured false positives
wwwxmhwrscom,12,0,0,0,,,KEEP,no measured false positives
wwwxmkoaccn,11,0,0,0,,,KEEP,no measured false positives
wwwxnsjsocom,12,0,0,0,,,KEEP,no measured false positives
wwwxnxbparty,12,0,0,0,,,KEEP,no measured false positives
wwwxqdggcn,10,0,0,0,,,KEEP,no measured false positives
wwwxqlycomcn,12,0,0,0,,,KEEP,no measured false positives
wwwxrhdljtcom,13,0,0,0,,,KEEP,no measured false positives
wwwxrmoscomcn,13,0,0,0,,,KEEP,no measured false positives
wwwxrxogscience,15,0,0,0,,,KEEP,no measured false positives
wwwxshanlicom,13,0,0,0,,,KEEP,no measured false positives
wwwxshequcc,11,0,0,0,,,KEEP,no measured false positives
wwwxsiliconecom,15,0,0,0,,,KEEP,no measured false positives
wwwxtobeaccn,12,0,0,0,,,KEEP,no measured false positives
wwwxttbaaccn,12,0,0,0,,,KEEP,no measured false positives
wwwxtzzyycom,12,0,0,0,,,KEEP,no measured false positives
wwwxuanfumencn,14,0,0,0,,,KEEP,no measured false positives
wwwxugcpaccn,12,0,0,0,,,KEEP,no measured false positives
wwwxumyqaccn,12,0,0,0,,,KEEP,no measured false positives
wwwxunixxcom,12,0,0,0,,,KEEP,no measured false positives
wwwxunsaxcom,12,0,0,0,,,KEEP,no measured false positives
wwwxunshubacom,14,0,0,0,,,KEEP,no measured false positives
wwwxwvvoawcom,13,0,0,0,,,KEEP,no measured false positives
wwwxwyybjcom,12,0,0,0,,,KEEP,no measured false positives
wwwxxlynet,10,0,0,0,,,KEEP,no measured false positives
wwwxxmshcom,11,0,0,0,,,KEEP,no measured false positives
wwwxxmxmcn,10,0,0,0,,,KEEP,no measured false positives
wwwxxxjapanxxx,14,0,0,0,,,KEEP,no measured false positives
wwwxxyhwlcom,12,0,0,0,,,KEEP,no measured false positives
wwwxyfxcomcn,12,0,0,0,,,KEEP,no measured false positives
wwwxyydposcom,13,0,0,0,,,KEEP,no measured false positives
wwwyabdldcn,11,0,0,0,,,KEEP,no measured false positives
wwwyaboisccom,13,0,0,0,,,KEEP,no measured false positives
wwwyaenkacom,12,0,0,0,,,KEEP,no measured false positives
wwwyalitemrcom,14,0,0,0,,,KEEP,no measured false positives
wwwyantailiufangcom,19,0,0,0,,,KEEP,no measured false positives
wwwyaoxixicom,13,0,0,0,,,KEEP,no measured false positives
wwwyayoupw,10,0,0,0,,,KEEP,no measured false positives
wwwyddcqsnet,12,0,0,0,,,KEEP,no measured false positives
wwwydgoujiylcccom,17,0,0,0,,,KEEP,no measured false positives
wwwydhephcn,11,0,0,0,,,KEEP,no measured false positives
wwwyeammpcn,11,0,0,0,,,KEEP,no measured false positives
wwwyenvlangcom,14,0,0,0,,,KEEP,no measured false positives
wwwyeyeaocom,12,0,0,0,,,KEEP,no measured false positives
wwwyeyefcom,11,0,0,0,,,KEEP,no measured false positives
wwwyeyeluapw,12,0,0,0,,,KEEP,no measured false positives
wwwyeyeluwangcomcn,18,0,0,0,,,KEEP,no measured false positives
wwwyeyeluxcom,13,0,0,0,,,KEEP,no measured false positives
wwwyeyeqicom,12,0,0,0,,,KEEP,no measured false positives
wwwyeyeriicom,13,0,0,0,,,KEEP,no measured false positives
wwwyeyesebcom,13,0,0,0,,,KEEP,no measured false positives
wwwyhangmcom,12,0,0,0,,,KEEP,no measured false positives
wwwyhczexpocom,14,0,0,0,,,KEEP,no measured false positives
wwwyhkhxespcom,14,0,0,0,,,KEEP,no measured false positives
wwwyhqtzcom,11,0,0,0,,,KEEP,no measured false positives
wwwyhztorg,10,0,0,0,,,KEEP,no measured false positives
wwwyichengcomcn,15,0,0,0,,,KEEP,no measured false positives
wwwyingzhengartscom,19,0,0,0,,,KEEP,no measured false positives
wwwyinhaofzcom,14,0,0,0,,,KEEP,no measured false positives
wwwyinheqqqcom,14,0,0,0,,,KEEP,no measured false positives
wwwyinserenqizxcom,18,0,0,0,,,KEEP,no measured false positives
wwwyinsexcom,12,0,0,0,,,KEEP,no measured false positives
wwwyinxiaojiecom,16,0,0,0,,,KEEP,no measured false positives
wwwyitongtycom,14,0,0,0,,,KEEP,no measured false positives
wwwyiyaccom,11,0,0,0,,,KEEP,no measured false positives
wwwyiyiyxcom,12,0,0,0,,,KEEP,no measured false positives
wwwyjxdwcom,11,0,0,0,,,KEEP,no measured false positives
wwwykjingqingbacom,18,0,0,0,,,KEEP,no measured false positives
wwwylgbtinfo,12,0,0,0,,,KEEP,no measured false positives
wwwylteamcn,11,0,0,0,,,KEEP,no measured false positives
wwwymeqrhcom,12,0,0,0,,,KEEP,no measured false positives
wwwymmttcom,11,0,0,0,,,KEEP,no measured false positives
wwwyngreennet,13,0,0,0,,,KEEP,no measured false positives
wwwynkygcomcn,13,0,0,0,,,KEEP,no measured false positives
wwwynnbpyecn,12,0,0,0,,,KEEP,no measured false positives
wwwyoeeycom,11,0,0,0,,,KEEP,no measured false positives
wwwyoemparty,12,0,0,0,,,KEEP,no measured false positives
wwwyongoucom,12,0,0,0,,,KEEP,no measured false positives
wwwyouhaohpcom,14,0,0,0,,,KEEP,no measured false positives
wwwyoujjzzcom,13,0,0,0,,,KEEP,no measured false positives
wwwyounvavcom,13,0,0,0,,,KEEP,no measured false positives
wwwyourdirtymindcom,19,0,0,0,,,KEEP,no measured false positives
wwwyourenticom,14,0,0,0,,,KEEP,no measured false positives
wwwyouxivnscom,14,0,0,0,,,KEEP,no measured false positives
wwwyouyginfo,12,0,0,0,,,KEEP,no measured false positives
wwwysilsctcom,13,0,0,0,,,KEEP,no measured false positives
wwwytjazwcn,11,0,0,0,,,KEEP,no measured false positives
wwwyttzqaxyz,12,0,0,0,,,KEEP,no measured false positives
wwwytvbpscience,15,0,0,0,,,KEEP,no measured false positives
wwwytyinhucom,13,0,0,0,,,KEEP,no measured false positives
wwwyuanquanqkcom,16,0,0,0,,,KEEP,no measured false positives
wwwyuekaizbcom,14,0,0,0,,,KEEP,no measured false positives
wwwyuxunsdcom,13,0,0,0,,,KEEP,no measured false positives
wwwyuxxsrscom,13,0,0,0,,,KEEP,no measured false positives
wwwywdjspcom,12,0,0,0,,,KEEP,no measured false positives
wwwywzykzcom,12,0,0,0,,,KEEP,no measured false positives
wwwyxnpccom,11,0,0,0,,,KEEP,no measured false positives
wwwyyxfplaycc,13,0,0,0,,,KEEP,no measured false positives
wwwyyzmlawcom,13,0,0,0,,,KEEP,no measured false positives
wwwyzbzyscom,12,0,0,0,,,KEEP,no measured false positives
wwwyzslzpcn,11,0,0,0,,,KEEP,no measured false positives
wwwyzzramwsdcecom,17,0,0,0,,,KEEP,no measured false positives
wwwzanqulume,12,0,0,0,,,KEEP,no measured false positives
wwwzbfdzscience,15,0,0,0,,,KEEP,no measured false positives
wwwzbfphscom,12,0,0,0,,,KEEP,no measured false positives
wwwzbjingyecom,14,0,0,0,,,KEEP,no measured false positives
wwwzbrgycom,11,0,0,0,,,KEEP,no measured false positives
wwwzcejsaccn,12,0,0,0,,,KEEP,no measured false positives
wwwzdyyjscom,12,0,0,0,,,KEEP,no measured false positives
wwwzdyzhnet,11,0,0,0,,,KEEP,no measured false positives
wwwzelfvocom,12,0,0,0,,,KEEP,no measured false positives
wwwzfffparty,12,0,0,0,,,KEEP,no measured false positives
wwwzfmjaaccn,12,0,0,0,,,KEEP,no measured false positives
wwwzfosscom,11,0,0,0,,,KEEP,no measured false positives
wwwzgddgjcom,12,0,0,0,,,KEEP,no measured false positives
wwwzgdjpfcom,12,0,0,0,,,KEEP,no measured false positives
wwwzgdshscom,12,0,0,0,,,KEEP,no measured false positives
wwwzhaoflnet,12,0,0,0,,,KEEP,no measured false positives
wwwzhejaiyangbencom,19,0,0,0,,,KEEP,no measured false positives
wwwzhejiangbaoyangnet,21,0,0,0,,,KEEP,no measured false positives
wwwzhejwcom,11,0,0,0,,,KEEP,no measured false positives
wwwzhejwinfo,12,0,0,0,,,KEEP,no measured false positives
wwwzhenhaobbscom,16,0,0,0,,,KEEP,no measured false positives
wwwzhenpaicom,13,0,0,0,,,KEEP,no measured false positives
wwwzhiboavinfo,14,0,0,0,,,KEEP,no measured false positives
wwwzhibokaninfo,15,0,0,0,,,KEEP,no measured false positives
wwwzhiboluinfo,14,0,0,0,,,KEEP,no measured false positives
wwwzhiboxxx,11,0,0,0,,,KEEP,no measured false positives
wwwzhijielucom,14,0,0,0,,,KEEP,no measured false positives
wwwzhiyicmmcn,13,0,0,0,,,KEEP,no measured false positives
wwwzhonggdaojianwangcom,23,0,0,0,,,KEEP,no measured false positives
wwwzhongningyycom,17,0,0,0,,,KEEP,no measured false positives
wwwzhongtianhuwainet,20,0,0,0,,,KEEP,no measured false positives
wwwzhongwenzaixiancom,21,0,0,0,,,KEEP,no measured false positives
wwwzhswgccom,12,0,0,0,,,KEEP,no measured false positives
wwwzhtftcn,10,0,0,0,,,KEEP,no measured false positives
wwwzhuanyelubiz,15,0,0,0,,,KEEP,no measured false positives
wwwzhuanyelucom,15,0,0,0,,,KEEP,no measured false positives
wwwzhuanyenucc,14,0,0,0,,,KEEP,no measured false positives
wwwzhubujiecn,13,0,0,0,,,KEEP,no measured false positives
wwwzhuchichaxuncom,18,0,0,0,,,KEEP,no measured false positives
wwwzhulunetcn,13,0,0,0,,,KEEP,no measured false positives
wwwzhxvparty,12,0,0,0,,,KEEP,no measured false positives
wwwzibochenbaocn,16,0,0,0,,,KEEP,no measured false positives
wwwzjdihengcom,14,0,0,0,,,KEEP,no measured false positives
wwwzjgagrcn,11,0,0,0,,,KEEP,no measured false positives
wwwzjhczzcom,12,0,0,0,,,KEEP,no measured false positives
wwwzjmhtxcom,12,0,0,0,,,KEEP,no measured false positives
wwwzjpalletcom,14,0,0,0,,,KEEP,no measured false positives
wwwzjsmicn,10,0,0,0,,,KEEP,no measured false positives
wwwzjtnzrcom,12,0,0,0,,,KEEP,no measured false positives
wwwzkhvnencom,13,0,0,0,,,KEEP,no measured false positives
wwwzlei,7,0,0,0,,,KEEP,no measured false positives
wwwzljzclcom,12,0,0,0,,,KEEP,no measured false positives
wwwzlygwfcom,12,0,0,0,,,KEEP,no measured false positives
wwwzmqikancom,13,0,0,0,,,KEEP,no measured false positives
wwwzodgamenet,13,0,0,0,,,KEEP,no measured false positives
wwwzodgameorg,13,0,0,0,,,KEEP,no measured false positives
wwwzongjunkejicom,17,0,0,0,,,KEEP,no measured false positives
wwwzopuucom,11,0,0,0,,,KEEP,no measured false positives
wwwzousuncomcn,14,0,0,0,,,KEEP,no measured false positives
wwwzpfnkaccn,12,0,0,0,,,KEEP,no measured false positives
wwwzqxcfcom,11,0,0,0,,,KEEP,no measured false positives
wwwzqzjhwzcom,13,0,0,0,,,KEEP,no measured false positives
wwwzreancn,10,0,0,0,,,KEEP,no measured false positives
wwwzsschoolcom,14,0,0,0,,,KEEP,no measured false positives
wwwzsyxhdcn,11,0,0,0,,,KEEP,no measured false positives
wwwztbaowencom,14,0,0,0,,,KEEP,no measured false positives
wwwzuipinjucom,14,0,0,0,,,KEEP,no measured false positives
wwwzungeicom,12,0,0,0,,,KEEP,no measured false positives
wwwzunhuangtouzicom,19,0,0,0,,,KEEP,no measured false positives
wwwzuqwcaccn,12,0,0,0,,,KEEP,no measured false positives
wwwzvdsfvscience,16,0,0,0,,,KEEP,no measured false positives
wwwzvvdfvscience,16,0,0,0,,,KEEP,no measured false positives
wwwzwiqdaccn,12,0,0,0,,,KEEP,no measured false positives
wwwzxkakucn,11,0,0,0,,,KEEP,no measured false positives
wwwzxssnet,10,0,0,0,,,KEEP,no measured false positives
wwwzytimescom,13,0,0,0,,,KEEP,no measured false positives
wwwzyvipparty,13,0,0,0,,,KEEP,no measured false positives
wwwzyystucom,12,0,0,0,,,KEEP,no measured false positives
wwwzzdpparty,12,0,0,0,,,KEEP,no measured false positives
wwwzzjiuhuocom,14,0,0,0,,,KEEP,no measured false positives
wwwzzjxjzcom,12,0,0,0,,,KEEP,no measured false positives
wwwzzprwpw,10,0,0,0,,,KEEP,no measured false positives
wxwoertecom,11,0,0,0,,,KEEP,no measured false positives
wyvqicn,7,0,0,0,,,KEEP,no measured false positives
wyyjbjccomcn,12,0,0,0,,,KEEP,no measured false positives
xadclmcom,9,0,0,0,,,KEEP,no measured false positives
xaymchcom,9,0,0,0,,,KEEP,no measured false positives
xbampw,6,0,0,0,,,KEEP,no measured false positives
xbxfrvscience,13,0,0,0,,,KEEP,no measured false positives
xcwpevcn,8,0,0,0,,,KEEP,no measured false positives
xdd,3,0,0,0,,,KEEP,no measured false positives
xdfdoorcn,9,0,0,0,,,KEEP,no measured false positives
xdnseu,6,0,0,0,,,KEEP,no measured false positives
xeeglkzcom,10,0,0,0,,,KEEP,no measured false positives
xerphocom,9,0,0,0,,,KEEP,no measured false positives
xfavcc,6,0,0,0,,,KEEP,no measured false positives
xflafcom,8,0,0,0,,,KEEP,no measured false positives
xfxegdcn,8,0,0,0,,,KEEP,no measured false positives
xfxypw,6,0,0,0,,,KEEP,no measured false positives
xhamsterbestcom,15,0,0,0,,,KEEP,no measured false positives
xianfa,6,0,0,0,,,KEEP,no measured false positives
xiaoqinzaixiancn,16,0,0,0,,,KEEP,no measured false positives
xiaoseguidhcom,14,0,0,0,,,KEEP,no measured false positives
xiaoselcom,10,0,0,0,,,KEEP,no measured false positives
xibaibai,8,0,0,0,,,KEEP,no measured false positives
xibeiganencom,13,0,0,0,,,KEEP,no measured false positives
xibobo,6,0,0,0,,,KEEP,no measured false positives
xidada,6,0,0,0,,,KEEP,no measured false positives
xijingpin,9,0,0,0,,,KEEP,no measured false positives
xijingping,10,0,0,0,,,KEEP,no measured false positives
xijinpin,8,0,0,0,,,KEEP,no measured false positives
xijinping,9,0,0,0,,,KEEP,no measured false positives
xijp,4,0,0,0,,,KEEP,no measured false positives
xingbadizhicom,14,0,0,0,,,KEEP,no measured false positives
xinguan,7,0,0,0,,,KEEP,no measured false positives
xinguijrcom,11,0,0,0,,,KEEP,no measured false positives
xingyuanljcom,13,0,0,0,,,KEEP,no measured false positives
xingyyycom,10,0,0,0,,,KEEP,no measured false positives
xinjinping,10,0,0,0,,,KEEP,no measured false positives
xinsheng,8,0,0,0,,,KEEP,no measured false positives
xinyuliu,8,0,0,0,,,KEEP,no measured false positives
xipin,5,0,0,0,,,KEEP,no measured false positives
xiping,6,0,0,0,,,KEEP,no measured false positives
xipingjin,9,0,0,0,,,KEEP,no measured false positives
xipingjing,10,0,0,0,,,KEEP,no measured false positives
xipinjin,8,0,0,0,,,KEEP,no measured false positives
xipinjing,9,0,0,0,,,KEEP,no measured false positives
xiuaucn,7,0,0,0,,,KEEP,no measured false positives
xiweini,7,0,0,0,,,KEEP,no measured false positives
xixiseorg,9,0,0,0,,,KEEP,no measured false positives
xiybcitytl,10,0,0,0,,,KEEP,no measured false positives
xizhousheng,11,0,0,0,,,KEEP,no measured false positives
xizhuxi,7,0,0,0,,,KEEP,no measured false positives
xjp,3,0,0,0,,,KEEP,no measured false positives
xjplwpqcom,10,0,0,0,,,KEEP,no measured false positives
xmiizcom,8,0,0,0,,,KEEP,no measured false positives
xmmavcom,8,0,0,0,,,KEEP,no measured false positives
xmtongtcom,10,0,0,0,,,KEEP,no measured false positives
xmxyljdcom,10,0,0,0,,,KEEP,no measured false positives
xpscnvcom,9,0,0,0,,,KEEP,no measured false positives
xqwlcn,6,0,0,0,,,KEEP,no measured false positives
xsegeacom,9,0,0,0,,,KEEP,no measured false positives
xtmucc,6,0,0,0,,,KEEP,no measured false positives
xvideo,6,0,0,0,,,KEEP,no measured false positives
xwgwryaocl,10,0,0,0,,,KEEP,no measured false positives
xxoo,4,0,0,0,,,KEEP,no measured false positives
xxpcpubcom,10,0,0,0,,,KEEP,no measured false positives
xxs,3,0,0,0,,,KEEP,no measured false positives
xyfmodelcom,11,0,0,0,,,KEEP,no measured false positives
xyxghcom,8,0,0,0,,,KEEP,no measured false positives
xzhudycom,9,0,0,0,,,KEEP,no measured false positives
yadibcn,7,0,0,0,,,KEEP,no measured false positives
yaepkewscience,14,0,0,0,,,KEEP,no measured false positives
yamade,6,0,0,0,,,KEEP,no measured false positives
yangchunjucom,13,0,0,0,,,KEEP,no measured false positives
yangjianli,10,0,0,0,,,KEEP,no measured false positives
yanyonghaocom,13,0,0,0,,,KEEP,no measured false positives
yarvisyu,8,0,0,0,,,KEEP,no measured false positives
yazhouzaixiancom,16,0,0,0,,,KEEP,no measured false positives
ybbfsyjcom,10,0,0,0,,,KEEP,no measured false positives
ybkszxcom,9,0,0,0,,,KEEP,no measured false positives
yckoicom,8,0,0,0,,,KEEP,no measured false positives
yegqrhcom,9,0,0,0,,,KEEP,no measured false positives
yellowbelly,11,0,0,0,,,KEEP,no measured false positives
yellowperil,11,0,0,0,,,KEEP,no measured false positives
yeswmcom,8,0,0,0,,,KEEP,no measured false positives
yfcouaccn,9,0,0,0,,,KEEP,no measured false positives
ygeninfmcxbcom,14,0,0,0,,,KEEP,no measured false positives
yibeichain,10,0,0,0,,,KEEP,no measured false positives
yifaguojibaijialecom,20,0,0,0,,,KEEP,no measured false positives
yikuyiku,8,0,0,0,,,KEEP,no measured false positives
yilecaicom,10,0,0,0,,,KEEP,no measured false positives
yimishangcom,12,0,0,0,,,KEEP,no measured false positives
yiyii,5,0,0,0,,,KEEP,no measured false positives
ykmagiccom,10,0,0,0,,,KEEP,no measured false positives
ykwiaccn,8,0,0,0,,,KEEP,no measured false positives
ymeidiecom,10,0,0,0,,,KEEP,no measured false positives
ymnclubcom,10,0,0,0,,,KEEP,no measured false positives
yougoucvlldfscom,16,0,0,0,,,KEEP,no measured false positives
youjizzlivecom,14,0,0,0,,,KEEP,no measured false positives
youtube,7,0,0,0,,,KEEP,no measured false positives
ysfinncom,9,0,0,0,,,KEEP,no measured false positives
ysilsctcom,10,0,0,0,,,KEEP,no measured false positives
yuanfenonlinecom,16,0,0,0,,,KEEP,no measured false positives
yuanxingecom,12,0,0,0,,,KEEP,no measured false positives
yufengzixuncom,14,0,0,0,,,KEEP,no measured false positives
yuffdgwecctzjqfcom,18,0,0,0,,,KEEP,no measured false positives
yukihoshino,11,0,0,0,,,KEEP,no measured false positives
yumedga,7,0,0,0,,,KEEP,no measured false positives
yuming,6,0,0,0,,,KEEP,no measured false positives
yuqingshcom,11,0,0,0,,,KEEP,no measured false positives
yuzhengsheng,12,0,0,0,,,KEEP,no measured false positives
yvovrgcom,9,0,0,0,,,KEEP,no measured false positives
yycaobicom,10,0,0,0,,,KEEP,no measured false positives
yyy,3,0,0,0,,,KEEP,no measured false positives
yzgangyuncom,12,0,0,0,,,KEEP,no measured false positives
zaixunet,8,0,0,0,,,KEEP,no measured false positives
zanqulucom,10,0,0,0,,,KEEP,no measured false positives
zbjingcuncom,12,0,0,0,,,KEEP,no measured false positives
zbsdcn,6,0,0,0,,,KEEP,no measured false positives
zdyktnet,8,0,0,0,,,KEEP,no measured false positives
zedong,6,0,0,0,,,KEEP,no measured false positives
zenshanren,10,0,0,0,,,KEEP,no measured false positives
zerovpn,7,0,0,0,,,KEEP,no measured false positives
zgfarmercom,11,0,0,0,,,KEEP,no measured false positives
zhangdejiang,12,0,0,0,,,KEEP,no measured false positives
zhanggaoli,10,0,0,0,,,KEEP,no measured false positives
zhaoleji,8,0,0,0,,,KEEP,no measured false positives
zhaoyueji,9,0,0,0,,,KEEP,no measured false positives
zhedong,7,0,0,0,,,KEEP,no measured false positives
zhengjian,9,0,0,0,,,KEEP,no measured false positives
zhengjianwang,13,0,0,0,,,KEEP,no measured false positives
zhengweiubcn,12,0,0,0,,,KEEP,no measured false positives
zhenshanren,11,0,0,0,,,KEEP,no measured false positives
zhezhelucom,11,0,0,0,,,KEEP,no measured false positives
zhfawjcom,9,0,0,0,,,KEEP,no measured false positives
zhillicomcn,11,0,0,0,,,KEEP,no measured false positives
zhongguo,8,0,0,0,,,KEEP,no measured false positives
zhouen,6,0,0,0,,,KEEP,no measured false positives
zhouenlai,9,0,0,0,,,KEEP,no measured false positives
zhouguosongzacn,15,0,0,0,,,KEEP,no measured false positives
zhuanfalun,10,0,0,0,,,KEEP,no measured false positives
zhuanfalunadmin,15,0,0,0,,,KEEP,no measured false positives
zhugangzun,10,0,0,0,,,KEEP,no measured false positives
zhulubcom,9,0,0,0,,,KEEP,no measured false positives
zhuxinhuapycn,13,0,0,0,,,KEEP,no measured false positives
zipper,6,0,0,0,,,KEEP,no measured false positives
zipperhead,10,0,0,0,,,KEEP,no measured false positives
zjztglcom,9,0,0,0,,,KEEP,no measured false positives
zongshuji,9,0,0,0,,,KEEP,no measured false positives
zouxingtong,11,0,0,0,,,KEEP,no measured false positives
zplashescom,11,0,0,0,,,KEEP,no measured false positives
zqfgkcn,7,0,0,0,,,KEEP,no measured false positives
zqfhclcom,9,0,0,0,,,KEEP,no measured false positives
zrjzhxnrscience,15,0,0,0,,,KEEP,no measured false positives
zsffledcom,10,0,0,0,,,KEEP,no measured false positives
zsplcocn,8,0,0,0,,,KEEP,no measured false positives
ztmazdacom,10,0,0,0,,,KEEP,no measured false positives
zzmysfcom,9,0,0,0,,,KEEP,no measured false positives
zzzxaohcn,9,0,0,0,,,KEEP,no measured false positives
